word1,word2,combined,frequency
೫೫,ಇಷ್ಟೇ,೫೫ೇಷ್ಟೇ,medium
ವಿಚಾರಕ್ಕೆ,ಅಲಂಕಾರಿಕ,ವಿಚಾರಕ್ಕೆಯಲಂಕಾರಿಕ,medium
ದಿಂದ,ಆದಿಚುಂಚನಗಿರಿ,ದಿಂದಾದಿಚುಂಚನಗಿರಿ,medium
ಸರ್ವತೋಮುಖ,ಆಟ,ಸರ್ವತೋಮುಖಾಟ,medium
ಕೆಂಪೇಗೌಡ,ಆಳಿದ್ದು,ಕೆಂಪೇಗೌಡಾಳಿದ್ದು,medium
ಶಾಸನಗಳಂತಹ,ಉಪನದಿಗಳಲ್ಲಿ,ಶಾಸನಗಳಂತಹೋಪನದಿಗಳಲ್ಲಿ,medium
ಚಿದಾನಂದಗೌಡ,ಇಂಜಿನೀಯರಿಂಗ್,ಚಿದಾನಂದಗೌಡೇಂಜಿನೀಯರಿಂಗ್,medium
ಪಶ್ಚಿಮ,ಆಫೀಸ್,ಪಶ್ಚಿಮಾಫೀಸ್,medium
೦೪,ಇನ್ಫೋಸಿಸ್,೦೪ೇನ್ಫೋಸಿಸ್,medium
ಹೆಗ್ದೆ,ಅವುಗಳೇ,ಹೆಗ್ದೆಯವುಗಳೇ,medium
ಶ್ರೀರಾಮಪುರ,ಇವುಗಳಲ್ಲಿ,ಶ್ರೀರಾಮಪುರೇವುಗಳಲ್ಲಿ,medium
ಏರ್ಪಡಿಸಿದಾಗ,ಆಡಳಿತಕ್ಕೆ,ಏರ್ಪಡಿಸಿದಾಗಾಡಳಿತಕ್ಕೆ,medium
ಉದ್ಯಾನ,ಉಂಟು,ಉದ್ಯಾನೋಂಟು,medium
ಪ್ರಕಟವಾಗಿತ್ತು,ಉಗ್ರ,ಪ್ರಕಟವಾಗಿತ್ತೂಗ್ರ,medium
ಬಿಜ್ಜಳ,ಉಲ್ಲೇಖಿಸುತ್ತವೆ,ಬಿಜ್ಜಳೋಲ್ಲೇಖಿಸುತ್ತವೆ,medium
ಆಕೆಯ,ಆಧ್ಯಾತ್ಮಿಕತೆ,ಆಕೆಯಾಧ್ಯಾತ್ಮಿಕತೆ,medium
ಅಳಿಯ,ಇರಲಿಲ್ಲ,ಅಳಿಯೇರಲಿಲ್ಲ,medium
ಹೆಸರಿಗೆ,ಅಧ್ಯಯನಗಳ,ಹೆಸರಿಗೆಯಧ್ಯಯನಗಳ,medium
ಪರಿಚಯಿಸಿದರು,ಉಷ್ಣವಲಯದ,ಪರಿಚಯಿಸಿದರೂಷ್ಣವಲಯದ,medium
ಉಪಯೋಗಿಸಲಾಗುವ,ಇತ್ತೀಚೆಗೆ,ಉಪಯೋಗಿಸಲಾಗುವೇತ್ತೀಚೆಗೆ,medium
ಉನ್ನತ,ಆಯುರ್ವೇದ,ಉನ್ನತಾಯುರ್ವೇದ,medium
ಕೀಲಿಮಣೆಯ,ಇಳಿದುಕೊಳ್ಳಲು,ಕೀಲಿಮಣೆಯೇಳಿದುಕೊಳ್ಳಲು,medium
ಆರಂಭವಾಗಿವೆ,ಅವಶೇಷಗಳಿಗೆ,ಆರಂಭವಾಗಿವೆಯವಶೇಷಗಳಿಗೆ,medium
ರೂಪಿಸುತ್ತದೆ,ಅನಿಸುವುದಿಲ್ಲ,ರೂಪಿಸುತ್ತದೆಯನಿಸುವುದಿಲ್ಲ,medium
ರಾಕೇಟ್ಗಳ,ಉಪನದಿಗಳಿವೆ,ರಾಕೇಟ್ಗಳೋಪನದಿಗಳಿವೆ,medium
ಕಾಯಕದ,ಇಂಡಸ್,ಕಾಯಕದೇಂಡಸ್,medium
ಸಾರವಿದೆ,ಗೋವದಿಂದ,ಸಾರವಿದಗಗೋವದಿಂದ,medium
ಬಗೆಯ,ಉದ್ಯಾನ,ಬಗೆಯೋದ್ಯಾನ,medium
ದೇಶಗಳೊಂದಿಗೆ,ಗುಂಡು,ದೇಶಗಳೊಂದಿಗಗಗುಂಡು,medium
ಮಾತ್ರವಲ್ಲ,ಆಡಳಿತಕ್ಕೆ,ಮಾತ್ರವಲ್ಲಾಡಳಿತಕ್ಕೆ,medium
ಹೊಸ,ಆಗಿನ,ಹೊಸಾಗಿನ,medium
ಶ್ರಮ,ಆಚರಿಸುವುದಾಗಿ,ಶ್ರಮಾಚರಿಸುವುದಾಗಿ,medium
ಉಷ್ಣವಲಯದ,ಉದಾ,ಉಷ್ಣವಲಯದೋದಾ,medium
ಬಾಂಬೆ,ಅಕ್ಕ,ಬಾಂಬೆಯಕ್ಕ,medium
ಕವಿಗೆ,ಅನಿಯಮಿತ,ಕವಿಗೆಯನಿಯಮಿತ,medium
ಸಂಸ್ಕೃತ,ಉಪಯೋಗಿಸಲಾಗಿರುವ,ಸಂಸ್ಕೃತೋಪಯೋಗಿಸಲಾಗಿರುವ,medium
ರೂಪಾಂತರಗೊಂಡಿದೆ,ಅಶ್ವತ್ಥ,ರೂಪಾಂತರಗೊಂಡಿದೆಯಶ್ವತ್ಥ,medium
ಐದನೆಯ,ಆಲಯ,ಐದನೆಯಾಲಯ,medium
ವಿಜಯನಗರದ,ಇರಿಸಲಾಗಿದೆ,ವಿಜಯನಗರದೇರಿಸಲಾಗಿದೆ,medium
ಸಲ,ಇಲ್ಲಿಯ,ಸಲೇಲ್ಲಿಯ,medium
ಹೊಳ್ಳ,ಇನ್ನೂ,ಹೊಳ್ಳೇನ್ನೂ,medium
ಮಣಿಯುತ,ಇತಿಹಾಸ,ಮಣಿಯುತೇತಿಹಾಸ,medium
ಅಂದಿನ,ಆರಂಭವಾಗಿ,ಅಂದಿನಾರಂಭವಾಗಿ,medium
ನಾಟಕಗಳಿಗೆ,ಅನಿಸುವುದಿಲ್ಲ,ನಾಟಕಗಳಿಗೆಯನಿಸುವುದಿಲ್ಲ,medium
ಬೀದರ,ಇರುವ,ಬೀದರೇರುವ,medium
ಸೇತುವೆ,ಅಡುಗೆಗಳಿಗೆ,ಸೇತುವೆಯಡುಗೆಗಳಿಗೆ,medium
ಸ್ಮಾರಕ,ಇಂಜಿನಿಯರಿಂಗ್,ಸ್ಮಾರಕೇಂಜಿನಿಯರಿಂಗ್,medium
ತಂದೆಯ,ಆನೆಗುಂಡಿಯನ್ನು,ತಂದೆಯಾನೆಗುಂಡಿಯನ್ನು,medium
೭೭,ಉಮೆಯ,೭೭ೋಮೆಯ,medium
ಗೋಡೆಯ,ಆಕಾಂಕ್ಷೆ,ಗೋಡೆಯಾಕಾಂಕ್ಷೆ,medium
ಬ್ರಿಟಿಷರ,ಉದಾ,ಬ್ರಿಟಿಷರೋದಾ,medium
ವಾಸ್ತುಶಿಲ್ಪವುಳ್ಳ,ಇಂಡೊ,ವಾಸ್ತುಶಿಲ್ಪವುಳ್ಳೇಂಡೊ,medium
ಪ್ರಭಾವ,ಆವೃತವಾಗಿದೆ,ಪ್ರಭಾವಾವೃತವಾಗಿದೆ,medium
ಹುಟ್ಟಿದ,ಇಲ್ಲಿಗೆ,ಹುಟ್ಟಿದೇಲ್ಲಿಗೆ,medium
ಮಹಿಷಾಸುರ,ಇತಿಹಾಸವು,ಮಹಿಷಾಸುರೇತಿಹಾಸವು,medium
ಅಶ್ವತ್ಥ,ಉಡುಗೆ,ಅಶ್ವತ್ಥೋಡುಗೆ,medium
ಸೂರ್ಯ,ಆಫೀಸ್,ಸೂರ್ಯಾಫೀಸ್,medium
ಪ್ರಸಾರ,ಉಡುಗೆ,ಪ್ರಸಾರೋಡುಗೆ,medium
ನೀರು,ಉನ್ನತಗೊಳಿಸುತ್ತಿದೆ,ನೀರೂನ್ನತಗೊಳಿಸುತ್ತಿದೆ,medium
ಸಮಾಧಿಗಳಿವೆ,ಗೋಪುರಗಳಾಗಿ,ಸಮಾಧಿಗಳಿವಗಗೋಪುರಗಳಾಗಿ,medium
ಪ್ರಾಕೃತ,ಉಪಯೋಗಿಸಲಾಗುತ್ತಿಲ್ಲ,ಪ್ರಾಕೃತೋಪಯೋಗಿಸಲಾಗುತ್ತಿಲ್ಲ,medium
ರಾಷ್ಟ್ರೀಯ,ಆನೆಗೆ,ರಾಷ್ಟ್ರೀಯಾನೆಗೆ,medium
ವಾಸ್ತುಶಿಲ್ಪಯಾದ,ಆಯಿತು,ವಾಸ್ತುಶಿಲ್ಪಯಾದಾಯಿತು,medium
೮೪,ಆಧ್ಯಾತ್ಮಿಕ,೮೪ಾಧ್ಯಾತ್ಮಿಕ,medium
ಗ್ರಾಮದೇವತೆ,ಗಮನಾರ್ಹ,ಗ್ರಾಮದೇವತಗಗಮನಾರ್ಹ,medium
ಸರಣಿಗೆಸಕಲವ,ಇತಿಹಾಸ,ಸರಣಿಗೆಸಕಲವೇತಿಹಾಸ,medium
ಭಾಷೆಗಳವು,ಉಪಯೋಗಿಸಲ್ಪಡುವ,ಭಾಷೆಗಳವೂಪಯೋಗಿಸಲ್ಪಡುವ,medium
ಬ್ರಿಟೀಷರ,ಇಂದಿನ,ಬ್ರಿಟೀಷರೇಂದಿನ,medium
ಹೊಟ್ಟೆ,ಅಲಂಕಾರಗಳನ್ನು,ಹೊಟ್ಟೆಯಲಂಕಾರಗಳನ್ನು,medium
ತನ್ನಂಕದೊಳ್,ಗೋಪುರಗಳನ್ನು,ತನ್ನಂಕದೊಳಗಗೋಪುರಗಳನ್ನು,medium
ಪ್ರಭಾವ,ಇಡೀ,ಪ್ರಭಾವೇಡೀ,medium
ಕದಂಬ,ಆಸ್ಟ್ರೇಲಿಯಾದಲ್ಲಿ,ಕದಂಬಾಸ್ಟ್ರೇಲಿಯಾದಲ್ಲಿ,medium
ಸುಧಾರಕನ,ಆನಂದವನ್ನು,ಸುಧಾರಕನಾನಂದವನ್ನು,medium
೩೧೧೩,ಇಂಗ್ಲೀಷ್,೩೧೧೩ೇಂಗ್ಲೀಷ್,medium
ಬುದ್ಧಿಜೀವಿಗಳಂತೆ,ಗ್ಯಾಂಗ್,ಬುದ್ಧಿಜೀವಿಗಳಂತಗಗ್ಯಾಂಗ್,medium
ಪ್ರತಿಧ್ವನಿಸುತ್ತದೆ,ಗೌಪ್ಯತೆಯನ್ನು,ಪ್ರತಿಧ್ವನಿಸುತ್ತದಗಗೌಪ್ಯತೆಯನ್ನು,medium
ಕಟ್ಟುವ,ಆರು,ಕಟ್ಟುವಾರು,medium
ಸಾಮಾನ್ಯ,ಆನೆಗುಂಡಿಯು,ಸಾಮಾನ್ಯಾನೆಗುಂಡಿಯು,medium
ಮಟ್ಟದಿಂದ,ಆಯೋಗವನ್ನು,ಮಟ್ಟದಿಂದಾಯೋಗವನ್ನು,medium
ಮಾಲ್,ಗಳಿಸಿತು,ಮಾಲಗಗಳಿಸಿತು,medium
ಬಡವಲಿಂಗವನ್ನು,ಉಳಿದ,ಬಡವಲಿಂಗವನ್ನೂಳಿದ,medium
ಗುಪ್ತ,ಆಲ್ಬಮ್,ಗುಪ್ತಾಲ್ಬಮ್,medium
ಬಯ್ಕೆಯ,ಆಗಮಿಸಿ,ಬಯ್ಕೆಯಾಗಮಿಸಿ,medium
ನಿ೦ದ,ಆಕ್ರಮಣವನ್ನು,ನಿ೦ದಾಕ್ರಮಣವನ್ನು,medium
ಹತ್ತಿರದ,ಉಳಿದ,ಹತ್ತಿರದೋಳಿದ,medium
ಶರ್ಮ,ಇವರ,ಶರ್ಮೇವರ,medium
ಹೇಳಿದೆ,ಅಚ್ಚಕಾವ್ಯಕೆ,ಹೇಳಿದೆಯಚ್ಚಕಾವ್ಯಕೆ,medium
ದ್ದಾಳೆ,ಅಂತೇ,ದ್ದಾಳೆಯಂತೇ,medium
ಹೊರ,ಉದ್ದಕ್ಕೂ,ಹೊರೋದ್ದಕ್ಕೂ,medium
ಪರಿಗಣಿಸಿದಾಗ,ಆದಿಯಲ್ಲಿ,ಪರಿಗಣಿಸಿದಾಗಾದಿಯಲ್ಲಿ,medium
ತೀರದಲ್ಲಿದೆ,ಗೋಡೆ,ತೀರದಲ್ಲಿದಗಗೋಡೆ,medium
ಶ್ರವಣಬೆಳಗೊಳದ,ಇಂಬುಕೊಟ್ಟಿದೆ,ಶ್ರವಣಬೆಳಗೊಳದೇಂಬುಕೊಟ್ಟಿದೆ,medium
ಕನ್ನೇಗೌಡನ,ಇವುಗಳು,ಕನ್ನೇಗೌಡನೇವುಗಳು,medium
ಸಂಪರ್ಕ,ಇಡಲಾಯಿತು,ಸಂಪರ್ಕೇಡಲಾಯಿತು,medium
೧೮,ಆಸರೆಯೂ,೧೮ಾಸರೆಯೂ,medium
ಬೆಸಗೊಂಡಡೆ,ಅಣಿಕಟ್,ಬೆಸಗೊಂಡಡೆಯಣಿಕಟ್,medium
ರಿಸರ್ಚ್,ಗೌರವ,ರಿಸರ್ಚಗಗೌರವ,medium
ಹೊಣೆ,ಅದರಲ್ಲಿ,ಹೊಣೆಯದರಲ್ಲಿ,medium
ಇಂಡಸ್,ಗಳಿಕೆ,ಇಂಡಸಗಗಳಿಕೆ,medium
ಉಳಿದಂತೆ,ಅದೇ,ಉಳಿದಂತೆಯದೇ,medium
ರವರೆಗೆ,ಗ್ವಾಲಿಯರ್,ರವರೆಗಗಗ್ವಾಲಿಯರ್,medium
ಸಿಂಗ್,ಗಳ,ಸಿಂಗಗಗಳ,medium
೧೨೧೦,ಆದಿಚುಂಚನಗಿರಿ,೧೨೧೦ಾದಿಚುಂಚನಗಿರಿ,medium
ಸ್ಥಾನಕ್ಕೆ,ಅರಮನೆ,ಸ್ಥಾನಕ್ಕೆಯರಮನೆ,medium
ನಮ್ಮೂರ,ಇವುಗಳಲ್ಲಿ,ನಮ್ಮೂರೇವುಗಳಲ್ಲಿ,medium
ಹುಟ್ಟಿದ,ಆಧ್ಯಾತ್ಮಿಕತೆ,ಹುಟ್ಟಿದಾಧ್ಯಾತ್ಮಿಕತೆ,medium
ಪ್ರಸಿದ್ಧವಾಗಿದೆ,ಗಳಿಗಿಂತ,ಪ್ರಸಿದ್ಧವಾಗಿದಗಗಳಿಗಿಂತ,medium
ಗೋಪಾಲಕೃಷ್ಣ,ಉಪಯೋಗಿಸಲ್ಪಡುತ್ತಿದ್ದ,ಗೋಪಾಲಕೃಷ್ಣೋಪಯೋಗಿಸಲ್ಪಡುತ್ತಿದ್ದ,medium
ಮದ್ದೂರಮ್ಮ,ಇಷ್ಟೇ,ಮದ್ದೂರಮ್ಮೇಷ್ಟೇ,medium
ಸಾವಿರ,ಉದ್ದಕ್ಕೂ,ಸಾವಿರೋದ್ದಕ್ಕೂ,medium
ನಾಲ್ಕನೆ,ಅವರಿಗೆ,ನಾಲ್ಕನೆಯವರಿಗೆ,medium
ಶರ್ಮ,ಇಂದು,ಶರ್ಮೇಂದು,medium
ನಂತರದ,ಆಗರವೆಂದು,ನಂತರದಾಗರವೆಂದು,medium
ಆರ್ಥಿಕ,ಆಗಿದೆ,ಆರ್ಥಿಕಾಗಿದೆ,medium
ಶಾಬ್ದಿಕ,ಆಯೋಗದಿಂದ,ಶಾಬ್ದಿಕಾಯೋಗದಿಂದ,medium
ಊರಿನೆಡೆಗೆ,ಗ್ರಹಿಸಿದ,ಊರಿನೆಡೆಗಗಗ್ರಹಿಸಿದ,medium
ಕಬ್ಬನ್,ಗಿಂತಲೂ,ಕಬ್ಬನಗಗಿಂತಲೂ,medium
ಭಾಗವತರು,ಉಪಯೋಗಿಸಲ್ಪಡುತ್ತವೆ,ಭಾಗವತರೂಪಯೋಗಿಸಲ್ಪಡುತ್ತವೆ,medium
ಗಂಧದ,ಇತ್ಯಾದಿ,ಗಂಧದೇತ್ಯಾದಿ,medium
ಅಂಬೆ,ಗ್ಯಾಂಗ್,ಅಂಬಗಗ್ಯಾಂಗ್,medium
ದೇವಿಗೆ,ಅನಿವಾರ್ಯವಾಗುತ್ತದೆ,ದೇವಿಗೆಯನಿವಾರ್ಯವಾಗುತ್ತದೆ,medium
ಸರ್ಕಾರ,ಇಲ್ಲೇ,ಸರ್ಕಾರೇಲ್ಲೇ,medium
೧೧,ಉಡುಗೆ,೧೧ೋಡುಗೆ,medium
ಇದೆ,ಅರಮನೆಗಳ,ಇದೆಯರಮನೆಗಳ,medium
ಚಂಡ,ಆದರಿಸಿತು,ಚಂಡಾದರಿಸಿತು,medium
೧೯೧೭,ಉಡುಗೊರೆ,೧೯೧೭ೋಡುಗೊರೆ,medium
ಸುವರ್ಣ,ಆದ್ದರಿಂದ,ಸುವರ್ಣಾದ್ದರಿಂದ,medium
ನಿಡ್ಲೆ,ಗುರುದರ್ಶನವಾದರೂ,ನಿಡ್ಲಗಗುರುದರ್ಶನವಾದರೂ,medium
ಜನತೆ,ಅನಿವಾರ್ಯತೆಯನ್ನು,ಜನತೆಯನಿವಾರ್ಯತೆಯನ್ನು,medium
ಸಂಸ್ಥೆ,ಗ್ಯಾಂಗ್,ಸಂಸ್ಥಗಗ್ಯಾಂಗ್,medium
ವರಕಾವ್ಯವನ್ನು,ಉತ್ಪನ್ನಗಳಾದ,ವರಕಾವ್ಯವನ್ನೂತ್ಪನ್ನಗಳಾದ,medium
ಪ್ರದೇಶಗಳಿಂದ,ಉಪಾದಿಗಳು,ಪ್ರದೇಶಗಳಿಂದೋಪಾದಿಗಳು,medium
ನರಸಿಂಹರಾಜಪುರ,ಆಯುರ್ವೇದ,ನರಸಿಂಹರಾಜಪುರಾಯುರ್ವೇದ,medium
೫೫,ಆಟೊ,೫೫ಾಟೊ,medium
ರಾಷ್ಟ್ರೀಯ,ಆರಾಧನೆ,ರಾಷ್ಟ್ರೀಯಾರಾಧನೆ,medium
ಅರಸನ,ಇನ್ನಿತರ,ಅರಸನೇನ್ನಿತರ,medium
ಕುಲವನರಿಸಿದಡೆ,ಅಂಕೆಗಳನ್ನು,ಕುಲವನರಿಸಿದಡೆಯಂಕೆಗಳನ್ನು,medium
ಜನಾಂಗದವನೊಬ್ಬ,ಇನ್ನಿತರ,ಜನಾಂಗದವನೊಬ್ಬೇನ್ನಿತರ,medium
ಜನಸಂಖ್ಯೆಯುಳ್ಳ,ಉತ್ತರದಲ್ಲಿ,ಜನಸಂಖ್ಯೆಯುಳ್ಳೋತ್ತರದಲ್ಲಿ,medium
ಸಮಾನಾಂತರ,ಆಲ್ಬಮ್,ಸಮಾನಾಂತರಾಲ್ಬಮ್,medium
ಹಿರಿಯ,ಉದಯಕ್ಕೆ,ಹಿರಿಯೋದಯಕ್ಕೆ,medium
ಸಿದ್ದಾರ್ಥನಗರ,ಆತ್ಮಗೌರವನ್ನೂ,ಸಿದ್ದಾರ್ಥನಗರಾತ್ಮಗೌರವನ್ನೂ,medium
ಶಿಷ್ಟಾಚಾರವನ್ನು,ಉದಾರೀಕರಣ,ಶಿಷ್ಟಾಚಾರವನ್ನೂದಾರೀಕರಣ,medium
ಕೊಡಲಾಗಿತ್ತು,ಉನ್ನತಗೊಳಿಸುತ್ತಿದೆ,ಕೊಡಲಾಗಿತ್ತೂನ್ನತಗೊಳಿಸುತ್ತಿದೆ,medium
ಅಧ್ಯಾತ್ಮ,ಆದಿಚುಂಚನಗಿರಿ,ಅಧ್ಯಾತ್ಮಾದಿಚುಂಚನಗಿರಿ,medium
ಚಲನೆ,ಅನುಮೋದಿಸುತ್ತ,ಚಲನೆಯನುಮೋದಿಸುತ್ತ,medium
ಕಳೆದ,ಇಲಾಖೆಯನ್ನು,ಕಳೆದೇಲಾಖೆಯನ್ನು,medium
ಇಂಬುಕೊಟ್ಟಿದೆ,ಅಡ್ಡಲಾಗಿ,ಇಂಬುಕೊಟ್ಟಿದೆಯಡ್ಡಲಾಗಿ,medium
ಪ್ರತಿಧ್ವನಿಗುಣವು,ಉದ್ದಕ್ಕೂ,ಪ್ರತಿಧ್ವನಿಗುಣವೂದ್ದಕ್ಕೂ,medium
ನಗರಗಳ,ಉಂಟಾಗುತ್ತವೆ,ನಗರಗಳೋಂಟಾಗುತ್ತವೆ,medium
ಶಾ,ಆಡಳಿತದ,ಶಾಡಳಿತದ,medium
ಬುದ್ಧಿಜೀವಿಗಳಂತೆ,ಗುಪ್ತ,ಬುದ್ಧಿಜೀವಿಗಳಂತಗಗುಪ್ತ,medium
ಹೊರುವ,ಆಕರ್ಷಿಸಿದ್ದು,ಹೊರುವಾಕರ್ಷಿಸಿದ್ದು,medium
ಮಾಡಲಾಗಿದೆ,ಅವರ,ಮಾಡಲಾಗಿದೆಯವರ,medium
ಆಕಾಂಕ್ಷೆ,ಗುಂಬಜ್,ಆಕಾಂಕ್ಷಗಗುಂಬಜ್,medium
ತಂಪು,ಉಗಮವಾಯಿತು,ತಂಪೂಗಮವಾಯಿತು,medium
ಪ್ರಸಾರಾಂಗ,ಆನಂದವನ್ನು,ಪ್ರಸಾರಾಂಗಾನಂದವನ್ನು,medium
ಬೆಸಗೊಂಡಡೆ,ಅಭಿನಯದ,ಬೆಸಗೊಂಡಡೆಯಭಿನಯದ,medium
ವಿಶ್ವೇಶ್ವರಯ್ಯನವರು,ಉಕ್ತಿ,ವಿಶ್ವೇಶ್ವರಯ್ಯನವರೂಕ್ತಿ,medium
ಒದಗಿಸುತ್ತವೆ,ಅಡಿಗಳ,ಒದಗಿಸುತ್ತವೆಯಡಿಗಳ,medium
ಉಂಟು,ಉಗ್ರ,ಉಂಟೂಗ್ರ,medium
ಬಾಂಬೆ,ಅಡಿಯಲ್ಲಿ,ಬಾಂಬೆಯಡಿಯಲ್ಲಿ,medium
ಕಬ್ಬನ್,ಗೋದಾವರಿ,ಕಬ್ಬನಗಗೋದಾವರಿ,medium
ಹೆಸರಿನಿಂದ,ಇಂದಿಗೂ,ಹೆಸರಿನಿಂದೇಂದಿಗೂ,medium
ವಿಭಿನ್ನ,ಇವನ್ನೆಲ್ಲ,ವಿಭಿನ್ನೇವನ್ನೆಲ್ಲ,medium
ಉಚ್ಚರಿಸಬಹುದಾದ,ಉಗ್ರ,ಉಚ್ಚರಿಸಬಹುದಾದೋಗ್ರ,medium
ಬೆಂಗಳೂರಿನ,ಇಪ್ಪತ್ತೈದು,ಬೆಂಗಳೂರಿನೇಪ್ಪತ್ತೈದು,medium
ಬರೆಯಲ್ಪಟ್ಟ,ಆಧುನಿಕ,ಬರೆಯಲ್ಪಟ್ಟಾಧುನಿಕ,medium
ದಂತಕಥೆಯ,ಉಪಭಾಷೆಗಳಾದ,ದಂತಕಥೆಯೋಪಭಾಷೆಗಳಾದ,medium
ದೇವಿಗೆ,ಅದನ್ನು,ದೇವಿಗೆಯದನ್ನು,medium
ಕಾರವು,ಉದ್ದೇಶ,ಕಾರವೂದ್ದೇಶ,medium
ತೀರ್ಥ,ಆದರ್ಶ,ತೀರ್ಥಾದರ್ಶ,medium
ಸುಧಾರಕನ,ಇದಕ್ಕಾ,ಸುಧಾರಕನೇದಕ್ಕಾ,medium
ಪುಟ್ಟಪ್ಪ,ಆಸಕ್ತಿಯುಳ್ಳ,ಪುಟ್ಟಪ್ಪಾಸಕ್ತಿಯುಳ್ಳ,medium
ಇಲ್ಲಿಗೆ,ಗೋಣಿಬೀಡು,ಇಲ್ಲಿಗಗಗೋಣಿಬೀಡು,medium
ಲದ್ದೆಯ,ಇಲ್ಲದೆ,ಲದ್ದೆಯೇಲ್ಲದೆ,medium
ಕರ್ಮಾಚರಣೆಗಳ,ಇಲಾಖೆಯನ್ನು,ಕರ್ಮಾಚರಣೆಗಳೇಲಾಖೆಯನ್ನು,medium
ಸೌಲಭ್ಯವಿದೆ,ಅಂಶಗಳನ್ನು,ಸೌಲಭ್ಯವಿದೆಯಂಶಗಳನ್ನು,medium
ಸಿಲಿಕಾನ್,ಗಾದ್ರಣಿಗ,ಸಿಲಿಕಾನಗಗಾದ್ರಣಿಗ,medium
ನಿರೀಕ್ಷಣಾ,ಉತ್ಸವವಾಗಿದ್ದು,ನಿರೀಕ್ಷಣೋತ್ಸವವಾಗಿದ್ದು,medium
ಸಾರವಿದೆ,ಅನ್ಯಾಯಗಳ,ಸಾರವಿದೆಯನ್ಯಾಯಗಳ,medium
ಯಾವ,ಇದ್ದು,ಯಾವೇದ್ದು,medium
ಇಳಿಯುವ,ಇರುತ್ತಾರೆ,ಇಳಿಯುವೇರುತ್ತಾರೆ,medium
ಭಾರತೀಯ,ಉಪಕರಣಗಳನ್ನು,ಭಾರತೀಯೋಪಕರಣಗಳನ್ನು,medium
ವಾಸ್ತುಶಿಲ್ಪವುಳ್ಳ,ಆಕರ್ಷಣೆಯೆಂದರೆ,ವಾಸ್ತುಶಿಲ್ಪವುಳ್ಳಾಕರ್ಷಣೆಯೆಂದರೆ,medium
ಸಹಾಯದೊಂದಿಗೆ,ಅನುಭವ,ಸಹಾಯದೊಂದಿಗೆಯನುಭವ,medium
ನಗರ,ಇವೆಂದೂ,ನಗರೇವೆಂದೂ,medium
ಬೆಂಗಳೂರಿನಾದ್ಯಂತ,ಆಯೋಗದಿಂದ,ಬೆಂಗಳೂರಿನಾದ್ಯಂತಾಯೋಗದಿಂದ,medium
ಬುದ್ಧಿಜೀವಿಗಳಂತೆ,ಅಣೆಕಟ್ಟಿಗೆ,ಬುದ್ಧಿಜೀವಿಗಳಂತೆಯಣೆಕಟ್ಟಿಗೆ,medium
೬೩೬ರ,ಉತ್ಪನ್ನಗಳು,೬೩೬ರೋತ್ಪನ್ನಗಳು,medium
ನಗ್ನ,ಉಷ್ಣವಲಯದ,ನಗ್ನೋಷ್ಣವಲಯದ,medium
ಕ್ರಾಂತಿಯ,ಆಗಿ,ಕ್ರಾಂತಿಯಾಗಿ,medium
ಸಮುದಾಯ,ಆಕ್ರಮಣವನ್ನು,ಸಮುದಾಯಾಕ್ರಮಣವನ್ನು,medium
ಉದ್ಯೋಗ,ಇಟಗಿ,ಉದ್ಯೋಗೇಟಗಿ,medium
ಚಿಕ್ಕದಾದ,ಇತ್ತೀಚೆಗೆ,ಚಿಕ್ಕದಾದೇತ್ತೀಚೆಗೆ,medium
ಬೆಂಗಳೂರನ್ನು,ಉಪನದಿಗಳಿವೆ,ಬೆಂಗಳೂರನ್ನೂಪನದಿಗಳಿವೆ,medium
ಸಿಕ್ಕುವುದಿಲ್ಲ,ಇಂತಹ,ಸಿಕ್ಕುವುದಿಲ್ಲೇಂತಹ,medium
ಶಿಂಷಾ,ಆರ್ಮ್,ಶಿಂಷಾರ್ಮ್,medium
ಉಬರಡ್ಕ,ಇನ್ನಿತರ,ಉಬರಡ್ಕೇನ್ನಿತರ,medium
ಸರ್ಕಾರ,ಉಪಯೋಗಿಸಲಾಗುತ್ತಿಲ್ಲ,ಸರ್ಕಾರೋಪಯೋಗಿಸಲಾಗುತ್ತಿಲ್ಲ,medium
ಪಸರಕ್ಕನುವಿಲ್ಲ,ಇರುತ್ತಾರೆ,ಪಸರಕ್ಕನುವಿಲ್ಲೇರುತ್ತಾರೆ,medium
೨೦೦೧,ಆರಂಭವಾಗಿವೆ,೨೦೦೧ಾರಂಭವಾಗಿವೆ,medium
ಉದಾ,ಆಕರ್ಷಿಸುತ್ತಿದೆ,ಉದಾಕರ್ಷಿಸುತ್ತಿದೆ,medium
ಗಣ್ಯರಿಗೆ,ಅಂದಿನ,ಗಣ್ಯರಿಗೆಯಂದಿನ,medium
ಶ್ರೀಮಂತ,ಆದರೆ,ಶ್ರೀಮಂತಾದರೆ,medium
ಬೇಂದ್ರೆ,ಅವಕಾಶ,ಬೇಂದ್ರೆಯವಕಾಶ,medium
ಉಪದೇಶ,ಉಪಭಾಷೆಗಳೆಂದು,ಉಪದೇಶೋಪಭಾಷೆಗಳೆಂದು,medium
ಜೀವನವು,ಉತ್ತರದಲ್ಲಿ,ಜೀವನವೂತ್ತರದಲ್ಲಿ,medium
ಸಾಮರಸ್ಯವಿದೆ,ಅಣೆಕಟ್ಟಿಗೆ,ಸಾಮರಸ್ಯವಿದೆಯಣೆಕಟ್ಟಿಗೆ,medium
ಅರಮನೆಗಳು,ಉಮೆಯ,ಅರಮನೆಗಳೂಮೆಯ,medium
೧೨೪,ಇಂಗ್ಲೆಂಡಿನ,೧೨೪ೇಂಗ್ಲೆಂಡಿನ,medium
ಚಿಕ್ಕದಲ್ಲ,ಆಧ್ಯಾತ್ಮಿಕ,ಚಿಕ್ಕದಲ್ಲಾಧ್ಯಾತ್ಮಿಕ,medium
ಬ್ಯಾಂಕಿಂಗ್ನ,ಉತ್ಪಾದನೆಯ,ಬ್ಯಾಂಕಿಂಗ್ನೋತ್ಪಾದನೆಯ,medium
ನಿರ್ಮಿಸಿದ್ದಾರೆ,ಗಣೇಶನೆಂಬ,ನಿರ್ಮಿಸಿದ್ದಾರಗಗಣೇಶನೆಂಬ,medium
ಉಚ್ಚಾರಣೆಯ,ಆಕರ್ಷಿಸುತ್ತದೆ,ಉಚ್ಚಾರಣೆಯಾಕರ್ಷಿಸುತ್ತದೆ,medium
ಆಧಾರವಾಗಿದೆ,ಗೌರವದಿಂದ,ಆಧಾರವಾಗಿದಗಗೌರವದಿಂದ,medium
ಹಜಾರ,ಉದಯ,ಹಜಾರೋದಯ,medium
ಕೊಡಮಾಡುವ,ಇಟ್ಟುಬಿಟ್ಟನು,ಕೊಡಮಾಡುವೇಟ್ಟುಬಿಟ್ಟನು,medium
ಉದಕದೊಳಗೆ,ಅಡ್ಡಲಾಗಿ,ಉದಕದೊಳಗೆಯಡ್ಡಲಾಗಿ,medium
ತುಡಿಯುತ್ತಿರುವ,ಆಗ್ನೇಯ,ತುಡಿಯುತ್ತಿರುವಾಗ್ನೇಯ,medium
ಸ್ಪಷ್ಟವಾಗುತ್ತದೆ,ಅವಕಾಶ,ಸ್ಪಷ್ಟವಾಗುತ್ತದೆಯವಕಾಶ,medium
ಗಳಿಸಿತು,ಉದ್ಯೋಗ,ಗಳಿಸಿತೂದ್ಯೋಗ,medium
ವಿವಿಧ,ಇಲ್ಲವೇ,ವಿವಿಧೇಲ್ಲವೇ,medium
ಮಾದರಿಗಳಿಗೆ,ಗೋದಾವರಿ,ಮಾದರಿಗಳಿಗಗಗೋದಾವರಿ,medium
ಉಳಿದಿದೆ,ಗೌರವ,ಉಳಿದಿದಗಗೌರವ,medium
ಸ್ವರ್ಗ,ಇತರ,ಸ್ವರ್ಗೇತರ,medium
ಹೋರಾಟದ,ಆರ್ಮ್,ಹೋರಾಟದಾರ್ಮ್,medium
ನಿರ್ದಿಷ್ಟ,ಆಡಳಿತದ,ನಿರ್ದಿಷ್ಟಾಡಳಿತದ,medium
ಬೃಹದಾಕಾರವನ್ನು,ಉಮೇಶ,ಬೃಹದಾಕಾರವನ್ನೂಮೇಶ,medium
ಹೆಸರುವಾಸಿಯಾಗಿದೆ,ಅವತಾರ,ಹೆಸರುವಾಸಿಯಾಗಿದೆಯವತಾರ,medium
ಕನ್ನಡಕ್ಕೆ,ಅಣೆಕಟ್ಟು,ಕನ್ನಡಕ್ಕೆಯಣೆಕಟ್ಟು,medium
ಮುಂದಕ್ಕೆ,ಗಣರಾಜ್ಯ,ಮುಂದಕ್ಕಗಗಣರಾಜ್ಯ,medium
ಕಲಿಕೆಯ,ಇಂಗ್ಲೆಂಡಿನ,ಕಲಿಕೆಯೇಂಗ್ಲೆಂಡಿನ,medium
ವಾಸುದೇವ,ಆಯ್ದಕ್ಕಿ,ವಾಸುದೇವಾಯ್ದಕ್ಕಿ,medium
ಶರಣರಿಗೆ,ಅಸಾಮಾನ್ಯರಾಗುವಲ್ಲಿ,ಶರಣರಿಗೆಯಸಾಮಾನ್ಯರಾಗುವಲ್ಲಿ,medium
ಮಹಿಷ,ಆತ್ಮ,ಮಹಿಷಾತ್ಮ,medium
ರವರೆಗೆ,ಅವಧಿಯ,ರವರೆಗೆಯವಧಿಯ,medium
ಅಭಿಯಂತರ,ಇತಿಹಾಸದಲ್ಲಿ,ಅಭಿಯಂತರೇತಿಹಾಸದಲ್ಲಿ,medium
ಅತ್ಯುತ್ತಮವಾದ,ಇವತ್ತಿಗೂ,ಅತ್ಯುತ್ತಮವಾದೇವತ್ತಿಗೂ,medium
ನಾಗಮ್ಮ,ಇಂಡಸ್,ನಾಗಮ್ಮೇಂಡಸ್,medium
ಪ್ರತಿಬಿಂಬಿಸುವ,ಉಬ್ಬಿರುವ,ಪ್ರತಿಬಿಂಬಿಸುವೋಬ್ಬಿರುವ,medium
ವೈದಿಕ,ಆಧರಿಸಿ,ವೈದಿಕಾಧರಿಸಿ,medium
ತಾವು,ಉತ್ತರ,ತಾವೂತ್ತರ,medium
ಬಿನ್ನತ್ತಾಗಿರುತರುವಂಕದ,ಆಕ್ಟರ್,ಬಿನ್ನತ್ತಾಗಿರುತರುವಂಕದಾಕ್ಟರ್,medium
ಸ್ಟಾರ್ಟ್,ಗೊಲ್ಕೊಂಡ,ಸ್ಟಾರ್ಟಗಗೊಲ್ಕೊಂಡ,medium
ದಕ್ಷಿಣಾತ್ಯ,ಉಳಿದಂತೆ,ದಕ್ಷಿಣಾತ್ಯೋಳಿದಂತೆ,medium
ಜನಾಂಗ,ಆದಿಯಲ್ಲಿ,ಜನಾಂಗಾದಿಯಲ್ಲಿ,medium
ಮರುದಿನ,ಆಚರಿಸುವುದಾಗಿ,ಮರುದಿನಾಚರಿಸುವುದಾಗಿ,medium
ಸುತ್ತಲ,ಉಂಟಾಗಿದ್ದು,ಸುತ್ತಲೋಂಟಾಗಿದ್ದು,medium
ಮೂಡುಮನೆ,ಗಳಷ್ಟು,ಮೂಡುಮನಗಗಳಷ್ಟು,medium
ಪ್ರಯಾಣಿಸಬಹುದಾಗಿದೆ,ಗೋಡೆ,ಪ್ರಯಾಣಿಸಬಹುದಾಗಿದಗಗೋಡೆ,medium
ನಿರ್ಧರಿಸಿದ,ಉಪಯೋಗಿಸಲ್ಪಡುವ,ನಿರ್ಧರಿಸಿದೋಪಯೋಗಿಸಲ್ಪಡುವ,medium
ಜತೆಗೆ,ಗುರುದ್ವಾರ,ಜತೆಗಗಗುರುದ್ವಾರ,medium
ಸಂಕೀರ್ಣದಿಂದ,ಆಗಸ್ಟ್,ಸಂಕೀರ್ಣದಿಂದಾಗಸ್ಟ್,medium
ಉಗಮಿಸಿವೆ,ಅಕ್ಕನಿಗೆ,ಉಗಮಿಸಿವೆಯಕ್ಕನಿಗೆ,medium
ಜೀವನಶೈಲಿಗೆ,ಅವಳ,ಜೀವನಶೈಲಿಗೆಯವಳ,medium
ಪ್ರಮುಖರಾದ,ಉಪನದಿಗಳಲ್ಲಿ,ಪ್ರಮುಖರಾದೋಪನದಿಗಳಲ್ಲಿ,medium
ಮಾರಯ್ಯಪ್ರಿಯ,ಉಲ್ಲೇಖಿಸಲಾಗುತ್ತದೆ,ಮಾರಯ್ಯಪ್ರಿಯೋಲ್ಲೇಖಿಸಲಾಗುತ್ತದೆ,medium
ಗಳಿಸಿದ,ಆದೇಶ,ಗಳಿಸಿದಾದೇಶ,medium
ವಾಸ್ತುಶಿಲ್ಪಯಾದ,ಉಷ್ಣವಲಯದ,ವಾಸ್ತುಶಿಲ್ಪಯಾದೋಷ್ಣವಲಯದ,medium
ಹನುಮಂತನ,ಆದಿಲ್,ಹನುಮಂತನಾದಿಲ್,medium
ತದನಂತರ,ಇವರಲ್ಲಿ,ತದನಂತರೇವರಲ್ಲಿ,medium
ಸುಶಿಕ್ಷಿತ,ಆರ್ಕಿಯನ್,ಸುಶಿಕ್ಷಿತಾರ್ಕಿಯನ್,medium
ಚಕ್ರವರ್ತಿಯಿಂದ,ಉಪನದಿಗಳಲ್ಲಿ,ಚಕ್ರವರ್ತಿಯಿಂದೋಪನದಿಗಳಲ್ಲಿ,medium
ಹಡಿನಬಾಳ,ಇಮ್ಮಡಿ,ಹಡಿನಬಾಳೇಮ್ಮಡಿ,medium
ಚಿತ್ರ,ಆಯುರ್ವೇದ,ಚಿತ್ರಾಯುರ್ವೇದ,medium
ಸಂಖ್ಯೆ,ಅನಿಸುತಿದೆ,ಸಂಖ್ಯೆಯನಿಸುತಿದೆ,medium
ಸಸಿಯೊಳಗಣ,ಆದಿಶಕ್ತಿಯಾಗಿ,ಸಸಿಯೊಳಗಣಾದಿಶಕ್ತಿಯಾಗಿ,medium
ಕಿಟ್ಟೆಲ್,ಗ೦ಧರ್ವ,ಕಿಟ್ಟೆಲಗಗ೦ಧರ್ವ,medium
ಹರಿಯುವ,ಆಂಗ್ಲ,ಹರಿಯುವಾಂಗ್ಲ,medium
ಪಡೆದಿದ್ದ,ಇರಿಸಲಾಗಿದೆ,ಪಡೆದಿದ್ದೇರಿಸಲಾಗಿದೆ,medium
ಉಂಟಾಗುತ್ತವೆ,ಅಣೆಕಟ್ಟಿಗೆ,ಉಂಟಾಗುತ್ತವೆಯಣೆಕಟ್ಟಿಗೆ,medium
ಮಾದರಿಗಳಿಗೆ,ಗೌರವವನ್ನಿತ್ತು,ಮಾದರಿಗಳಿಗಗಗೌರವವನ್ನಿತ್ತು,medium
ಸಂದೇಶ,ಆಧಾರಿತ,ಸಂದೇಶಾಧಾರಿತ,medium
೬೦,ಆದ್ದರಿಂದ,೬೦ಾದ್ದರಿಂದ,medium
ಸ್ಥಾಪಿಸಿದರು,ಉಗಮಿಸುವ,ಸ್ಥಾಪಿಸಿದರೂಗಮಿಸುವ,medium
ಮಾದರಿಗಳಿಗೆ,ಗೂಗಲ್,ಮಾದರಿಗಳಿಗಗಗೂಗಲ್,medium
ದೀಪನಗರ,ಆಡಳಿತಕ್ಕೊಪ್ಪಿಸಿದರು,ದೀಪನಗರಾಡಳಿತಕ್ಕೊಪ್ಪಿಸಿದರು,medium
ಕರ್ನಾಟಕದಲ್ಲಿರುವ,ಉದ್ದವಾಗಿದೆ,ಕರ್ನಾಟಕದಲ್ಲಿರುವೋದ್ದವಾಗಿದೆ,medium
ಆಗಿರುವ,ಇವರ,ಆಗಿರುವೇವರ,medium
ಉದಾರೀಕರಣ,ಆಂಧ್ರ,ಉದಾರೀಕರಣಾಂಧ್ರ,medium
ಊಹಿಸಬಹುದಾಗಿದೆ,ಗುಂಡಿ,ಊಹಿಸಬಹುದಾಗಿದಗಗುಂಡಿ,medium
ವಿಂಡ್ಸರ್,ಗಂಗಾ,ವಿಂಡ್ಸರಗಗಂಗಾ,medium
ದಸರಾ,ಆರಂಭಗೊಂಡಿತು,ದಸರಾರಂಭಗೊಂಡಿತು,medium
ತಿದ್ದುತ್ತಿದೆ,ಅಕ್ಕ,ತಿದ್ದುತ್ತಿದೆಯಕ್ಕ,medium
ಶ್ರೀಲಂಕಾ,ಆದಾಗ್ಯೂ,ಶ್ರೀಲಂಕಾದಾಗ್ಯೂ,medium
ರಚಿಸಿದ್ದಾರೆ,ಅಕ್ವೇರಿಯಮ್,ರಚಿಸಿದ್ದಾರೆಯಕ್ವೇರಿಯಮ್,medium
ಅಮೆರಿಕದ,ಆಗಿದ್ದು,ಅಮೆರಿಕದಾಗಿದ್ದು,medium
ಬ್ರಹ್ಮ,ಇತ್ತೀಚಿನ,ಬ್ರಹ್ಮೇತ್ತೀಚಿನ,medium
ಪರಿಗಣಿಸಿದಾಗ,ಇವರಲ್ಲಿ,ಪರಿಗಣಿಸಿದಾಗೇವರಲ್ಲಿ,medium
ಕೆಲವೆ,ಅನನ್ಯವಾಗಿರುವುದು,ಕೆಲವೆಯನನ್ಯವಾಗಿರುವುದು,medium
ಸದ್ಯ,ಆಂಧ್ರಪ್ರದೇಶದ,ಸದ್ಯಾಂಧ್ರಪ್ರದೇಶದ,medium
ದಲಿತ,ಇಂಡೊ,ದಲಿತೇಂಡೊ,medium
ಬಡಗ,ಆಗ್ನೇಯಕ್ಕೆ,ಬಡಗಾಗ್ನೇಯಕ್ಕೆ,medium
ಸ೦ಗೀತ,ಆಧಾರದ,ಸ೦ಗೀತಾಧಾರದ,medium
ಹಿತಕಾರ್ಯದಿಂದ,ಇವುಗಳು,ಹಿತಕಾರ್ಯದಿಂದೇವುಗಳು,medium
ದೀರ್ಘ,ಆಮಂತ್ರಣ,ದೀರ್ಘಾಮಂತ್ರಣ,medium
ಶಿವನ,ಇಂದಿನವರೆಗೂ,ಶಿವನೇಂದಿನವರೆಗೂ,medium
ಪ್ರಸಾರವನ್ನು,ಉಚ್ಚಾರಣೆಯ,ಪ್ರಸಾರವನ್ನೂಚ್ಚಾರಣೆಯ,medium
ಹೊಸಗನ್ನಡ,ಇಂಥ,ಹೊಸಗನ್ನಡೇಂಥ,medium
ಮಧ್ಯದಲ್ಲಿರುವ,ಆಟೊ,ಮಧ್ಯದಲ್ಲಿರುವಾಟೊ,medium
ಪ್ರಮುಖವಾದ,ಇಲ್ಲೇ,ಪ್ರಮುಖವಾದೇಲ್ಲೇ,medium
ಇರುತ್ತಾರೆ,ಗೋಪಾಲಕೃಷ್ಣ,ಇರುತ್ತಾರಗಗೋಪಾಲಕೃಷ್ಣ,medium
ಕೈಗಾರಿಕಾ,ಆಕರ್ಷಕವಾದ,ಕೈಗಾರಿಕಾಕರ್ಷಕವಾದ,medium
೧೧,ಉಳಿದ,೧೧ೋಳಿದ,medium
ಸಂಗ್ರಹಾಲಯ,ಇಂಡೊ,ಸಂಗ್ರಹಾಲಯೇಂಡೊ,medium
ನಾಗರೀಕತೆ,ಅದಕ್ಕಿಂತಲೂ,ನಾಗರೀಕತೆಯದಕ್ಕಿಂತಲೂ,medium
ಯಕ್ಕಲಗಾನ,ಆಧ್ಯಾತ್ಮಿಕ,ಯಕ್ಕಲಗಾನಾಧ್ಯಾತ್ಮಿಕ,medium
ಋಜುವಾತು,ಉಪಕುಲಪತಿಗಳಾದರು,ಋಜುವಾತೂಪಕುಲಪತಿಗಳಾದರು,medium
ಎರಡನೆಯದು,ಉತ್ತರದಲ್ಲಿ,ಎರಡನೆಯದೂತ್ತರದಲ್ಲಿ,medium
ವರಕಾವ್ಯವನ್ನು,ಉದಯ,ವರಕಾವ್ಯವನ್ನೂದಯ,medium
ಉದ್ದವಾಗಿದೆ,ಗೋಲಾಕಾರದ,ಉದ್ದವಾಗಿದಗಗೋಲಾಕಾರದ,medium
ಓಡಾಡುತ್ತಿವೆ,ಗುಡ್ಡದ,ಓಡಾಡುತ್ತಿವಗಗುಡ್ಡದ,medium
ಅಧಿಕೃತ,ಆಗಿತ್ತು,ಅಧಿಕೃತಾಗಿತ್ತು,medium
ಅವಶ್ಯಕತೆ,ಗಳಿಕೆ,ಅವಶ್ಯಕತಗಗಳಿಕೆ,medium
ದೂರದಲ್ಲಿದ್ದು,ಉದ್ದಕ್ಕೂ,ದೂರದಲ್ಲಿದ್ದೂದ್ದಕ್ಕೂ,medium
ಹೃದಯ,ಇಂದಿರಾ,ಹೃದಯೇಂದಿರಾ,medium
ಪ್ರತಿಭಟಿಸಿದ,ಇಂಬುಕೊಟ್ಟಿದೆ,ಪ್ರತಿಭಟಿಸಿದೇಂಬುಕೊಟ್ಟಿದೆ,medium
ರೂಢಿಯಾಗಿದ್ದಂತೆ,ಗಳಿಗಿಂತ,ರೂಢಿಯಾಗಿದ್ದಂತಗಗಳಿಗಿಂತ,medium
ಭೂತಾನ,ಆದರಿಸಿತು,ಭೂತಾನಾದರಿಸಿತು,medium
ಆಸಕ್ತ,ಇದ್ದು,ಆಸಕ್ತೇದ್ದು,medium
ಪೂಜಿಸಿದ,ಆಸೆಯೆಂಬುದು,ಪೂಜಿಸಿದಾಸೆಯೆಂಬುದು,medium
ಬಂದ,ಆದಿಚುಂಚನಗಿರಿ,ಬಂದಾದಿಚುಂಚನಗಿರಿ,medium
೩೩೪,ಇಂಜಿನೀಯರಿಂಗ್,೩೩೪ೇಂಜಿನೀಯರಿಂಗ್,medium
ಪ್ರತಿರೂಪ,ಉಮೆಯ,ಪ್ರತಿರೂಪೋಮೆಯ,medium
ಆಗಿನ,ಇದಕ್ಕೆ,ಆಗಿನೇದಕ್ಕೆ,medium
ಉದ್ದೇಶ,ಆಗಸ್ಟ್,ಉದ್ದೇಶಾಗಸ್ಟ್,medium
ಎಲ್ಲೆಡೆ,ಗುಜರಾತಿ,ಎಲ್ಲೆಡಗಗುಜರಾತಿ,medium
ಯಾಕುಬ್,ಗಾಜಿನ,ಯಾಕುಬಗಗಾಜಿನ,medium
ಬೃಂದಾವನ,ಆಕೆಗೆ,ಬೃಂದಾವನಾಕೆಗೆ,medium
ಅತೀತ,ಇನ್ಫೊಸಿಸ್,ಅತೀತೇನ್ಫೊಸಿಸ್,medium
ಷಾ,ಆಸ್ಥಾನದಲ್ಲಿ,ಷಾಸ್ಥಾನದಲ್ಲಿ,medium
ನೀತಿಗೆ,ಗೆದ್ದ,ನೀತಿಗಗಗೆದ್ದ,medium
ಈಗ,ಆಗಸ್ಟ್,ಈಗಾಗಸ್ಟ್,medium
ಭಾರತದ,ಆದರಾತಿಥ್ಯವು,ಭಾರತದಾದರಾತಿಥ್ಯವು,medium
ಬಳ್ಳಾರಿಯಿಂದ,ಇಲ್ಲಿಗೆ,ಬಳ್ಳಾರಿಯಿಂದೇಲ್ಲಿಗೆ,medium
ಮೈಸೂರಿನಿಂದ,ಇದು,ಮೈಸೂರಿನಿಂದೇದು,medium
ಆಯೋಜಿಸುವ,ಉದ್ದ,ಆಯೋಜಿಸುವೋದ್ದ,medium
ಪಾರಿವಾಳಗಳು,ಉಪಾಧ್ಯಾಯ,ಪಾರಿವಾಳಗಳೂಪಾಧ್ಯಾಯ,medium
ತೀರದಲ್ಲಿದೆ,ಅಣೆಕಟ್ಟು,ತೀರದಲ್ಲಿದೆಯಣೆಕಟ್ಟು,medium
ಆದರಿಸಿತು,ಉಪಭಾಷೆಗಳೆಂದು,ಆದರಿಸಿತೂಪಭಾಷೆಗಳೆಂದು,medium
ವಿಸ್ತಾರವಾದ,ಉಪಭಾಷೆಗಳಾದ,ವಿಸ್ತಾರವಾದೋಪಭಾಷೆಗಳಾದ,medium
ಪ್ರತಿಬಿಂಬಿಸುವ,ಇರುವುದನ್ನು,ಪ್ರತಿಬಿಂಬಿಸುವೇರುವುದನ್ನು,medium
ವಿಶ್ವವಿದ್ಯಾಲಯದ,ಇಟ್ಟಿಗೆ,ವಿಶ್ವವಿದ್ಯಾಲಯದೇಟ್ಟಿಗೆ,medium
ಸರಣಿಗೆಸಕಲವ,ಆಚರಿಸುತ್ತಾರೆ,ಸರಣಿಗೆಸಕಲವಾಚರಿಸುತ್ತಾರೆ,medium
ಕನ್ಯೆಯ,ಆಯೋಗವನ್ನು,ಕನ್ಯೆಯಾಯೋಗವನ್ನು,medium
ಈಶಾನ್ಯ,ಆನೆಗೆ,ಈಶಾನ್ಯಾನೆಗೆ,medium
ರವಿರಾಜ,ಆದಾಗ್ಯೂ,ರವಿರಾಜಾದಾಗ್ಯೂ,medium
ಹೊಣೆ,ಅರಮನೆಗಳಿರುವುದರಿಂದ,ಹೊಣೆಯರಮನೆಗಳಿರುವುದರಿಂದ,medium
ಹೆಸರಾದ,ಆತ್ಮಸಾಕ್ಷಾತ್ಕಾರವೇ,ಹೆಸರಾದಾತ್ಮಸಾಕ್ಷಾತ್ಕಾರವೇ,medium
ಹರಿಯುತ್ತದೆ,ಅಗ್ರಸ್ಥಾನದಲ್ಲಿ,ಹರಿಯುತ್ತದೆಯಗ್ರಸ್ಥಾನದಲ್ಲಿ,medium
ರೂಪ,ಇಡಲಾಗಿದೆ,ರೂಪೇಡಲಾಗಿದೆ,medium
ಅಂತೆಯೆ,ಅರಕೇಶ್ವರ,ಅಂತೆಯೆಯರಕೇಶ್ವರ,medium
ಬರಹ,ಇಂಗಳೇಶ್ವರ,ಬರಹೇಂಗಳೇಶ್ವರ,medium
ಚಿಕ್ಕಪೇಟೆ,ಗುರುವಾದರೂ,ಚಿಕ್ಕಪೇಟಗಗುರುವಾದರೂ,medium
ಆವೃತವಾಗಿರುತ್ತದೆ,ಅಂಬು,ಆವೃತವಾಗಿರುತ್ತದೆಯಂಬು,medium
ವಿರಮಿಸುವವರು,ಉದಾಹರಣೆಗಳು,ವಿರಮಿಸುವವರೂದಾಹರಣೆಗಳು,medium
೨೭,ಆನೆಗುಂಡಿಯು,೨೭ಾನೆಗುಂಡಿಯು,medium
ವಿಜ್ಞಾನ,ಆರಂಭಿಸಿದರು,ವಿಜ್ಞಾನಾರಂಭಿಸಿದರು,medium
ನಾಶ,ಇದರ,ನಾಶೇದರ,medium
ಸಾಕ್ಷ್ಯವನ್ನು,ಉತ್ಪತ್ತಿಯಾಗಿವೆ,ಸಾಕ್ಷ್ಯವನ್ನೂತ್ಪತ್ತಿಯಾಗಿವೆ,medium
ಮೂಡಬೂಳ,ಆಹ್ಲಾದಕರ,ಮೂಡಬೂಳಾಹ್ಲಾದಕರ,medium
ಬಿಡುಗಡೆಯ,ಆರ್ಥಿಕ,ಬಿಡುಗಡೆಯಾರ್ಥಿಕ,medium
ಮಂಚೇಗೌಡನಕೊಪ್ಪಲು,ಉಪೇಂದ್ರ,ಮಂಚೇಗೌಡನಕೊಪ್ಪಲೂಪೇಂದ್ರ,medium
ಅಮರೇಶ್ವರ,ಆಧಿಪತ್ಯದಲ್ಲೇ,ಅಮರೇಶ್ವರಾಧಿಪತ್ಯದಲ್ಲೇ,medium
ದೂರದರ್ಶನ,ಇತ್ತು,ದೂರದರ್ಶನೇತ್ತು,medium
ಗಾದ್ರಣಿಗ,ಉಗ್ರನರಸಿಂಹ,ಗಾದ್ರಣಿಗೋಗ್ರನರಸಿಂಹ,medium
ವಿವರ,ಉದಾಹರಣೆಗೆ,ವಿವರೋದಾಹರಣೆಗೆ,medium
ದ್ವೀಪವನ್ನು,ಉಪದೇಶ,ದ್ವೀಪವನ್ನೂಪದೇಶ,medium
೧೨,ಇದು,೧೨ೇದು,medium
ಕೈಗಾರಿಕೆ,ಅಡಿಯ,ಕೈಗಾರಿಕೆಯಡಿಯ,medium
೧೬ನೆಯ,ಉಲ್ಲೇಖಿಸುತ್ತವೆ,೧೬ನೆಯೋಲ್ಲೇಖಿಸುತ್ತವೆ,medium
ಉಪಕರಣಗಳನ್ನು,ಉಪಯೋಗಿಸಲ್ಪಡುತ್ತವೆ,ಉಪಕರಣಗಳನ್ನೂಪಯೋಗಿಸಲ್ಪಡುತ್ತವೆ,medium
ಕೆತ್ತನೆಯ,ಇಡಲಾಯಿತು,ಕೆತ್ತನೆಯೇಡಲಾಯಿತು,medium
ವ್ಯಾಪಕವಾದ,ಇಲ್ಲವೇ,ವ್ಯಾಪಕವಾದೇಲ್ಲವೇ,medium
ನಡುವೆ,ಅಳಕೆ,ನಡುವೆಯಳಕೆ,medium
ಬಗೆಯಾದ,ಆತ್ಮಸಾಕ್ಷಾತ್ಕಾರವೇ,ಬಗೆಯಾದಾತ್ಮಸಾಕ್ಷಾತ್ಕಾರವೇ,medium
ಇಟಗಿಯ,ಆದಿಚುಂಚನಗಿರಿ,ಇಟಗಿಯಾದಿಚುಂಚನಗಿರಿ,medium
೧೯೮೧,ಆಕಾಶವಾಣಿ,೧೯೮೧ಾಕಾಶವಾಣಿ,medium
ಮಾತನಾಡುತ್ತಿದ್ದ,ಇತಿಹಾಸ,ಮಾತನಾಡುತ್ತಿದ್ದೇತಿಹಾಸ,medium
ನಾಗರಹೊಳೆ,ಅವನ,ನಾಗರಹೊಳೆಯವನ,medium
೩೦,ಆರಾಧಿಸುವ,೩೦ಾರಾಧಿಸುವ,medium
ಅಧಿಕ,ಉಪಭಾಷೆಗಳೆಂದು,ಅಧಿಕೋಪಭಾಷೆಗಳೆಂದು,medium
ಕಾರವಾರ,ಆಹ್ಲಾದಕರ,ಕಾರವಾರಾಹ್ಲಾದಕರ,medium
ಉತ್ತರಕ್ಕೆ,ಗ್ಯಾಲರಿ,ಉತ್ತರಕ್ಕಗಗ್ಯಾಲರಿ,medium
ಮೊಟ್ಟಮೊದಲ,ಉತ್ಪನ್ನಗಳಾದ,ಮೊಟ್ಟಮೊದಲೋತ್ಪನ್ನಗಳಾದ,medium
ನೋಡಲೆ,ಅವರೊಂದಿಗೆ,ನೋಡಲೆಯವರೊಂದಿಗೆ,medium
ಸಲ್ಲುತ್ತದೆ,ಅಭಯಾರಣ್ಯಗಳ,ಸಲ್ಲುತ್ತದೆಯಭಯಾರಣ್ಯಗಳ,medium
ಪೂರ್ವಕ್ಕೆ,ಗಿರೀಶ್,ಪೂರ್ವಕ್ಕಗಗಿರೀಶ್,medium
ಆಕರ್ಷಕವಾದ,ಆದರಿಸಿತು,ಆಕರ್ಷಕವಾದಾದರಿಸಿತು,medium
ತಿಳಿಯುತ್ತಾರೆ,ಗಣೇಶ್,ತಿಳಿಯುತ್ತಾರಗಗಣೇಶ್,medium
ಶ್ರೀನಿವಾಸ,ಇಂಡೊ,ಶ್ರೀನಿವಾಸೇಂಡೊ,medium
ಸ್ಮಾರಕವಾಗಿದೆ,ಅಗ್ರಮಾನ್ಯ,ಸ್ಮಾರಕವಾಗಿದೆಯಗ್ರಮಾನ್ಯ,medium
ಪ್ರಪಂಚದಾದ್ಯಂತ,ಇವೆ,ಪ್ರಪಂಚದಾದ್ಯಂತೇವೆ,medium
ಸ್ಪರ್ಶವಿದೆ,ಅವರದು,ಸ್ಪರ್ಶವಿದೆಯವರದು,medium
೨೫೪,ಆಧಾರಿತ,೨೫೪ಾಧಾರಿತ,medium
ಮಾಲ್ಡೀವ್ಸ್,ಗಾದ್ರಣಿಗ,ಮಾಲ್ಡೀವ್ಸಗಗಾದ್ರಣಿಗ,medium
ಪ್ರಪಂಚದಲ್ಲಿರುವ,ಉಪಭಾಷೆಗಳಾದ,ಪ್ರಪಂಚದಲ್ಲಿರುವೋಪಭಾಷೆಗಳಾದ,medium
ಮುಂದುವರಿದ,ಉಪಯೋಗಿಸಲ್ಪಡುತ್ತವೆ,ಮುಂದುವರಿದೋಪಯೋಗಿಸಲ್ಪಡುತ್ತವೆ,medium
ಪ್ರವಾಸಿಗರಿಗೆ,ಗುಂಬಜವು,ಪ್ರವಾಸಿಗರಿಗಗಗುಂಬಜವು,medium
ತತ್ಸಮ,ಇಸ್ರೋ,ತತ್ಸಮೇಸ್ರೋ,medium
ವರದಿಯಾಗಿದೆ,ಗಳೊಂದಿಗೆ,ವರದಿಯಾಗಿದಗಗಳೊಂದಿಗೆ,medium
ನಗರದ,ಆಡಿದ,ನಗರದಾಡಿದ,medium
ದಾಖಲಿಸಿದೆ,ಅಧ್ಯಯನಕ್ಕಾಗಿ,ದಾಖಲಿಸಿದೆಯಧ್ಯಯನಕ್ಕಾಗಿ,medium
ಕಂದಾಚಾರದ,ಇನ್ಸ್ತ್ರುಮೆನ್ತ್ಸ್,ಕಂದಾಚಾರದೇನ್ಸ್ತ್ರುಮೆನ್ತ್ಸ್,medium
ಮನೆಗೆ,ಅನುಭದ,ಮನೆಗೆಯನುಭದ,medium
ಯಕ್ಕಲಗಾನ,ಇವರಿಗೆ,ಯಕ್ಕಲಗಾನೇವರಿಗೆ,medium
ಚಂದನ,ಇವುಗಳ,ಚಂದನೇವುಗಳ,medium
ಸರ್ಕಾರದ,ಇರಲಿಲ್ಲ,ಸರ್ಕಾರದೇರಲಿಲ್ಲ,medium
ರೂಢಿಗೆ,ಅಧ್ಯಯನಗಳು,ರೂಢಿಗೆಯಧ್ಯಯನಗಳು,medium
ಗುಡಿಯನ್ನು,ಉಪನದಿಗಳಲ್ಲಿ,ಗುಡಿಯನ್ನೂಪನದಿಗಳಲ್ಲಿ,medium
ರಾಮಚಂದ್ರ,ಉತ್ತರದಲ್ಲಿ,ರಾಮಚಂದ್ರೋತ್ತರದಲ್ಲಿ,medium
೮೬೮,ಉಪಯೋಗಿಸಿ,೮೬೮ೋಪಯೋಗಿಸಿ,medium
ಒಳಭಾಗದಲ್ಲಿದ್ದು,ಉದಾಹರಣೆ,ಒಳಭಾಗದಲ್ಲಿದ್ದೂದಾಹರಣೆ,medium
ಗಣೇಶ,ಉಪಕರಣಗಳನ್ನು,ಗಣೇಶೋಪಕರಣಗಳನ್ನು,medium
ನಗರವೆಂಬ,ಇಷ್ಟಲಿಂಗ,ನಗರವೆಂಬೇಷ್ಟಲಿಂಗ,medium
ತಿಳಿಯುತ್ತಾರೆ,ಗ್ರಾಮ,ತಿಳಿಯುತ್ತಾರಗಗ್ರಾಮ,medium
ಈಗಿನ,ಇದಾಗಿದೆ,ಈಗಿನೇದಾಗಿದೆ,medium
ಪ್ರತಿಧ್ವನಿತವಾಗುತ್ತದೆ,ಅಂಗಳ,ಪ್ರತಿಧ್ವನಿತವಾಗುತ್ತದೆಯಂಗಳ,medium
ದೇಶೀಯ,ಇನ್ನೂ,ದೇಶೀಯೇನ್ನೂ,medium
೯೩೮ಚದರ,ಉದಾಯವಾಯಿತು,೯೩೮ಚದರೋದಾಯವಾಯಿತು,medium
ರೂಢಿಯಲ್ಲಿವೆ,ಗ್ರಾಮದೇವತೆ,ರೂಢಿಯಲ್ಲಿವಗಗ್ರಾಮದೇವತೆ,medium
ವು,ಉತ್ಪನ್ನಗಳಾದ,ವೂತ್ಪನ್ನಗಳಾದ,medium
ಮಂದಾರ,ಇಂದುಕಲಾ,ಮಂದಾರೇಂದುಕಲಾ,medium
ಪಸರಕ್ಕನುವಿಲ್ಲ,ಆಲ್ಬಂ,ಪಸರಕ್ಕನುವಿಲ್ಲಾಲ್ಬಂ,medium
ಕಳ್ಯಾಣದಿಂದ,ಆಧಾರವಾಗಿದೆ,ಕಳ್ಯಾಣದಿಂದಾಧಾರವಾಗಿದೆ,medium
ಪುಟ್ಟಪ್ಪನವರಿಗೆ,ಅರ್ಥ,ಪುಟ್ಟಪ್ಪನವರಿಗೆಯರ್ಥ,medium
ಚಾಲನೆಯಲ್ಲಿದೆ,ಅದರ,ಚಾಲನೆಯಲ್ಲಿದೆಯದರ,medium
ತರಂಗಾಂತರ,ಆನೆಗಳು,ತರಂಗಾಂತರಾನೆಗಳು,medium
ವೈದ್ಯನಾಥೇಶ್ವರ,ಉತ್ಪನ್ನಗಳಾದ,ವೈದ್ಯನಾಥೇಶ್ವರೋತ್ಪನ್ನಗಳಾದ,medium
ಭಿಮಕ್ಕನ,ಇದೊಂದು,ಭಿಮಕ್ಕನೇದೊಂದು,medium
೫೫,ಉಷ್ಣವಲಯದ,೫೫ೋಷ್ಣವಲಯದ,medium
ಒರಲು,ಉಪಾಧ್ಯಾಯ,ಒರಲೂಪಾಧ್ಯಾಯ,medium
ಅಗಾಧ,ಉಗಮಕ್ಕಾಗಿ,ಅಗಾಧೋಗಮಕ್ಕಾಗಿ,medium
ವ್ಯಂಜನಗಳನ್ನು,ಉಂಟಾಗುತ್ತವೆ,ವ್ಯಂಜನಗಳನ್ನೂಂಟಾಗುತ್ತವೆ,medium
ಕಟ್ಟುವ,ಇದನ್ನರಿತ,ಕಟ್ಟುವೇದನ್ನರಿತ,medium
ಉಬ್ಬಿರುವ,ಆಕರಗಳಿಂದಲೂ,ಉಬ್ಬಿರುವಾಕರಗಳಿಂದಲೂ,medium
೨೦೦೫,ಉತ್ಪಾದನೆಯ,೨೦೦೫ೋತ್ಪಾದನೆಯ,medium
ಬೈಚಬಾಳ,ಆಳ್ವಿಕೆ,ಬೈಚಬಾಳಾಳ್ವಿಕೆ,medium
ಪ್ರದರ್ಶನ,ಉಚ್ಚ,ಪ್ರದರ್ಶನೋಚ್ಚ,medium
ತಗ್ಗಿನ,ಉದ್ದವಾಗಿದೆ,ತಗ್ಗಿನೋದ್ದವಾಗಿದೆ,medium
ಸ್ವಯಂ,ಉಪಯೋಗಿತವಾದವು,ಸ್ವಯಂೋಪಯೋಗಿತವಾದವು,medium
ವಚನರಚನೆ,ಅರಮನೆಯಾಗಿತ್ತು,ವಚನರಚನೆಯರಮನೆಯಾಗಿತ್ತು,medium
ರವೀಂದ್ರ,ಆಭರಣಗಳಿಂದ,ರವೀಂದ್ರಾಭರಣಗಳಿಂದ,medium
ಅಭ್ಯಾಸ,ಇಟಲಿಯ,ಅಭ್ಯಾಸೇಟಲಿಯ,medium
ನಿಸರ್ಗದ,ಇಷ್ಟೇ,ನಿಸರ್ಗದೇಷ್ಟೇ,medium
ಮಾತ್ರ,ಇಳಿದುಕೊಳ್ಳಲು,ಮಾತ್ರೇಳಿದುಕೊಳ್ಳಲು,medium
ವ್ಯಂಜನಗಳೆನ್ನುತ್ತೇವೆ,ಗಣಪತಿ,ವ್ಯಂಜನಗಳೆನ್ನುತ್ತೇವಗಗಣಪತಿ,medium
ಶ್ರೀರಾಮಪುರ,ಆರಾಧಿಸುವ,ಶ್ರೀರಾಮಪುರಾರಾಧಿಸುವ,medium
ಸಾಮಗ್ರಿಗಳು,ಉತ್ಪನ್ನಗಳು,ಸಾಮಗ್ರಿಗಳೂತ್ಪನ್ನಗಳು,medium
ಅನುಪ್,ಗುಲ್ಬರ್ಗಾಗಳನ್ನೊಳಗೊಳ್ಳುವ,ಅನುಪಗಗುಲ್ಬರ್ಗಾಗಳನ್ನೊಳಗೊಳ್ಳುವ,medium
ನೆನಪಿಗೆ,ಗೌರವ,ನೆನಪಿಗಗಗೌರವ,medium
ಒತ್ತಕ್ಷರ,ಇವೆ,ಒತ್ತಕ್ಷರೇವೆ,medium
ಮಹಿಷ,ಆಸ್ಟಿನ್,ಮಹಿಷಾಸ್ಟಿನ್,medium
ಭಟ್ಟ,ಆನೆಗುಂಡಿ,ಭಟ್ಟಾನೆಗುಂಡಿ,medium
ಮಿನಾ,ಉರಿಲಿಂಗಪೆದ್ದಿಗಳ,ಮಿನೋರಿಲಿಂಗಪೆದ್ದಿಗಳ,medium
ಮಾಡಿದ್ದಾಳೆಂದರೆ,ಗರಿಷ್ಠ,ಮಾಡಿದ್ದಾಳೆಂದರಗಗರಿಷ್ಠ,medium
ಬಾಗ್,ಗುರುಗಳಾಗಿದ್ದರು,ಬಾಗಗಗುರುಗಳಾಗಿದ್ದರು,medium
ಸಿದ್ದಾರ್ಥನಗರ,ಆರನೆಯ,ಸಿದ್ದಾರ್ಥನಗರಾರನೆಯ,medium
ಉಗಮಿಸುವ,ಆಗಸ್ಟ್,ಉಗಮಿಸುವಾಗಸ್ಟ್,medium
೭೦,ಆದಿಯಲ್ಲಿ,೭೦ಾದಿಯಲ್ಲಿ,medium
ಮಾರಮ್ಮ,ಇತಿಹಾಸ,ಮಾರಮ್ಮೇತಿಹಾಸ,medium
ಧರ್ಮ,ಇಂದಿನವರೆಗೂ,ಧರ್ಮೇಂದಿನವರೆಗೂ,medium
ಸುತ್ತ,ಆರಂಭವಾಗಿವೆ,ಸುತ್ತಾರಂಭವಾಗಿವೆ,medium
ಕಾದಂಬರಿಗಳಾದ,ಇದು,ಕಾದಂಬರಿಗಳಾದೇದು,medium
ಭಗವಾನ,ಆತ್ಮಸಾಕ್ಷಾತ್ಕಾರವೇ,ಭಗವಾನಾತ್ಮಸಾಕ್ಷಾತ್ಕಾರವೇ,medium
ಭೂತಾನ,ಇಲ್ಲಿರುವ,ಭೂತಾನೇಲ್ಲಿರುವ,medium
ಮುಂಚೂಣಿಯ,ಉಲ್ಲೇಖಿಸುತ್ತವೆ,ಮುಂಚೂಣಿಯೋಲ್ಲೇಖಿಸುತ್ತವೆ,medium
ಸೋಮಾ,ಆಸ್ಟ್ರೇಲಿಯಾದಲ್ಲಿ,ಸೋಮಾಸ್ಟ್ರೇಲಿಯಾದಲ್ಲಿ,medium
ಹೋಬಳಿಗಳ,ಉಪೇಂದ್ರ,ಹೋಬಳಿಗಳೋಪೇಂದ್ರ,medium
ಎಡ,ಉಚ್ಚರಿಸಬಹುದಾದ,ಎಡೋಚ್ಚರಿಸಬಹುದಾದ,medium
ಭಟ್ಟ,ಆಕಾರದ,ಭಟ್ಟಾಕಾರದ,medium
ಅನುಪ್,ಗ್ರಾಂಡ್,ಅನುಪಗಗ್ರಾಂಡ್,medium
ಸಲ್ಲುತ್ತದೆ,ಅಶ್ವತ್ಥ,ಸಲ್ಲುತ್ತದೆಯಶ್ವತ್ಥ,medium
ಕೇಂದ್ರವಾದ,ಇಲ್ಲ,ಕೇಂದ್ರವಾದೇಲ್ಲ,medium
ಕ್ಷೇತ್ರಕ್ಕೆ,ಅರ್ಪಿಸಿದ,ಕ್ಷೇತ್ರಕ್ಕೆಯರ್ಪಿಸಿದ,medium
ವೆಂಕಟ್ಟಪ್ಪ,ಇತಿಹಾಸದ,ವೆಂಕಟ್ಟಪ್ಪೇತಿಹಾಸದ,medium
ಹೊಯ್ಸಳ,ಇದಲ್ಲದೆ,ಹೊಯ್ಸಳೇದಲ್ಲದೆ,medium
ಪೂಜಿಸಬಹುದು,ಉದ್ದೇಶ,ಪೂಜಿಸಬಹುದೂದ್ದೇಶ,medium
ಟಿಆರ್,ಗಿಳಿ,ಟಿಆರಗಗಿಳಿ,medium
ಕಾವಲ್,ಗಳಿಸಿದೆ,ಕಾವಲಗಗಳಿಸಿದೆ,medium
ವಿಮಾನ,ಇನ್ನೊಂದು,ವಿಮಾನೇನ್ನೊಂದು,medium
ಮೊದಲಬಾರಿಗೆ,ಅಸುರರಿಗೆ,ಮೊದಲಬಾರಿಗೆಯಸುರರಿಗೆ,medium
ಒಬ್ಬ,ಇಂಗಳೇಶ್ವರ,ಒಬ್ಬೇಂಗಳೇಶ್ವರ,medium
ಹುಟ್ಟಿತೆಂದೆನ್ನುವುದನು,ಉಪಾಧಿಗಳೂ,ಹುಟ್ಟಿತೆಂದೆನ್ನುವುದನೂಪಾಧಿಗಳೂ,medium
ರಂಗಿತರಂಗ,ಆನಂದ್,ರಂಗಿತರಂಗಾನಂದ್,medium
ಕುಲ,ಆನಂದೇಶ್ವರ,ಕುಲಾನಂದೇಶ್ವರ,medium
ಕಲ್ಪವೃಕ್ಷ,ಇವರ,ಕಲ್ಪವೃಕ್ಷೇವರ,medium
ಶೈಲಿಯ,ಇಳಿದುಕೊಳ್ಳಲು,ಶೈಲಿಯೇಳಿದುಕೊಳ್ಳಲು,medium
ಭಾವ,ಉತ್ತರಕ್ಕೆ,ಭಾವೋತ್ತರಕ್ಕೆ,medium
ಕವಿಗಳಿಂದ,ಉಪನದಿಗಳಲ್ಲಿ,ಕವಿಗಳಿಂದೋಪನದಿಗಳಲ್ಲಿ,medium
ತಿಳಿಯುತ್ತದೆ,ಅರೆಯೂರು,ತಿಳಿಯುತ್ತದೆಯರೆಯೂರು,medium
ಪಡೆದರು,ಉಲ್ಲೇಖನ,ಪಡೆದರೂಲ್ಲೇಖನ,medium
ನಂಬಿಕೆ,ಗೋಪುರವನ್ನು,ನಂಬಿಕಗಗೋಪುರವನ್ನು,medium
ಬೋಳಾರ,ಉಷ್ಣಾಂಶವಿರುವುದು,ಬೋಳಾರೋಷ್ಣಾಂಶವಿರುವುದು,medium
ಕುದಿಯುತ್ತಿದ್ದ,ಆಂಧ್ರ,ಕುದಿಯುತ್ತಿದ್ದಾಂಧ್ರ,medium
ರಾಜ್ಯದಿಂದ,ಉರಿಮಸಾನಿ,ರಾಜ್ಯದಿಂದೋರಿಮಸಾನಿ,medium
ಸುಜನಾ,ಆವರಣದಲ್ಲಿ,ಸುಜನಾವರಣದಲ್ಲಿ,medium
ಕೈಗಾರಿಕಾ,ಉಪಯೋಗಿಸಲ್ಪಡುವ,ಕೈಗಾರಿಕೋಪಯೋಗಿಸಲ್ಪಡುವ,medium
ಇವರಿಗೆ,ಅಧಿಕೃತವಾಗಿ,ಇವರಿಗೆಯಧಿಕೃತವಾಗಿ,medium
ಪ್ರತ್ಯಯ,ಆಕರ್ಷಿಸಿತು,ಪ್ರತ್ಯಯಾಕರ್ಷಿಸಿತು,medium
ಓಡಾಡುತ್ತಿವೆ,ಅಂದಾಜು,ಓಡಾಡುತ್ತಿವೆಯಂದಾಜು,medium
ಆರಿಸಿಕೊಂಡ,ಆಕಾರದ,ಆರಿಸಿಕೊಂಡಾಕಾರದ,medium
ಸುಧೀಂದ್ರ,ಉದ್ಯೋಗ,ಸುಧೀಂದ್ರೋದ್ಯೋಗ,medium
ತುದಿಯಿಂದ,ಆಕ್ರಮಣಗೊಂಡು,ತುದಿಯಿಂದಾಕ್ರಮಣಗೊಂಡು,medium
ಬಿಡುಗಡೆಯ,ಆದರೆ,ಬಿಡುಗಡೆಯಾದರೆ,medium
ಜನವಸತಿಯ,ಆನೆಗೊಂದಿ,ಜನವಸತಿಯಾನೆಗೊಂದಿ,medium
ವೃಷಭದೇವನ,ಆಂಗ್ಲೋ,ವೃಷಭದೇವನಾಂಗ್ಲೋ,medium
ಲಿಂಗದ,ಆರಿಸಿಕೊಂಡ,ಲಿಂಗದಾರಿಸಿಕೊಂಡ,medium
ಕಲಾ,ಉಪಭಾಷೆಗಳೆಂದು,ಕಲೋಪಭಾಷೆಗಳೆಂದು,medium
ಗೇಟ್,ಗೋಥಿಕ್,ಗೇಟಗಗೋಥಿಕ್,medium
ಕಪ್ಪೆ,ಗುರುದ್ವಾರ,ಕಪ್ಪಗಗುರುದ್ವಾರ,medium
ತುರ್ತು,ಉಗಮಗೊಂಡವು,ತುರ್ತೂಗಮಗೊಂಡವು,medium
ಕುಮಾರ,ಆಕ್ಟೀವ್,ಕುಮಾರಾಕ್ಟೀವ್,medium
ಹುಡುಗಿಗೆ,ಅವೆಂದರೆ,ಹುಡುಗಿಗೆಯವೆಂದರೆ,medium
ಬೆಟ್ಟವನ್ನೇರಲು,ಉಳಿದಂತೆ,ಬೆಟ್ಟವನ್ನೇರಲೂಳಿದಂತೆ,medium
ಸಂದಾಯವಾದಂತಾಯ್ತು,ಉಪಯೋಗಿಸಲ್ಪಡುವ,ಸಂದಾಯವಾದಂತಾಯ್ತೂಪಯೋಗಿಸಲ್ಪಡುವ,medium
ಇತಿಹಾಸಕಾರರ,ಆಗಸ್ಟ್,ಇತಿಹಾಸಕಾರರಾಗಸ್ಟ್,medium
ಉಪಯೋಗಿಸಲ್ಪಡುವ,ಉದಾಹರಣೆಗಳು,ಉಪಯೋಗಿಸಲ್ಪಡುವೋದಾಹರಣೆಗಳು,medium
ಸಂಸ್ಥೆಗಳೆಂದರೆ,ಅಂಕುಶವನ್ನು,ಸಂಸ್ಥೆಗಳೆಂದರೆಯಂಕುಶವನ್ನು,medium
ಸೀತಮ್ಮ,ಆಳ್ವಿಕೆಗೆ,ಸೀತಮ್ಮಾಳ್ವಿಕೆಗೆ,medium
ಗ್ರಾಮದೇವತೆ,ಅದನ್ನು,ಗ್ರಾಮದೇವತೆಯದನ್ನು,medium
ಕಲೆಯ,ಆಚರಿಸುವುದಾಗಿ,ಕಲೆಯಾಚರಿಸುವುದಾಗಿ,medium
ಸೇರಿಸಲಾಯಿತು,ಉಪನದಿಗಳಿವೆ,ಸೇರಿಸಲಾಯಿತೂಪನದಿಗಳಿವೆ,medium
ಉದಾಹರಣೆ,ಅವಶ್ಯಕತೆ,ಉದಾಹರಣೆಯವಶ್ಯಕತೆ,medium
ಕಾದಂಬರಿಗಳಾದ,ಉನ್ನತ,ಕಾದಂಬರಿಗಳಾದೋನ್ನತ,medium
ಜಗತ್ತಿನಾದ್ಯಂತ,ಇಂದಿರಾ,ಜಗತ್ತಿನಾದ್ಯಂತೇಂದಿರಾ,medium
ವಿಶ್ವೇಶ್ವರ,ಉಪನದಿಗಳಲ್ಲಿ,ವಿಶ್ವೇಶ್ವರೋಪನದಿಗಳಲ್ಲಿ,medium
ಆಗರವೆಂದು,ಉದ್ದ,ಆಗರವೆಂದೂದ್ದ,medium
ಇಳಿಯುವ,ಆಳ್ವಿಕೆ,ಇಳಿಯುವಾಳ್ವಿಕೆ,medium
೨೬೮,ಇದುವರೆಗೆ,೨೬೮ೇದುವರೆಗೆ,medium
ದೀರ್ಘಸ್ವರಗಳ,ಆಫೀಸ್,ದೀರ್ಘಸ್ವರಗಳಾಫೀಸ್,medium
ನಮ್ಮವ,ಉಗ್ರ,ನಮ್ಮವೋಗ್ರ,medium
ನೇಪಾಳ,ಇಂಥ,ನೇಪಾಳೇಂಥ,medium
ಉಪಭಾಷೆಗಳಾದ,ಉದಾಯವಾಯಿತು,ಉಪಭಾಷೆಗಳಾದೋದಾಯವಾಯಿತು,medium
ಸಾವಿರಾರು,ಉದಾಹರಣೆ,ಸಾವಿರಾರೂದಾಹರಣೆ,medium
ನಾಲ್ಕನೆಯ,ಆದುದರಿಂದ,ನಾಲ್ಕನೆಯಾದುದರಿಂದ,medium
ಧಾರ್ಮಿಕ,ಆನೆಯ,ಧಾರ್ಮಿಕಾನೆಯ,medium
ಪ್ರದೇಶದಿಂದ,ಇವೆ,ಪ್ರದೇಶದಿಂದೇವೆ,medium
ಊಹಿಸಬಹುದಾಗಿದೆ,ಗಾಂಧಿಯವರ,ಊಹಿಸಬಹುದಾಗಿದಗಗಾಂಧಿಯವರ,medium
ಛಾಯಾಚಿತ್ರಗಳು,ಉತ್ಸವವಾಗಿದ್ದು,ಛಾಯಾಚಿತ್ರಗಳೂತ್ಸವವಾಗಿದ್ದು,medium
ಕಲ್ಲಿನಿಂದ,ಆದರಿಸಿತು,ಕಲ್ಲಿನಿಂದಾದರಿಸಿತು,medium
ಸೃಷ್ಟಿಯಾಗಿವೆ,ಅರಮನೆಯಾಗಿತ್ತು,ಸೃಷ್ಟಿಯಾಗಿವೆಯರಮನೆಯಾಗಿತ್ತು,medium
ಹಾಡಿದನೆಂದರೆ,ಗುರುವಾದರೂ,ಹಾಡಿದನೆಂದರಗಗುರುವಾದರೂ,medium
ಅಭಿಪ್ರಾಯಪಡುತ್ತಾರೆ,ಗುಡ್ದಪ್ಪ,ಅಭಿಪ್ರಾಯಪಡುತ್ತಾರಗಗುಡ್ದಪ್ಪ,medium
ಊಡುಗೋರೆ,ಅಚ್ಚಕಾವ್ಯಕೆ,ಊಡುಗೋರೆಯಚ್ಚಕಾವ್ಯಕೆ,medium
ಕನ್ನಡಕ್ಕೆ,ಅಲ್ಪಾವಧಿ,ಕನ್ನಡಕ್ಕೆಯಲ್ಪಾವಧಿ,medium
ದೇವತೆ,ಅಂದಾಜು,ದೇವತೆಯಂದಾಜು,medium
ತಟ್ಟಿದರೆ,ಗುಲ್ಬರ್ಗಾಗಳನ್ನೊಳಗೊಳ್ಳುವ,ತಟ್ಟಿದರಗಗುಲ್ಬರ್ಗಾಗಳನ್ನೊಳಗೊಳ್ಳುವ,medium
ಸುತ್ತುವರಿಯಲ್ಪಟ್ಟಿದೆ,ಗಳಿಸಿತು,ಸುತ್ತುವರಿಯಲ್ಪಟ್ಟಿದಗಗಳಿಸಿತು,medium
ಶಕ,ಇನ್ಫೊಸಿಸ್,ಶಕೇನ್ಫೊಸಿಸ್,medium
ಸುಬ್ರಾಯ,ಇಂದ್ರ,ಸುಬ್ರಾಯೇಂದ್ರ,medium
ಆಧುನಿಕ,ಉದ್ದಕ್ಕೂ,ಆಧುನಿಕೋದ್ದಕ್ಕೂ,medium
ಉನ್ನತ,ಆಗ್ನೇಯಕ್ಕೆ,ಉನ್ನತಾಗ್ನೇಯಕ್ಕೆ,medium
ಪಾರ್ವತಮ್ಮ,ಉದ್ದೇಶ,ಪಾರ್ವತಮ್ಮೋದ್ದೇಶ,medium
ಜಗತ್ತಿನಾದ್ಯಂತ,ಆಗ್ನೇಯ,ಜಗತ್ತಿನಾದ್ಯಂತಾಗ್ನೇಯ,medium
ನಿರ್ಮಿಸಲಾಗಿತ್ತು,ಉಪಖಂಡದ,ನಿರ್ಮಿಸಲಾಗಿತ್ತೂಪಖಂಡದ,medium
ಬ್ರಾಹ್ಮಿಲಿಪಿಯಿಂದ,ಇತಿಹಾಸ,ಬ್ರಾಹ್ಮಿಲಿಪಿಯಿಂದೇತಿಹಾಸ,medium
ಕಾವ್ಯತಂತ್ರ,ಆರಂಭದೊಂದಿಗೆ,ಕಾವ್ಯತಂತ್ರಾರಂಭದೊಂದಿಗೆ,medium
ನೃತ್ಯ,ಆನಂದೇಶ್ವರ,ನೃತ್ಯಾನಂದೇಶ್ವರ,medium
ಪುಟ್ಟಪ್ಪನವರಂತೆ,ಅಂಶಗಳನ್ನು,ಪುಟ್ಟಪ್ಪನವರಂತೆಯಂಶಗಳನ್ನು,medium
ತಡೆಯದೆ,ಅರಮನೆಗಳ,ತಡೆಯದೆಯರಮನೆಗಳ,medium
ಅನಿಸುವುದಿಲ್ಲ,ಉತ್ತರ,ಅನಿಸುವುದಿಲ್ಲೋತ್ತರ,medium
ವಾಸಸ್ಥಾನ,ಆಧಿಪತ್ಯದಲ್ಲೇ,ವಾಸಸ್ಥಾನಾಧಿಪತ್ಯದಲ್ಲೇ,medium
ಮನಶುದ್ಧವಿಲ್ಲದವಂಗೆ,ಗಮನಾರ್ಹ,ಮನಶುದ್ಧವಿಲ್ಲದವಂಗಗಗಮನಾರ್ಹ,medium
ಎಡಗೈಯ,ಆಗ್ನೇಯ,ಎಡಗೈಯಾಗ್ನೇಯ,medium
ವ್ಯವಸಾಯ,ಉಗ್ರ,ವ್ಯವಸಾಯೋಗ್ರ,medium
ಉಚ್ಚವರ್ಣದ,ಉಳಿದಿದೆ,ಉಚ್ಚವರ್ಣದೋಳಿದಿದೆ,medium
ಮಾಡಿದಾಗ,ಆದ್ದರಿಂದ,ಮಾಡಿದಾಗಾದ್ದರಿಂದ,medium
ಅರ್ಥಕ್ಕೆ,ಅರ್ಥರ್,ಅರ್ಥಕ್ಕೆಯರ್ಥರ್,medium
ಮಣ್ಣಿನ,ಆನೆಗುಂಡಿಯನ್ನು,ಮಣ್ಣಿನಾನೆಗುಂಡಿಯನ್ನು,medium
ಗಾಂಧಿಯವರ,ಉದಾಃ,ಗಾಂಧಿಯವರೋದಾಃ,medium
ಬೆಳೆಯುತ್ತಿರುವ,ಇಂತಹ,ಬೆಳೆಯುತ್ತಿರುವೇಂತಹ,medium
ಸೇತುವೆ,ಗಂಟೆಗಳಲ್ಲಿ,ಸೇತುವಗಗಂಟೆಗಳಲ್ಲಿ,medium
ಸದ್ಭಕ್ತಂಗೆ,ಗುಡ್ದಪ್ಪ,ಸದ್ಭಕ್ತಂಗಗಗುಡ್ದಪ್ಪ,medium
ಮುನ್ನ,ಆನೆಗೆ,ಮುನ್ನಾನೆಗೆ,medium
ಇದನ್ನು,ಉಪಯೋಗಿಸಲ್ಪಡುವ,ಇದನ್ನೂಪಯೋಗಿಸಲ್ಪಡುವ,medium
ಕಲ್ಪನಾಶಕ್ತಿಯೊಂದಿಗೆ,ಗಳಿಸಿದೆ,ಕಲ್ಪನಾಶಕ್ತಿಯೊಂದಿಗಗಗಳಿಸಿದೆ,medium
ವಾಸುದೇವ,ಇದೊಂದು,ವಾಸುದೇವೇದೊಂದು,medium
ಮನೆ,ಗಳೊಂದಿಗೆ,ಮನಗಗಳೊಂದಿಗೆ,medium
ವಂಶ,ಉಚ್ಚ,ವಂಶೋಚ್ಚ,medium
ಅನುಭವ,ಆಗಿನ,ಅನುಭವಾಗಿನ,medium
ಸಂಯುಕ್ತ,ಆದಾಗ್ಯೂ,ಸಂಯುಕ್ತಾದಾಗ್ಯೂ,medium
ರಾಜ್ಯಗಳ,ಇಂಜಿನಿಯರಿಂಗ್,ರಾಜ್ಯಗಳೇಂಜಿನಿಯರಿಂಗ್,medium
ನೀಡುತ್ತದೆ,ಅರಿವು,ನೀಡುತ್ತದೆಯರಿವು,medium
ಕನ್ನದಿಪೆ,ಅಂಬಾ,ಕನ್ನದಿಪೆಯಂಬಾ,medium
ಜಾತಿಯ,ಇನ್ಫೊಸಿಸ್,ಜಾತಿಯೇನ್ಫೊಸಿಸ್,medium
ಗಂಗ,ಆಗಿದೆ,ಗಂಗಾಗಿದೆ,medium
ಎಲೆ,ಅಗಲದ,ಎಲೆಯಗಲದ,medium
ರಾಷ್ಟ್ರೀಯ,ಉತ್ತಮವಾದ,ರಾಷ್ಟ್ರೀಯೋತ್ತಮವಾದ,medium
ಬಾಂಬೆ,ಅರ್,ಬಾಂಬೆಯರ್,medium
ಧರ್ಮಸ್ಥಳ,ಇದುವರೆಗೆ,ಧರ್ಮಸ್ಥಳೇದುವರೆಗೆ,medium
ಹೊರಹೊಮ್ಮಿಸುವ,ಆರಂಭದೊಂದಿಗೆ,ಹೊರಹೊಮ್ಮಿಸುವಾರಂಭದೊಂದಿಗೆ,medium
ಬನುಮಯ್ಯ,ಇಂಡಿಯನ್,ಬನುಮಯ್ಯೇಂಡಿಯನ್,medium
ಹುಟ್ಟೂರಾದ,ಆಕರ್ಷಿಸುತ್ತಿದೆ,ಹುಟ್ಟೂರಾದಾಕರ್ಷಿಸುತ್ತಿದೆ,medium
ಆಟ,ಉಡುಗೆ,ಆಟೋಡುಗೆ,medium
೧೯೮೩,ಇಲ್ಲದೆ,೧೯೮೩ೇಲ್ಲದೆ,medium
ಯಾಕುತ್,ಗಂಗ,ಯಾಕುತಗಗಂಗ,medium
ಮೇಲಿದೆ,ಗೋಚರಿಸುತ್ತವೆ,ಮೇಲಿದಗಗೋಚರಿಸುತ್ತವೆ,medium
ದೇವಾಲಯಗಳು,ಉಳಿದಿತ್ತು,ದೇವಾಲಯಗಳೂಳಿದಿತ್ತು,medium
ಪಂಪನ,ಇಮ್ಮಡಿ,ಪಂಪನೇಮ್ಮಡಿ,medium
ಸಹಸ್ರಮಾನದ,ಆಧುನಿಕ,ಸಹಸ್ರಮಾನದಾಧುನಿಕ,medium
ಮೊಟ್ಟಮೊದಲ,ಆಳವಾಗಿ,ಮೊಟ್ಟಮೊದಲಾಳವಾಗಿ,medium
ತಾಣ,ಇದು,ತಾಣೇದು,medium
ಪದಬಂಧ,ಆಡಿದ,ಪದಬಂಧಾಡಿದ,medium
ಭೂತ,ಉಂಟಾಗಿತ್ತು,ಭೂತೋಂಟಾಗಿತ್ತು,medium
ಬೋಳಾರ,ಆರ್ಕಿಯನ್,ಬೋಳಾರಾರ್ಕಿಯನ್,medium
ಬರಹಗಾರ,ಇಲ್ಲದೆ,ಬರಹಗಾರೇಲ್ಲದೆ,medium
ತಾರತಮ್ಯ,ಆಹ್ಲಾದಕರ,ತಾರತಮ್ಯಾಹ್ಲಾದಕರ,medium
ಕಲಿತವರ,ಆಧಾರಿತ,ಕಲಿತವರಾಧಾರಿತ,medium
ಸಾಗರ,ಆಗಿತ್ತು,ಸಾಗರಾಗಿತ್ತು,medium
ಉದ್ಯಾನ,ಇರಿಸಲಾಗಿದೆ,ಉದ್ಯಾನೇರಿಸಲಾಗಿದೆ,medium
ಹರಕೆಯ,ಉಪಯೋಗಿಸಲಾಗಿರುವ,ಹರಕೆಯೋಪಯೋಗಿಸಲಾಗಿರುವ,medium
ಹಲವರು,ಉಪಭಾಷೆಗಳಾದ,ಹಲವರೂಪಭಾಷೆಗಳಾದ,medium
೧೯೧೭,ಆರಾಮವಾಗಿ,೧೯೧೭ಾರಾಮವಾಗಿ,medium
ಮುಂದುವರಿದ,ಆದಿಶೇಷನ,ಮುಂದುವರಿದಾದಿಶೇಷನ,medium
ಎತ್ತರವಿರುವ,ಇಲಾಖೆಯನ್ನು,ಎತ್ತರವಿರುವೇಲಾಖೆಯನ್ನು,medium
ಬೋಳಾರ,ಆನೆಗುಂಡಿ,ಬೋಳಾರಾನೆಗುಂಡಿ,medium
ಅಭಿಮಾನದ,ಇರುವುದನ್ನು,ಅಭಿಮಾನದೇರುವುದನ್ನು,medium
ಆರನೆಯ,ಇನ್ಸ್ತ್ರುಮೆನ್ತ್ಸ್,ಆರನೆಯೇನ್ಸ್ತ್ರುಮೆನ್ತ್ಸ್,medium
ತುದಿಯಿಂದ,ಇಂಡೊ,ತುದಿಯಿಂದೇಂಡೊ,medium
೧೫೧೦,ಆಗಿತ್ತು,೧೫೧೦ಾಗಿತ್ತು,medium
ಶಾಸನದ,ಉದ್ಯೋಗ,ಶಾಸನದೋದ್ಯೋಗ,medium
ವ್ಯಾಸ,ಇದನ್ನು,ವ್ಯಾಸೇದನ್ನು,medium
ಮಾರಲ್ಪಡುತ್ತಿದ್ದರಂತೆ,ಅಭಿಮಾನದ,ಮಾರಲ್ಪಡುತ್ತಿದ್ದರಂತೆಯಭಿಮಾನದ,medium
ವರ್ಷಕ್ಕೊಮ್ಮೆ,ಅದರಂತೆ,ವರ್ಷಕ್ಕೊಮ್ಮೆಯದರಂತೆ,medium
ಕನ್ನಡವಾಗಿದೆ,ಗುಂಜಾನರಸಿಂಹ,ಕನ್ನಡವಾಗಿದಗಗುಂಜಾನರಸಿಂಹ,medium
ಗುರುತಿಸಿಕೊಂಡರು,ಉಬರಡ್ಕ,ಗುರುತಿಸಿಕೊಂಡರೂಬರಡ್ಕ,medium
ಮಾರಲ್ಪಡುತ್ತಿದ್ದರಂತೆ,ಅಪ್,ಮಾರಲ್ಪಡುತ್ತಿದ್ದರಂತೆಯಪ್,medium
ರುಚಿಯಂತಿದ್ದಿತ್ತು,ಉಪಭಾಷೆಗಳನ್ನೊಳಗೊಂಡ,ರುಚಿಯಂತಿದ್ದಿತ್ತೂಪಭಾಷೆಗಳನ್ನೊಳಗೊಂಡ,medium
ಕೆಲಸ,ಇಂಡಿಯಾ,ಕೆಲಸೇಂಡಿಯಾ,medium
ಕೆತ್ತಲಾದ,ಆಕರ್ಷಿಸಿದೆ,ಕೆತ್ತಲಾದಾಕರ್ಷಿಸಿದೆ,medium
ದೇವತೆಯ,ಉದಕದೊಳಗೆ,ದೇವತೆಯೋದಕದೊಳಗೆ,medium
ಪ್ರವಾಸಿಸುವಾಗ,ಉನ್ನತ,ಪ್ರವಾಸಿಸುವಾಗೋನ್ನತ,medium
ಗಂಗೋತ್ರಿಯನ್ನು,ಉಪನದಿಗಳಲ್ಲಿ,ಗಂಗೋತ್ರಿಯನ್ನೂಪನದಿಗಳಲ್ಲಿ,medium
ನಪುಂಸಕ,ಆದರಾತಿಥ್ಯವು,ನಪುಂಸಕಾದರಾತಿಥ್ಯವು,medium
ಈಶಾನ್ಯ,ಉದ್ದೇಶ,ಈಶಾನ್ಯೋದ್ದೇಶ,medium
ಸುಬ್ಬಯ್ಯ,ಇದಕ್ಕೆ,ಸುಬ್ಬಯ್ಯೇದಕ್ಕೆ,medium
ವರ್ಣ,ಉಡುಗೆ,ವರ್ಣೋಡುಗೆ,medium
ದೇವರಾದ,ಆಧ್ಯಾತ್ಮಿಕ,ದೇವರಾದಾಧ್ಯಾತ್ಮಿಕ,medium
ಬೆಳೆಯತೊಡಗಿದೆ,ಗುಂಬಜವು,ಬೆಳೆಯತೊಡಗಿದಗಗುಂಬಜವು,medium
ವರ್ಷಗಳಿಂದ,ಉತ್ಸವವಾಗಿದ್ದು,ವರ್ಷಗಳಿಂದೋತ್ಸವವಾಗಿದ್ದು,medium
ಜಿಲ್ಲೆಯ,ಉಗ್ರನರಸಿಂಹ,ಜಿಲ್ಲೆಯೋಗ್ರನರಸಿಂಹ,medium
ಪೂರ್ವರಂಗ,ಆದಿಶೇಷನ,ಪೂರ್ವರಂಗಾದಿಶೇಷನ,medium
ಗೋವಿಂದ,ಉಪಕುಲಪತಿಗಳಾದರು,ಗೋವಿಂದೋಪಕುಲಪತಿಗಳಾದರು,medium
ಪಡೆದಿವೆ,ಅಣುಶಕ್ತಿ,ಪಡೆದಿವೆಯಣುಶಕ್ತಿ,medium
ದೀರ್ಘಾವಧಿಯ,ಆದಾಗ್ಯೂ,ದೀರ್ಘಾವಧಿಯಾದಾಗ್ಯೂ,medium
ಪ್ರಜ್ಞೆಗಳೆರಡರ,ಉದಾಃ,ಪ್ರಜ್ಞೆಗಳೆರಡರೋದಾಃ,medium
ಧಾರಾವಾಹಿಗಳೊಂದಿಗೆ,ಅಕ್ಷರಗಳು,ಧಾರಾವಾಹಿಗಳೊಂದಿಗೆಯಕ್ಷರಗಳು,medium
ವೊದಲಾದ,ಆನೆಗೊಂದಿ,ವೊದಲಾದಾನೆಗೊಂದಿ,medium
ಪಡೆದಿದ್ದಾರೆ,ಅಕಾಡೆಮಿ,ಪಡೆದಿದ್ದಾರೆಯಕಾಡೆಮಿ,medium
ಸುಂದರವಾದ,ಆನೆಗೆ,ಸುಂದರವಾದಾನೆಗೆ,medium
ಬೇಂದ್ರೆಯವರಿಂದ,ಇದುವರೆಗೆ,ಬೇಂದ್ರೆಯವರಿಂದೇದುವರೆಗೆ,medium
೮೪,ಆತ್ಮಜ್ಞಾನ,೮೪ಾತ್ಮಜ್ಞಾನ,medium
ವಲಯಕ್ಕೆ,ಅರಬ್ಬಿ,ವಲಯಕ್ಕೆಯರಬ್ಬಿ,medium
ನಗರಕ್ಕಿಂತ,ಆಗ್ನೇಯದಲ್ಲಿ,ನಗರಕ್ಕಿಂತಾಗ್ನೇಯದಲ್ಲಿ,medium
ವೈದ್ಯನಾಥೇಶ್ವರ,ಆದುದರಿಂದ,ವೈದ್ಯನಾಥೇಶ್ವರಾದುದರಿಂದ,medium
ಸ್ಮಾರಕ,ಆಳುತ್ತಿದ್ದ,ಸ್ಮಾರಕಾಳುತ್ತಿದ್ದ,medium
ಮಹಿಷಮಂಡಲವನ್ನು,ಉದಕದೊಳಗೆ,ಮಹಿಷಮಂಡಲವನ್ನೂದಕದೊಳಗೆ,medium
ತೊಡಿಕಾನ,ಆರಂಭವಾಗಿ,ತೊಡಿಕಾನಾರಂಭವಾಗಿ,medium
ಕಾವ್ಯವನ್ನು,ಉದಾಯವಾಯಿತು,ಕಾವ್ಯವನ್ನೂದಾಯವಾಯಿತು,medium
ಖಾತೆಯಾಗಿದೆ,ಗಣ್ಯರಿಗೆ,ಖಾತೆಯಾಗಿದಗಗಣ್ಯರಿಗೆ,medium
ಭರತವರ್ಷ,ಇವನಾರವ,ಭರತವರ್ಷೇವನಾರವ,medium
ಉದಾಃ,ಇದ್ದು,ಉದಾಃೇದ್ದು,medium
ಶೋಷಣೆ,ಗಮನಿಸಿ,ಶೋಷಣಗಗಮನಿಸಿ,medium
ತಂದೆ,ಗಳನ್ನು,ತಂದಗಗಳನ್ನು,medium
ಕೆಳಗಿನ,ಉರಿಲಿಂಗಪೆದ್ದಿಗಳ,ಕೆಳಗಿನೋರಿಲಿಂಗಪೆದ್ದಿಗಳ,medium
ಸಮಾಧಿಗಳಿವೆ,ಗುಡ್ದಪ್ಪ,ಸಮಾಧಿಗಳಿವಗಗುಡ್ದಪ್ಪ,medium
ಬೆಳ್ಳಾರೆ,ಅಕ್ಷರಗಳನ್ನು,ಬೆಳ್ಳಾರೆಯಕ್ಷರಗಳನ್ನು,medium
ಗುರು,ಉಚ್ಚವರ್ಣದ,ಗುರೂಚ್ಚವರ್ಣದ,medium
ಭೈರಪ್ಪ,ಇತಿಹಾಸದ,ಭೈರಪ್ಪೇತಿಹಾಸದ,medium
ಸಂಮಿತಿಯ,ಆಗಸ್ಟ್,ಸಂಮಿತಿಯಾಗಸ್ಟ್,medium
ಕೋಟಿಗಿಂತ,ಉಬ್ಬಿರುವ,ಕೋಟಿಗಿಂತೋಬ್ಬಿರುವ,medium
ಕೈರಂಗಳ,ಆದಾಯ,ಕೈರಂಗಳಾದಾಯ,medium
ಗಂಗಾಂಬಿಕೆ,ಗಣೇಶ್,ಗಂಗಾಂಬಿಕಗಗಣೇಶ್,medium
ಆನೆಗೆ,ಅರ್ಧದಲ್ಲಿ,ಆನೆಗೆಯರ್ಧದಲ್ಲಿ,medium
ದೇಶದ,ಇಂಗ್ಲೀಷ್,ದೇಶದೇಂಗ್ಲೀಷ್,medium
ಪ್ರಕಟಿಸಿದ,ಆಕೆಗೆ,ಪ್ರಕಟಿಸಿದಾಕೆಗೆ,medium
ಅಧಿಪತ್ಯ,ಇದಲ್ಲದೆ,ಅಧಿಪತ್ಯೇದಲ್ಲದೆ,medium
ಮೌರ್ಯ,ಇವೆ,ಮೌರ್ಯೇವೆ,medium
ಕುದುರೆಮುಖ,ಆನೆಗೆ,ಕುದುರೆಮುಖಾನೆಗೆ,medium
ದೇವಾಲಯವಾಗಿದೆ,ಗುಜರಾತಿ,ದೇವಾಲಯವಾಗಿದಗಗುಜರಾತಿ,medium
ಸೌಲಭ್ಯವಿದೆ,ಅಗಸ್ತ್ಯೇಶ್ವರ,ಸೌಲಭ್ಯವಿದೆಯಗಸ್ತ್ಯೇಶ್ವರ,medium
ಸುಮ್ಮನೆ,ಗಾಣಗಾಪುರ,ಸುಮ್ಮನಗಗಾಣಗಾಪುರ,medium
ತಮಗೆ,ಅಮರಗಣಂಗಳು,ತಮಗೆಯಮರಗಣಂಗಳು,medium
ಪ್ರದೇಶ,ಆಧ್ಯಾತ್ಮಿಕತೆ,ಪ್ರದೇಶಾಧ್ಯಾತ್ಮಿಕತೆ,medium
ತರಂಗಾಂತರ,ಆಕರ್ಷಣೆಯೆಂದರೆ,ತರಂಗಾಂತರಾಕರ್ಷಣೆಯೆಂದರೆ,medium
೭೦೦ರ,ಇಲ್ಲ,೭೦೦ರೇಲ್ಲ,medium
ವರ್ಣಮಾಲೆಯ,ಉಷ್ಣವಲಯದ,ವರ್ಣಮಾಲೆಯೋಷ್ಣವಲಯದ,medium
ಮಾತನಾಡುವವರು,ಉಬ್ಬಿರುವ,ಮಾತನಾಡುವವರೂಬ್ಬಿರುವ,medium
ಇಪ್ಪತೊಂಬತ್ತನೆಯ,ಆರು,ಇಪ್ಪತೊಂಬತ್ತನೆಯಾರು,medium
ಇದರೊಳಗಿನ,ಇಷ್ಟೇ,ಇದರೊಳಗಿನೇಷ್ಟೇ,medium
ಕುಮಾರವ್ಯಾಸ,ಇವುಗಳು,ಕುಮಾರವ್ಯಾಸೇವುಗಳು,medium
ಕ್ರಿಶ,ಇದು,ಕ್ರಿಶೇದು,medium
ಇದರ,ಆರಂಭಗೊಂಡಿರಬಹುದೆಂದು,ಇದರಾರಂಭಗೊಂಡಿರಬಹುದೆಂದು,medium
ಜನಗಣತಿಯ,ಆಳ್ವಿಕೆಗೆ,ಜನಗಣತಿಯಾಳ್ವಿಕೆಗೆ,medium
ಆಪ್,ಗಾಜಿನ,ಆಪಗಗಾಜಿನ,medium
ವಿಷ್ಣುವಿನ,ಉರ್ದು,ವಿಷ್ಣುವಿನೋರ್ದು,medium
ಸ್ಥಳಗಳಾಗಿವೆ,ಅನುಭವ,ಸ್ಥಳಗಳಾಗಿವೆಯನುಭವ,medium
ವ್ಯಾಸ,ಉತ್ಪಾದನೆಯ,ವ್ಯಾಸೋತ್ಪಾದನೆಯ,medium
ನೈಋತ್ಯ,ಆವೃತವಾಗಿರುತ್ತದೆ,ನೈಋತ್ಯಾವೃತವಾಗಿರುತ್ತದೆ,medium
ಇಷ್ಟಲಿಂಗ,ಇತರೆ,ಇಷ್ಟಲಿಂಗೇತರೆ,medium
ಮಧ್ಯ,ಆರು,ಮಧ್ಯಾರು,medium
ಮಾತ್ರ,ಉದಾಹರಣೆಗಳು,ಮಾತ್ರೋದಾಹರಣೆಗಳು,medium
ಜಪಾನ್,ಗರಿಷ್ಠ,ಜಪಾನಗಗರಿಷ್ಠ,medium
ಪಟ್ಟಿಗೆ,ಅನಿವಾರ್ಯವಾಗುತ್ತದೆ,ಪಟ್ಟಿಗೆಯನಿವಾರ್ಯವಾಗುತ್ತದೆ,medium
ಗಳಿಸಿದ,ಆರ್ಕಿಯನ್,ಗಳಿಸಿದಾರ್ಕಿಯನ್,medium
ಮೈಗೂಡಿನಿಂತ,ಉಪಭಾಷೆಗಳನ್ನೊಳಗೊಂಡ,ಮೈಗೂಡಿನಿಂತೋಪಭಾಷೆಗಳನ್ನೊಳಗೊಂಡ,medium
ಧ್ರುವ,ಇಸ್ರೋ,ಧ್ರುವೇಸ್ರೋ,medium
ಚಕ್ರವರ್ತಿಯಿಂದ,ಇಂಗ್ಲಿಷ್,ಚಕ್ರವರ್ತಿಯಿಂದೇಂಗ್ಲಿಷ್,medium
ಪರಂಪರೆ,ಗೊಲ್ಕೊಂಡ,ಪರಂಪರಗಗೊಲ್ಕೊಂಡ,medium
ಜ್ಞಾಪನೆ,ಅಳತೆ,ಜ್ಞಾಪನೆಯಳತೆ,medium
ಉಚ್ಚಾರಣೆಯ,ಇನ್ಫೋಸಿಸ್,ಉಚ್ಚಾರಣೆಯೇನ್ಫೋಸಿಸ್,medium
ಕುಶಲ,ಇತರೆ,ಕುಶಲೇತರೆ,medium
ಸಾರ್ಣದೇವನ,ಇದಲ್ಲದೆ,ಸಾರ್ಣದೇವನೇದಲ್ಲದೆ,medium
ಮಾಡಲ್ಪಟ್ಟಿವೆ,ಅಳತೆ,ಮಾಡಲ್ಪಟ್ಟಿವೆಯಳತೆ,medium
ಗಳಿಂದ,ಆಂಗ್ಲ,ಗಳಿಂದಾಂಗ್ಲ,medium
ಚೆನ್ನಕೇಶವ,ಆಸಕ್ತಿ,ಚೆನ್ನಕೇಶವಾಸಕ್ತಿ,medium
ಪ್ರೇರಿತವಾಗಿದೆ,ಗೌಪ್ಯತೆಯನ್ನು,ಪ್ರೇರಿತವಾಗಿದಗಗೌಪ್ಯತೆಯನ್ನು,medium
ಪಡೆದಿವೆ,ಗ್ರಾಮದಲ್ಲಿ,ಪಡೆದಿವಗಗ್ರಾಮದಲ್ಲಿ,medium
ಪೂರ್ವಜರು,ಉದ್ದವಾಗಿದೆ,ಪೂರ್ವಜರೂದ್ದವಾಗಿದೆ,medium
೫೨,ಆದಿಯಲ್ಲಿ,೫೨ಾದಿಯಲ್ಲಿ,medium
ಗೌರವದಿಂದ,ಇದ್ದರೆಂದು,ಗೌರವದಿಂದೇದ್ದರೆಂದು,medium
ಭೂಷಣಗಳನ್ನೊಳಗೊಂಡ,ಇದ್ದರೆಂದು,ಭೂಷಣಗಳನ್ನೊಳಗೊಂಡೇದ್ದರೆಂದು,medium
ಶ್ರೀಪಾದ,ಆರಂಭದೊಂದಿಗೆ,ಶ್ರೀಪಾದಾರಂಭದೊಂದಿಗೆ,medium
ಅಲಂಕರಿಸದ,ಇಮ್ಮಡಿ,ಅಲಂಕರಿಸದೇಮ್ಮಡಿ,medium
ಮುಂಚೂಣಿಯ,ಇಳಿಯುತ್ತದೆ,ಮುಂಚೂಣಿಯೇಳಿಯುತ್ತದೆ,medium
೧೫೩೭,ಇಲ್ಲಿಯ,೧೫೩೭ೇಲ್ಲಿಯ,medium
ಇಲ್ಲಿಯ,ಉತ್ಪಾದನೆಯ,ಇಲ್ಲಿಯೋತ್ಪಾದನೆಯ,medium
ಬನುಮಯ್ಯ,ಇಪ್ಪತ್ತೈದು,ಬನುಮಯ್ಯೇಪ್ಪತ್ತೈದು,medium
ಮಾತ್ರವಲ್ಲ,ಆಶ್ರಯ,ಮಾತ್ರವಲ್ಲಾಶ್ರಯ,medium
ಕಲಿಯುಗ,ಆಕರ್ಷಣೆಯಾಗಿದೆ,ಕಲಿಯುಗಾಕರ್ಷಣೆಯಾಗಿದೆ,medium
ಸಾಮರ್ಥ್ಯದ,ಆನೆಗೆ,ಸಾಮರ್ಥ್ಯದಾನೆಗೆ,medium
ಅಂತರರಾಷ್ಟ್ರೀಯ,ಇವುಗಳ,ಅಂತರರಾಷ್ಟ್ರೀಯೇವುಗಳ,medium
ದೇಶದ,ಆಕಾರದ,ದೇಶದಾಕಾರದ,medium
ಕ್ರಿಶ್ಚಿಯನ್,ಗಾನ,ಕ್ರಿಶ್ಚಿಯನಗಗಾನ,medium
ನವ್ಯ,ಇದು,ನವ್ಯೇದು,medium
೬೦,ಇಂದಿಗೆ,೬೦ೇಂದಿಗೆ,medium
ಪೂಜಿಸಲಾಗುತ್ತದೆ,ಅಡಿಗಳ,ಪೂಜಿಸಲಾಗುತ್ತದೆಯಡಿಗಳ,medium
ಮಿಡಿದಿದೆ,ಅಗಸನಕಟ್ಟೆ,ಮಿಡಿದಿದೆಯಗಸನಕಟ್ಟೆ,medium
ಬಳಗಕ್ಕೆ,ಅಣೆಕಟ್ಟಿಗೆ,ಬಳಗಕ್ಕೆಯಣೆಕಟ್ಟಿಗೆ,medium
ರಾಜ್ಯಭಾರ,ಆಟ,ರಾಜ್ಯಭಾರಾಟ,medium
ಕೈಗಾರಿಕೆ,ಅವರೊಂದಿಗೆ,ಕೈಗಾರಿಕೆಯವರೊಂದಿಗೆ,medium
ಜಲಪಾತವಿದೆ,ಅರ್ಧಿಸುತ್ತವೆ,ಜಲಪಾತವಿದೆಯರ್ಧಿಸುತ್ತವೆ,medium
ಕುಟುಂಬದಿಂದ,ಆನೆಗೊಂದಿ,ಕುಟುಂಬದಿಂದಾನೆಗೊಂದಿ,medium
ಪ್ರಸಿದ್ಧ,ಆಯಿತು,ಪ್ರಸಿದ್ಧಾಯಿತು,medium
ಬೆಳೆಯತೊಡಗಿದೆ,ಅವರ,ಬೆಳೆಯತೊಡಗಿದೆಯವರ,medium
ಹೆಸರಾದ,ಆಕೆಯ,ಹೆಸರಾದಾಕೆಯ,medium
ಪುರುಷೋತ್ತಮ,ಇಳಿಯುತ್ತದೆ,ಪುರುಷೋತ್ತಮೇಳಿಯುತ್ತದೆ,medium
ಒಪ್ಪುವ,ಉಪಾದಿಗಳು,ಒಪ್ಪುವೋಪಾದಿಗಳು,medium
ರಗಳೆ,ಅವರವರ,ರಗಳೆಯವರವರ,medium
ಶಾಸನ,ಆರ್ಯನ್,ಶಾಸನಾರ್ಯನ್,medium
ರಗಳೆ,ಅಮೃತತ್ವದ,ರಗಳೆಯಮೃತತ್ವದ,medium
ಸಂಯೋಜನೆ,ಅವುಗಳನ್ನು,ಸಂಯೋಜನೆಯವುಗಳನ್ನು,medium
ಕವಿಗಳಲ್ಲೊಬ್ಬರಾಗಿದ್ದಾರೆ,ಗ್ರಂಥವೊಂದನ್ನೂ,ಕವಿಗಳಲ್ಲೊಬ್ಬರಾಗಿದ್ದಾರಗಗ್ರಂಥವೊಂದನ್ನೂ,medium
ನಿಮ್ಮ,ಆತ್ಮಜ್ಞಾನ,ನಿಮ್ಮಾತ್ಮಜ್ಞಾನ,medium
ಕೇರಳದ,ಇಪ್ಪತ್ತನೆ,ಕೇರಳದೇಪ್ಪತ್ತನೆ,medium
ಮಾತನಾಡುವವರ,ಇಡಲಾಗಿದೆ,ಮಾತನಾಡುವವರೇಡಲಾಗಿದೆ,medium
ಜನಪ್ರಿಯರಾಗಿದ್ದ,ಇಲ್ಲದೆ,ಜನಪ್ರಿಯರಾಗಿದ್ದೇಲ್ಲದೆ,medium
ಸ್ಥಾಪಿಸಿದ್ದಾರೆ,ಗುರುಗಳಾಗಿದ್ದರು,ಸ್ಥಾಪಿಸಿದ್ದಾರಗಗುರುಗಳಾಗಿದ್ದರು,medium
ಇಂದೆ,ಅಮರಗಣಂಗಳು,ಇಂದೆಯಮರಗಣಂಗಳು,medium
ವಿಮರ್ಶೆ,ಅರ್ಕಾವತಿ,ವಿಮರ್ಶೆಯರ್ಕಾವತಿ,medium
ಎಲೆಕ್ಟ್ರೊನಿಕ್ಸ್,ಗಣಕಯಂತ್ರದಲ್ಲಿ,ಎಲೆಕ್ಟ್ರೊನಿಕ್ಸಗಗಣಕಯಂತ್ರದಲ್ಲಿ,medium
ಆರ್,ಗೋಪಾಲಚಾರಿ,ಆರಗಗೋಪಾಲಚಾರಿ,medium
ಪ್ರಯಾಣಿಸಬಹುದಾಗಿದೆ,ಅಂದಿಂಗೆಳೆಯ,ಪ್ರಯಾಣಿಸಬಹುದಾಗಿದೆಯಂದಿಂಗೆಳೆಯ,medium
ನೀಡುವ,ಉಬ್ಬಿರುವ,ನೀಡುವೋಬ್ಬಿರುವ,medium
ಮಂಚೂಣಿಯಲ್ಲಿವೆ,ಅನುಭವಿಸುತ್ತ,ಮಂಚೂಣಿಯಲ್ಲಿವೆಯನುಭವಿಸುತ್ತ,medium
ತಗ್ಗಿನ,ಆಂಧ್ರ,ತಗ್ಗಿನಾಂಧ್ರ,medium
ಜೀವನೋದ್ದೇಶದ,ಆಪ್,ಜೀವನೋದ್ದೇಶದಾಪ್,medium
ದೊಡ್ಡದೇವರಾಜ,ಆಕರ್ಷಿಸಿದ್ದು,ದೊಡ್ಡದೇವರಾಜಾಕರ್ಷಿಸಿದ್ದು,medium
ಬದಲಾವಣೆಯಾಗಿದೆ,ಅಲಂಕಾರಗಳನ್ನು,ಬದಲಾವಣೆಯಾಗಿದೆಯಲಂಕಾರಗಳನ್ನು,medium
ರವರಿಂದ,ಇಷ್ಟೇ,ರವರಿಂದೇಷ್ಟೇ,medium
ಶ್ರಮ,ಆತ್ಮಸ್ಥೈರ್ಯ,ಶ್ರಮಾತ್ಮಸ್ಥೈರ್ಯ,medium
ಪ್ರತಿಭೆಯಾಗಿದ್ದರಿಂದ,ಆಧ್ಯಾತ್ಮಿಕ,ಪ್ರತಿಭೆಯಾಗಿದ್ದರಿಂದಾಧ್ಯಾತ್ಮಿಕ,medium
ಬೆಸಗೊಂಡಡೆ,ಅಣೆಕಟ್ಟಿನಲ್ಲಿ,ಬೆಸಗೊಂಡಡೆಯಣೆಕಟ್ಟಿನಲ್ಲಿ,medium
ಲಿಪಿಯಿಂದ,ಉಪಯೋಗಿಸಿ,ಲಿಪಿಯಿಂದೋಪಯೋಗಿಸಿ,medium
ಸೌಂದರ್ಯ,ಆಳ್ವಿಕೆಯಲ್ಲಿ,ಸೌಂದರ್ಯಾಳ್ವಿಕೆಯಲ್ಲಿ,medium
೯೦,ಇಂಡಸ್,೯೦ೇಂಡಸ್,medium
ಮಟ್ಟದಿಂದ,ಉದಾಃ,ಮಟ್ಟದಿಂದೋದಾಃ,medium
ನಂತರ,ಇಂಗ್ಲಿಷ್,ನಂತರೇಂಗ್ಲಿಷ್,medium
ನರಸಿಂಹ,ಆಧರಿಸಿ,ನರಸಿಂಹಾಧರಿಸಿ,medium
ನಡೆದಿವೆ,ಗುಣಕರ್ಗೆ,ನಡೆದಿವಗಗುಣಕರ್ಗೆ,medium
ಗಂಗೋತ್ರಿಯನ್ನು,ಉಪಯೋಗಿಸಲ್ಪಡುವ,ಗಂಗೋತ್ರಿಯನ್ನೂಪಯೋಗಿಸಲ್ಪಡುವ,medium
ನಟಿಸಿದ್ದಾರೆ,ಗೋಪುರಗಳನ್ನು,ನಟಿಸಿದ್ದಾರಗಗೋಪುರಗಳನ್ನು,medium
ಸ್ವತ೦ತ್ರ,ಇಡೀ,ಸ್ವತ೦ತ್ರೇಡೀ,medium
ವಿಧಾನಗಳಿವೆ,ಅಡಿಯಲ್ಲಿ,ವಿಧಾನಗಳಿವೆಯಡಿಯಲ್ಲಿ,medium
ಆಧಾರಿತ,ಇಡಲಾಯಿತು,ಆಧಾರಿತೇಡಲಾಯಿತು,medium
ಪಾಕಿಸ್ತಾನ,ಇಲ್ಲಿಯೇ,ಪಾಕಿಸ್ತಾನೇಲ್ಲಿಯೇ,medium
ಜಾಗ,ಆಟ,ಜಾಗಾಟ,medium
ಭಾಷೆ,ಅಧಿಕ,ಭಾಷೆಯಧಿಕ,medium
ಪುಟ್ಟಪ್ಪನವರ,ಆಕೆಗೆ,ಪುಟ್ಟಪ್ಪನವರಾಕೆಗೆ,medium
ಪ್ರದೇಶವಾಗಿದೆ,ಅಳೆದು,ಪ್ರದೇಶವಾಗಿದೆಯಳೆದು,medium
ಇಂಥ,ಇಂದಿನವರೆಗೂ,ಇಂಥೇಂದಿನವರೆಗೂ,medium
ಸುದೀಪ್,ಗೊಲ್ಕೊಂಡ,ಸುದೀಪಗಗೊಲ್ಕೊಂಡ,medium
ಪರಂಪರೆಗಳಾದ,ಉಗಮಿಸಿವೆ,ಪರಂಪರೆಗಳಾದೋಗಮಿಸಿವೆ,medium
ಮುಂದಕ್ಕೆ,ಗಣೇಶನು,ಮುಂದಕ್ಕಗಗಣೇಶನು,medium
ಅಭಿಯಂತರ,ಆಕರ್ಷಣೆಯೆಂದರೆ,ಅಭಿಯಂತರಾಕರ್ಷಣೆಯೆಂದರೆ,medium
ಸೋದರ,ಆಯಾಮಗಳನ್ನು,ಸೋದರಾಯಾಮಗಳನ್ನು,medium
ಚಲನಚಿತ್ರಗಳಿಗೆ,ಅಗ್ನಿ,ಚಲನಚಿತ್ರಗಳಿಗೆಯಗ್ನಿ,medium
ಹನ್ನೆರಡನೆಯ,ಆದರು,ಹನ್ನೆರಡನೆಯಾದರು,medium
ಸಂಜಯ,ಆಕರ್ಷಣೆಯೆಂದರೆ,ಸಂಜಯಾಕರ್ಷಣೆಯೆಂದರೆ,medium
ಕೊಡಗು,ಉದ್ದೇಶಗಳನ್ನು,ಕೊಡಗೂದ್ದೇಶಗಳನ್ನು,medium
ಸಿದ್ಧಕಟ್ಟೆ,ಗುರುದ್ವಾರ,ಸಿದ್ಧಕಟ್ಟಗಗುರುದ್ವಾರ,medium
ಪುನರುತ್ಥಾನದ,ಉತ್ತರ,ಪುನರುತ್ಥಾನದೋತ್ತರ,medium
ಹಿಂದೆ,ಅಸಾಧಾರಣವಾದುದು,ಹಿಂದೆಯಸಾಧಾರಣವಾದುದು,medium
ಮೀಮಾಂಸೆಯನ್ನು,ಉದಾಹರಣೆಗೆ,ಮೀಮಾಂಸೆಯನ್ನೂದಾಹರಣೆಗೆ,medium
ಪಡ್ರೆ,ಅಧಿಕ,ಪಡ್ರೆಯಧಿಕ,medium
ಭಟ್ಟ,ಇರಿಸಲಾಗಿದೆ,ಭಟ್ಟೇರಿಸಲಾಗಿದೆ,medium
ಶಾ,ಆತ್ಮಸಾಕ್ಷಾತ್ಕಾರವೇ,ಶಾತ್ಮಸಾಕ್ಷಾತ್ಕಾರವೇ,medium
ಇಂದುಕಲಾ,ಆಗ,ಇಂದುಕಲಾಗ,medium
ಅಗಲದ,ಆಧಾರಿತ,ಅಗಲದಾಧಾರಿತ,medium
ನಮ್ಮೂರ,ಉಮೆಯ,ನಮ್ಮೂರೋಮೆಯ,medium
ಚಂದೇಶ್ವರ,ಇಲ್ಲಿ,ಚಂದೇಶ್ವರೇಲ್ಲಿ,medium
ಅವು,ಉಲ್ಲೇಖಿಸಲಾಗುತ್ತದೆ,ಅವೂಲ್ಲೇಖಿಸಲಾಗುತ್ತದೆ,medium
ಬೌದ್ಧಿಕ,ಇರುವುದರಿಂದಲೇ,ಬೌದ್ಧಿಕೇರುವುದರಿಂದಲೇ,medium
ನೆಲೆಗೊಳ್ಳುತ್ತಾಳೆ,ಅಂಶವನ್ನು,ನೆಲೆಗೊಳ್ಳುತ್ತಾಳೆಯಂಶವನ್ನು,medium
ಉಬರಡ್ಕ,ಇರುವುದನ್ನು,ಉಬರಡ್ಕೇರುವುದನ್ನು,medium
ನಾಗರೀಕತೆಯ,ಉಪಭಾಷೆಗಳನ್ನು,ನಾಗರೀಕತೆಯೋಪಭಾಷೆಗಳನ್ನು,medium
ಸ್ವಾತಂತ್ರ್ಯಾ,ಆಳ್ವಿಕೆಯಲ್ಲಿ,ಸ್ವಾತಂತ್ರ್ಯಾಳ್ವಿಕೆಯಲ್ಲಿ,medium
ಮಾಡಿದರು,ಉದ್ಯೋಗ,ಮಾಡಿದರೂದ್ಯೋಗ,medium
ಕರ್ನಾಟಕವಾಯಿತು,ಉಪಯೋಗಿಸಲ್ಪಡುತ್ತವೆ,ಕರ್ನಾಟಕವಾಯಿತೂಪಯೋಗಿಸಲ್ಪಡುತ್ತವೆ,medium
ಗ್ಯಾಲರಿಯ,ಆರಂಭಿಕ,ಗ್ಯಾಲರಿಯಾರಂಭಿಕ,medium
ಹನುಮಂತನ,ಆಗಿರುವ,ಹನುಮಂತನಾಗಿರುವ,medium
ಗುರುತಿಸಲ್ಪಡುವ,ಉಪಕರಣಗಳನ್ನು,ಗುರುತಿಸಲ್ಪಡುವೋಪಕರಣಗಳನ್ನು,medium
ಚಾಲನೆಯಲ್ಲಿದೆ,ಅನುಭದ,ಚಾಲನೆಯಲ್ಲಿದೆಯನುಭದ,medium
ರಸದ,ಇಲ್ಲಿಗೆ,ರಸದೇಲ್ಲಿಗೆ,medium
ನಾಗಾಭರಣ,ಆರ್ಮ್,ನಾಗಾಭರಣಾರ್ಮ್,medium
ಸಂಪ್ರದಾಯವನ್ನು,ಉಪೇಂದ್ರ,ಸಂಪ್ರದಾಯವನ್ನೂಪೇಂದ್ರ,medium
ಕಾರಣ,ಉಳಿದಂತೆ,ಕಾರಣೋಳಿದಂತೆ,medium
ಲದ್ದೆಯ,ಆಧಾರವಾಗಿದೆ,ಲದ್ದೆಯಾಧಾರವಾಗಿದೆ,medium
ಪ್ರಕಾರಕ್ಕೆ,ಅಣೆಕಟ್ಟಿನಲ್ಲಿ,ಪ್ರಕಾರಕ್ಕೆಯಣೆಕಟ್ಟಿನಲ್ಲಿ,medium
೨೬,ಆವೃತವಾಗಿದೆ,೨೬ಾವೃತವಾಗಿದೆ,medium
ಆರಂಭದೊಂದಿಗೆ,ಗಮನಿಸಿ,ಆರಂಭದೊಂದಿಗಗಗಮನಿಸಿ,medium
ಬಿಜಾಪುರ,ಇದನ್ನರಿತ,ಬಿಜಾಪುರೇದನ್ನರಿತ,medium
೨೭,ಇದ್ದವು,೨೭ೇದ್ದವು,medium
ಮಳೆಗೆ,ಗಂಗಾಂಬಿಕೆ,ಮಳೆಗಗಗಂಗಾಂಬಿಕೆ,medium
ಪ್ರಕಟಿಸಿದ,ಇದರ,ಪ್ರಕಟಿಸಿದೇದರ,medium
ಧರ್ಮದ,ಆಕರ್ಷಣೀಯ,ಧರ್ಮದಾಕರ್ಷಣೀಯ,medium
ನಿರ್ಮಿಸಲು,ಉಪಾದಿಗಳು,ನಿರ್ಮಿಸಲೂಪಾದಿಗಳು,medium
ಋತುಮಾನ,ಇದ್ದವು,ಋತುಮಾನೇದ್ದವು,medium
ಬ್ರಾಡ್ಕಾಮ್,ಗೋಡೆಗಳು,ಬ್ರಾಡ್ಕಾಮಗಗೋಡೆಗಳು,medium
ಕಾವ್ಯಮೀಮಾಂಸೆಯ,ಇದ್ದು,ಕಾವ್ಯಮೀಮಾಂಸೆಯೇದ್ದು,medium
ಗಳಿಗಿಂತ,ಆರ್ಕಿಯನ್,ಗಳಿಗಿಂತಾರ್ಕಿಯನ್,medium
ಹೆಸರಿನ,ಆಗಿದೆ,ಹೆಸರಿನಾಗಿದೆ,medium
ಗಾಂಧಿಯವರ,ಉದಾಯವಾಯಿತು,ಗಾಂಧಿಯವರೋದಾಯವಾಯಿತು,medium
ಹಿರಿಯ,ಇನ್ಸ್ತ್ರುಮೆನ್ತ್ಸ್,ಹಿರಿಯೇನ್ಸ್ತ್ರುಮೆನ್ತ್ಸ್,medium
ಯೆಲಚೇನಹಳ್ಳಿವರೆಗೆ,ಅಮೆರಿಕದ,ಯೆಲಚೇನಹಳ್ಳಿವರೆಗೆಯಮೆರಿಕದ,medium
ಉಚ್ಚವರ್ಣದ,ಇಲ್ಲಿರುವ,ಉಚ್ಚವರ್ಣದೇಲ್ಲಿರುವ,medium
ಒಡೆಯರ,ಉಪಖಂಡದ,ಒಡೆಯರೋಪಖಂಡದ,medium
ನೀಡುತ್ತದೆ,ಗಾಜಿನ,ನೀಡುತ್ತದಗಗಾಜಿನ,medium
ಹಂಚಿಹೋಗಿದ್ದ,ಇಂಗ್ಲೀಷ್,ಹಂಚಿಹೋಗಿದ್ದೇಂಗ್ಲೀಷ್,medium
ಬೇಸಿಗೆ,ಅಳಕೆ,ಬೇಸಿಗೆಯಳಕೆ,medium
ಗೋಡೆ,ಗ್ವಾಲಿಯರ್,ಗೋಡಗಗ್ವಾಲಿಯರ್,medium
ಹಲವು,ಉದಾರೀಕರಣ,ಹಲವೂದಾರೀಕರಣ,medium
ಮೋಕ್ಷಗುಂಡಂ,ಇವ,ಮೋಕ್ಷಗುಂಡಂೇವ,medium
ಸಮರ್ಪಿಸಲಾಗಿದೆ,ಅತಿ,ಸಮರ್ಪಿಸಲಾಗಿದೆಯತಿ,medium
ಕೂಡಿರುವ,ಇನ್ನೆರಡು,ಕೂಡಿರುವೇನ್ನೆರಡು,medium
ಬಹುತೇಕ,ಉರಿಲಿಂಗಪೆದ್ದಿಗಳ,ಬಹುತೇಕೋರಿಲಿಂಗಪೆದ್ದಿಗಳ,medium
೯೩೮ಚದರ,ಆಕರ್ಷಣೆಯೆಂದರೆ,೯೩೮ಚದರಾಕರ್ಷಣೆಯೆಂದರೆ,medium
ಚಿತ್ರೀಕರಣ,ಇತಿಹಾಸಕಾರರ,ಚಿತ್ರೀಕರಣೇತಿಹಾಸಕಾರರ,medium
ಪ್ರಸ್ತಭೂಮಿಯ,ಆಕರ್ಷಕವಾದ,ಪ್ರಸ್ತಭೂಮಿಯಾಕರ್ಷಕವಾದ,medium
ಬೃಹದಾಕಾರವನ್ನು,ಉಪಯೋಗಿಸುವ,ಬೃಹದಾಕಾರವನ್ನೂಪಯೋಗಿಸುವ,medium
ಸಲ್ಲುತ್ತದೆ,ಅಂತಸ್ತುಗಳಿವೆ,ಸಲ್ಲುತ್ತದೆಯಂತಸ್ತುಗಳಿವೆ,medium
ಸಹಾಯದಿಂದ,ಆಶೆ,ಸಹಾಯದಿಂದಾಶೆ,medium
ಸೇರುತ್ತದೆ,ಅರ್ಥ,ಸೇರುತ್ತದೆಯರ್ಥ,medium
ಕ್ವೀನ್ಸ,ಆರನೆಯ,ಕ್ವೀನ್ಸಾರನೆಯ,medium
ವಾಸಸ್ಥಾನ,ಇಲ್ಲೇ,ವಾಸಸ್ಥಾನೇಲ್ಲೇ,medium
ಸಾವನ್ನು,ಉತ್ಸವವಾಗಿದ್ದು,ಸಾವನ್ನೂತ್ಸವವಾಗಿದ್ದು,medium
ಹನ್ನೆರಡನೆಯ,ಆರಂಭದೊಂದಿಗೆ,ಹನ್ನೆರಡನೆಯಾರಂಭದೊಂದಿಗೆ,medium
ಸಮುದ್ರಮಟ್ಟಕ್ಕಿಂತ,ಉಪಯೋಗಿಸಲ್ಪಡುವ,ಸಮುದ್ರಮಟ್ಟಕ್ಕಿಂತೋಪಯೋಗಿಸಲ್ಪಡುವ,medium
ಧಾರವಾಡ,ಆನೆಗುಂಡಿ,ಧಾರವಾಡಾನೆಗುಂಡಿ,medium
ವಾಸ್ತುಶಿಲ್ಪವನ್ನು,ಉಳಿದಿದೆ,ವಾಸ್ತುಶಿಲ್ಪವನ್ನೂಳಿದಿದೆ,medium
ಅಧ್ಯಾಯ,ಉನ್ನತ,ಅಧ್ಯಾಯೋನ್ನತ,medium
ಪುಣೆಯ,ಆಲ್ಬಮ್,ಪುಣೆಯಾಲ್ಬಮ್,medium
ತುಳುನಾಡಿನ,ಇವುಗಳು,ತುಳುನಾಡಿನೇವುಗಳು,medium
ಹೊಳ್ಳ,ಇವರ,ಹೊಳ್ಳೇವರ,medium
ಬಂದಿರುವ,ಉಚ್ಚಾರಣೆಯ,ಬಂದಿರುವೋಚ್ಚಾರಣೆಯ,medium
ನಡೆದುಕೊಂಡು,ಉಪಯೋಗಿಸಲ್ಪಡುವ,ನಡೆದುಕೊಂಡೂಪಯೋಗಿಸಲ್ಪಡುವ,medium
ಉದಯಕ್ಕೆ,ಅವಲಂಬಿಸಿದೆ,ಉದಯಕ್ಕೆಯವಲಂಬಿಸಿದೆ,medium
ದೂರದರ್ಶನ,ಇಂದಿನ,ದೂರದರ್ಶನೇಂದಿನ,medium
ನಡೆಸಿತು,ಉಪಯೋಗಿಸಲ್ಪಡುತ್ತಿದ್ದ,ನಡೆಸಿತೂಪಯೋಗಿಸಲ್ಪಡುತ್ತಿದ್ದ,medium
ಕೇರಳ,ಇಲ್ಲದೆ,ಕೇರಳೇಲ್ಲದೆ,medium
ವಿನೋಬಾ,ಉದಾಹರಣೆಗೆ,ವಿನೋಬೋದಾಹರಣೆಗೆ,medium
ಶೈವ,ಇಪ್ಪತೊಂಬತ್ತನೆಯ,ಶೈವೇಪ್ಪತೊಂಬತ್ತನೆಯ,medium
ಕನ್ನಡವು,ಉಳಿದಿದೆ,ಕನ್ನಡವೂಳಿದಿದೆ,medium
ಸುಖ,ಇಲ್ಲದೆ,ಸುಖೇಲ್ಲದೆ,medium
ಸಂಚರಿಸಲು,ಉಚ್ಚವರ್ಣದ,ಸಂಚರಿಸಲೂಚ್ಚವರ್ಣದ,medium
ಪಾಲಿಸುತ್ತಾ,ಆಗಸ್ಟ್,ಪಾಲಿಸುತ್ತಾಗಸ್ಟ್,medium
ಆರು,ಉಪಭಾಷೆಗಳೆಂದು,ಆರೂಪಭಾಷೆಗಳೆಂದು,medium
ಕೊರಳ,ಆರಂಭವಾಗಿವೆ,ಕೊರಳಾರಂಭವಾಗಿವೆ,medium
ಮೃದುವಾದ,ಆಂಧ್ರಪ್ರದೇಶದ,ಮೃದುವಾದಾಂಧ್ರಪ್ರದೇಶದ,medium
ವಿಟ್ಲ,ಉಪಭಾಷೆಗಳನ್ನೊಳಗೊಂಡ,ವಿಟ್ಲೋಪಭಾಷೆಗಳನ್ನೊಳಗೊಂಡ,medium
ಹೊಯ್ಸಳರ,ಇತರೆ,ಹೊಯ್ಸಳರೇತರೆ,medium
ಕುರಿಯ,ಇವೆ,ಕುರಿಯೇವೆ,medium
ಸಾರ್ವಕಾಲಿಕ,ಉಡುಗೊರೆ,ಸಾರ್ವಕಾಲಿಕೋಡುಗೊರೆ,medium
ಬನುಮಯ್ಯ,ಆಸೆಗಳನ್ನು,ಬನುಮಯ್ಯಾಸೆಗಳನ್ನು,medium
ದುಃಖದ,ಉಚ್ಚ,ದುಃಖದೋಚ್ಚ,medium
ತಾಳಮದ್ದಲೆ,ಅಭಿನಯಕ್ಕಾಗಿ,ತಾಳಮದ್ದಲೆಯಭಿನಯಕ್ಕಾಗಿ,medium
ಮಗನೆಂದೆನಿಸಯ್ಯ,ಆಧ್ಯಾತ್ಮಿಕತೆ,ಮಗನೆಂದೆನಿಸಯ್ಯಾಧ್ಯಾತ್ಮಿಕತೆ,medium
ಮಹಿಷಮಂಡಲವನ್ನು,ಉಪಕರಣಗಳನ್ನು,ಮಹಿಷಮಂಡಲವನ್ನೂಪಕರಣಗಳನ್ನು,medium
ಬೆಳೆಸಿದರು,ಉತ್ಪತ್ತಿಯಾಗಿವೆ,ಬೆಳೆಸಿದರೂತ್ಪತ್ತಿಯಾಗಿವೆ,medium
ಇತಿಹಾಸಕಾರರ,ಆಸರೆಯೂ,ಇತಿಹಾಸಕಾರರಾಸರೆಯೂ,medium
ಮಟ್ಟದ,ಆಳ್ವಿಕೆಗೆ,ಮಟ್ಟದಾಳ್ವಿಕೆಗೆ,medium
ಬೀಜ,ಉದ್ಯಾನವನಗಳನ್ನು,ಬೀಜೋದ್ಯಾನವನಗಳನ್ನು,medium
ಹಾಡಿದನೆಂದರೆ,ಅಡ್ಡಹೆಸರನ್ನು,ಹಾಡಿದನೆಂದರೆಯಡ್ಡಹೆಸರನ್ನು,medium
ಮಾಲೆಯಾದತಿಶಯ,ಉಪಯೋಗಿತವಾದವು,ಮಾಲೆಯಾದತಿಶಯೋಪಯೋಗಿತವಾದವು,medium
ವಿದೇಶಿಯ,ಆಡಳಿತದ,ವಿದೇಶಿಯಾಡಳಿತದ,medium
ಆಯೋಗವನ್ನು,ಉಚ್ಚವರ್ಣದ,ಆಯೋಗವನ್ನೂಚ್ಚವರ್ಣದ,medium
ಅತೀತ,ಇಪ್ಪತ್ತನೆಯ,ಅತೀತೇಪ್ಪತ್ತನೆಯ,medium
ಬೆಟ್ಟದ,ಇಪ್ಪತೊಂಬತ್ತನೆಯ,ಬೆಟ್ಟದೇಪ್ಪತೊಂಬತ್ತನೆಯ,medium
ಸಂಸ್ಕೃತದ,ಇಡೀ,ಸಂಸ್ಕೃತದೇಡೀ,medium
ಇಂಡಿಯಾ,ಉಬ್ಬಿರುವ,ಇಂಡಿಯೋಬ್ಬಿರುವ,medium
ಸೋಮಾ,ಉಂಟಾಗಿತ್ತು,ಸೋಮೋಂಟಾಗಿತ್ತು,medium
ಜುಲೈ,ಉಪಯೋಗಿಸಲಾಗುವ,ಜುಲೈೋಪಯೋಗಿಸಲಾಗುವ,medium
ಕಾಲ,ಆದಿಶೇಷನ,ಕಾಲಾದಿಶೇಷನ,medium
ಭಾಗದಲ್ಲಿದೆ,ಗಣೇಶ್,ಭಾಗದಲ್ಲಿದಗಗಣೇಶ್,medium
೮೧,ಆಕರ್ಷಣೆಯೆಂದರೆ,೮೧ಾಕರ್ಷಣೆಯೆಂದರೆ,medium
ಕ್ವೀನ್ಸ,ಆಗ್ನೇಯಕ್ಕೆ,ಕ್ವೀನ್ಸಾಗ್ನೇಯಕ್ಕೆ,medium
ಕಾಲೇಜು,ಉತ್ಪನ್ನಗಳಾದ,ಕಾಲೇಜೂತ್ಪನ್ನಗಳಾದ,medium
ಬಹುಕಾಲ,ಇನ್ನೆರಡು,ಬಹುಕಾಲೇನ್ನೆರಡು,medium
ವೇದಪುರಾಣ,ಆಡಿದ,ವೇದಪುರಾಣಾಡಿದ,medium
ಇಂಡಸ್,ಗಾದ್ರಣಿಗ,ಇಂಡಸಗಗಾದ್ರಣಿಗ,medium
ಪಾರಿಜಾತ,ಉತ್ಪಾದನೆಯ,ಪಾರಿಜಾತೋತ್ಪಾದನೆಯ,medium
ನಿರಾಕರಿಸಿದರು,ಉಪಯೋಗಿಸುವ,ನಿರಾಕರಿಸಿದರೂಪಯೋಗಿಸುವ,medium
ಅಗಲ,ಉಬರಡ್ಕ,ಅಗಲೋಬರಡ್ಕ,medium
ಹರಿಹರರಿಂದ,ಇಷ್ಟೊಂದು,ಹರಿಹರರಿಂದೇಷ್ಟೊಂದು,medium
ದೇವಸ್ಥಾನಗಳ,ಆರ್ಯನ್,ದೇವಸ್ಥಾನಗಳಾರ್ಯನ್,medium
ಚಿತ್ರೀಕರಿಸಲಾಗಿದೆ,ಅನುಭದ,ಚಿತ್ರೀಕರಿಸಲಾಗಿದೆಯನುಭದ,medium
ಕೆರೆಸಂತೆ,ಗ್ವಾಲಿಯರ್,ಕೆರೆಸಂತಗಗ್ವಾಲಿಯರ್,medium
ತಲುಪಿದಾಗ,ಇವರಷ್ಟು,ತಲುಪಿದಾಗೇವರಷ್ಟು,medium
ಪ್ರದೇಶದಿಂದ,ಆರಂಭವಾಗಿ,ಪ್ರದೇಶದಿಂದಾರಂಭವಾಗಿ,medium
ಕೆವಲ,ಉಪಯೋಗಿಸಲಾಗುವ,ಕೆವಲೋಪಯೋಗಿಸಲಾಗುವ,medium
೧೫೩೭ರ,ಇಡಲಾಯಿತು,೧೫೩೭ರೇಡಲಾಯಿತು,medium
ಪ್ರೇಕ್ಷಣಿಯ,ಇಂದಿರಾ,ಪ್ರೇಕ್ಷಣಿಯೇಂದಿರಾ,medium
ತೆರೆಯ,ಇಂಗಳೇಶ್ವರ,ತೆರೆಯೇಂಗಳೇಶ್ವರ,medium
೨೦೦೫,ಇಷ್ಟಲಿಂಗ,೨೦೦೫ೇಷ್ಟಲಿಂಗ,medium
ಒಕ್ಕುದ,ಇದನ್ನು,ಒಕ್ಕುದೇದನ್ನು,medium
ಜನಸಂಖ್ಯೆ,ಅಳಕೆ,ಜನಸಂಖ್ಯೆಯಳಕೆ,medium
ಸಂದೇಶ,ಇಂದೆ,ಸಂದೇಶೇಂದೆ,medium
ವೈಷ್ಣವ,ಇತರೆ,ವೈಷ್ಣವೇತರೆ,medium
ಬೇರೆ,ಅದಲ್ಲದೆ,ಬೇರೆಯದಲ್ಲದೆ,medium
ಮಹಲುಗಳನ್ನು,ಉತ್ತಮವಾದ,ಮಹಲುಗಳನ್ನೂತ್ತಮವಾದ,medium
ಮೂಲ,ಇಟ್ಟಿಗೆ,ಮೂಲೇಟ್ಟಿಗೆ,medium
ಸೌಲಭ್ಯವಿದೆ,ಅಸ್ತಿತ್ವದಲ್ಲಿತ್ತು,ಸೌಲಭ್ಯವಿದೆಯಸ್ತಿತ್ವದಲ್ಲಿತ್ತು,medium
ಜನಪ್ರಿಯರಾಗಿದ್ದ,ಉರಿಮಸಾನಿ,ಜನಪ್ರಿಯರಾಗಿದ್ದೋರಿಮಸಾನಿ,medium
ಶಿವಲಿಂಗವನ್ನು,ಉಬರಡ್ಕ,ಶಿವಲಿಂಗವನ್ನೂಬರಡ್ಕ,medium
ಕಿಟಕಿಗಳಿವೆ,ಅಧಿಕೃತ,ಕಿಟಕಿಗಳಿವೆಯಧಿಕೃತ,medium
ಕಂಡು,ಉತ್ತರಕ್ಕೆ,ಕಂಡೂತ್ತರಕ್ಕೆ,medium
೧೯೦೪,ಇವನಾರವ,೧೯೦೪ೇವನಾರವ,medium
ವಿರಳರ,ಉಗ್ರ,ವಿರಳರೋಗ್ರ,medium
ನಂಬಿಕೆ,ಗಂಡು,ನಂಬಿಕಗಗಂಡು,medium
ಉದ್ದ,ಉಷ್ಣವಲಯದ,ಉದ್ದೋಷ್ಣವಲಯದ,medium
ವಿಶಾಲವಾದ,ಇಲ್ಲಿರುವ,ವಿಶಾಲವಾದೇಲ್ಲಿರುವ,medium
ಬದುಕೆಂಬುದು,ಉರಿಲಿಂಗಪೆದ್ದಿಗಳರಸನಲ್ಲಿ,ಬದುಕೆಂಬುದೂರಿಲಿಂಗಪೆದ್ದಿಗಳರಸನಲ್ಲಿ,medium
ದೇವರಾದ,ಇರುವುದನ್ನು,ದೇವರಾದೇರುವುದನ್ನು,medium
ಭೂತಾನ,ಇಂಡಸ್,ಭೂತಾನೇಂಡಸ್,medium
ಸಂಪರ್ಕಿಸುತ್ತವಲ್ಲದೆ,ಅವಧಿಯ,ಸಂಪರ್ಕಿಸುತ್ತವಲ್ಲದೆಯವಧಿಯ,medium
ಅಂಬೆ,ಗಣಪತಿ,ಅಂಬಗಗಣಪತಿ,medium
ಬಳ್ಳೇಶ್ವರ,ಇಂತಹ,ಬಳ್ಳೇಶ್ವರೇಂತಹ,medium
ನಿರತನಾದಡೆ,ಗೋಪುರಗಳಾಗಿ,ನಿರತನಾದಡಗಗೋಪುರಗಳಾಗಿ,medium
ಪುಟಗಳನ್ನೊಳಗೊಂಡ,ಇತ್ತೀಚೆಗೆ,ಪುಟಗಳನ್ನೊಳಗೊಂಡೇತ್ತೀಚೆಗೆ,medium
ಪುರುಷೋತ್ತಮ,ಇರುವುದನ್ನು,ಪುರುಷೋತ್ತಮೇರುವುದನ್ನು,medium
೧೯೮೧,ಉತ್ಪಾದನೆಯ,೧೯೮೧ೋತ್ಪಾದನೆಯ,medium
ಹೋದಡೆ,ಅರ್ಧಿಸುತ್ತವೆ,ಹೋದಡೆಯರ್ಧಿಸುತ್ತವೆ,medium
ಸಂತೇಪೇಟೆ,ಅನುಕೂಲ,ಸಂತೇಪೇಟೆಯನುಕೂಲ,medium
ಸಿರಿವಂತಗೊಳಿಸಿದ,ಆಗಿದ್ದು,ಸಿರಿವಂತಗೊಳಿಸಿದಾಗಿದ್ದು,medium
ಕಾರಣವೆಂದು,ಉದಾಹರಣೆ,ಕಾರಣವೆಂದೂದಾಹರಣೆ,medium
ಚೋಳ,ಆಗಿದ್ದರು,ಚೋಳಾಗಿದ್ದರು,medium
ಶ್ರವಣಬೆಳಗೊಳದ,ಉಬರಡ್ಕ,ಶ್ರವಣಬೆಳಗೊಳದೋಬರಡ್ಕ,medium
ಸೂಚಿಸುತ್ತಾನೆ,ಅನ್ನ,ಸೂಚಿಸುತ್ತಾನೆಯನ್ನ,medium
ಅಣೆಕಟ್ಟೆಯಿಂದ,ಆರಂಭದೊಂದಿಗೆ,ಅಣೆಕಟ್ಟೆಯಿಂದಾರಂಭದೊಂದಿಗೆ,medium
ಮಾರಲ್ಪಡುತ್ತಿದ್ದರಂತೆ,ಅರ್ಜುನ್,ಮಾರಲ್ಪಡುತ್ತಿದ್ದರಂತೆಯರ್ಜುನ್,medium
ಪ್ರಬಲ,ಇವ,ಪ್ರಬಲೇವ,medium
ವ್ಯಕ್ತಿತ್ವವನ್ನು,ಉಚ್ಚ,ವ್ಯಕ್ತಿತ್ವವನ್ನೂಚ್ಚ,medium
ಹೋರಾಟದ,ಉದ್ದೇಶ,ಹೋರಾಟದೋದ್ದೇಶ,medium
ಪ್ರತಿಭೆ,ಗಳಷ್ಟು,ಪ್ರತಿಭಗಗಳಷ್ಟು,medium
ಕಾಲೇಜು,ಉತ್ಸವವಾಗಿದ್ದು,ಕಾಲೇಜೂತ್ಸವವಾಗಿದ್ದು,medium
ಬಳಕೆಯಾಗಿರುವ,ಉರಿಲಿಂಗಪೆದ್ದಿಗಳ,ಬಳಕೆಯಾಗಿರುವೋರಿಲಿಂಗಪೆದ್ದಿಗಳ,medium
ಕುಕ್ಕೆ,ಗೋಚರಿಸುತ್ತವೆ,ಕುಕ್ಕಗಗೋಚರಿಸುತ್ತವೆ,medium
ಬಾಳಾಸಾಹೇಬ,ಆಸೆಯೆಂಬುದು,ಬಾಳಾಸಾಹೇಬಾಸೆಯೆಂಬುದು,medium
ಮಟ್ಟ,ಉದಾಹರಣೆಗೆ,ಮಟ್ಟೋದಾಹರಣೆಗೆ,medium
ಆಚಾರ್ಯ,ಆಚರಿಸುವುದಾಗಿ,ಆಚಾರ್ಯಾಚರಿಸುವುದಾಗಿ,medium
ಹೆಸರಿಸಬಹುದಾಗಿದೆ,ಅರಮನೆಗಳು,ಹೆಸರಿಸಬಹುದಾಗಿದೆಯರಮನೆಗಳು,medium
ಹೊಂದಿರುವ,ಇರುವುದರಿಂದಲೇ,ಹೊಂದಿರುವೇರುವುದರಿಂದಲೇ,medium
ಬಂದಂತೆ,ಅತೀತ,ಬಂದಂತೆಯತೀತ,medium
ಘಟಕಗಳಿಗೆ,ಗಳಿಸಿದ,ಘಟಕಗಳಿಗಗಗಳಿಸಿದ,medium
ಹೊಂದಿರುವ,ಆಸೆಯೆಂಬುದು,ಹೊಂದಿರುವಾಸೆಯೆಂಬುದು,medium
ಭಂಗಿಯಲ್ಲಿದೆ,ಅಶ್ವತ್ಥ,ಭಂಗಿಯಲ್ಲಿದೆಯಶ್ವತ್ಥ,medium
ಕುಳಿತಿರುವ,ಆಕಾಶವಾಣಿ,ಕುಳಿತಿರುವಾಕಾಶವಾಣಿ,medium
ಆಂಧ್ರ,ಉಪಕರಣಗಳನ್ನು,ಆಂಧ್ರೋಪಕರಣಗಳನ್ನು,medium
೨೦೧೫ರ,ಉದ್ದೇಶ,೨೦೧೫ರೋದ್ದೇಶ,medium
ನರಸಿಂಹನ,ಇರಿಸಲಾಗಿದೆ,ನರಸಿಂಹನೇರಿಸಲಾಗಿದೆ,medium
ಮಳೆ,ಅಭ್ಯಾಸ,ಮಳೆಯಭ್ಯಾಸ,medium
ಸ್ಮಾರಕವಾಗಿದೆ,ಗೋಪುರಗಳು,ಸ್ಮಾರಕವಾಗಿದಗಗೋಪುರಗಳು,medium
ಮುಖ್ಯ,ಆಮಂತ್ರಣ,ಮುಖ್ಯಾಮಂತ್ರಣ,medium
ತತ್ತ್ವ,ಉಷ್ಣಾಂಶವಿರುವುದು,ತತ್ತ್ವೋಷ್ಣಾಂಶವಿರುವುದು,medium
ಸುತ್ತ,ಇತ್ಯಾದಿ,ಸುತ್ತೇತ್ಯಾದಿ,medium
ಮಹಿಸೂರು,ಉಲ್ಲೇಖ,ಮಹಿಸೂರೂಲ್ಲೇಖ,medium
ಮಾದಿಕೊಟ್ಟಿವೆ,ಅಲ್ಲಿ,ಮಾದಿಕೊಟ್ಟಿವೆಯಲ್ಲಿ,medium
ಆನಂದವನ್ನು,ಉತ್ತರಕ್ಕೆ,ಆನಂದವನ್ನೂತ್ತರಕ್ಕೆ,medium
ನಿಷ್ಕರ್ಷಿಸಿದ್ದಾರೆ,ಗೋಣಿಬೀಡು,ನಿಷ್ಕರ್ಷಿಸಿದ್ದಾರಗಗೋಣಿಬೀಡು,medium
ನೀರಿನಿಂದ,ಆನಂದವನ್ನು,ನೀರಿನಿಂದಾನಂದವನ್ನು,medium
ಟಾಟಾ,ಆತ್ಮಸಾಕ್ಷಾತ್ಕಾರವೇ,ಟಾಟಾತ್ಮಸಾಕ್ಷಾತ್ಕಾರವೇ,medium
ಜಯನಗರ,ಆಲ್ಬಮ್,ಜಯನಗರಾಲ್ಬಮ್,medium
ಆತ್ಮಸ್ಥೈರ್ಯ,ಉಬರಡ್ಕ,ಆತ್ಮಸ್ಥೈರ್ಯೋಬರಡ್ಕ,medium
ಒಬ್ಬರಾಗಿದ್ದಾರೆ,ಅಣೆಕಟ್ಟಿನಲ್ಲಿ,ಒಬ್ಬರಾಗಿದ್ದಾರೆಯಣೆಕಟ್ಟಿನಲ್ಲಿ,medium
ಕಾಲಮಾನಗಳನ್ನು,ಉಪಯೋಗಿಸಲ್ಪಡುತ್ತಿದ್ದ,ಕಾಲಮಾನಗಳನ್ನೂಪಯೋಗಿಸಲ್ಪಡುತ್ತಿದ್ದ,medium
ರಸದ,ಇನ್ಫೋಸಿಸ್,ರಸದೇನ್ಫೋಸಿಸ್,medium
ಎದುರಿಗೆ,ಅಂದಾಜು,ಎದುರಿಗೆಯಂದಾಜು,medium
ಉಮೆಯ,ಆಫ್,ಉಮೆಯಾಫ್,medium
ಚೈತ್ರ,ಉರಿಲಿಂಗಪೆದ್ದಿಗಳ,ಚೈತ್ರೋರಿಲಿಂಗಪೆದ್ದಿಗಳ,medium
ಮಾಡಲಾಗುತ್ತದೆ,ಅಮೋಘ,ಮಾಡಲಾಗುತ್ತದೆಯಮೋಘ,medium
ಚರಿತ್ರೆಯಿದೆ,ಅಕಾಡೆಮಿ,ಚರಿತ್ರೆಯಿದೆಯಕಾಡೆಮಿ,medium
ಶಿವ,ಉತ್ಪತ್ತಿಯಾಗಿವೆ,ಶಿವೋತ್ಪತ್ತಿಯಾಗಿವೆ,medium
ದಡದಲ್ಲಿದೆ,ಅಣೆಕಟ್ಟೆಯಿಂದ,ದಡದಲ್ಲಿದೆಯಣೆಕಟ್ಟೆಯಿಂದ,medium
ಸ್ಪೆಸ್,ಗೆಲ್ಲುತ್ತಾನೆ,ಸ್ಪೆಸಗಗೆಲ್ಲುತ್ತಾನೆ,medium
ಬೆಂಗಳೂರಿನ,ಆರಿಸಿಕೊಂಡ,ಬೆಂಗಳೂರಿನಾರಿಸಿಕೊಂಡ,medium
ಲಾಭ,ಆರಂಭದಲ್ಲಿ,ಲಾಭಾರಂಭದಲ್ಲಿ,medium
ಭಾರತದಲ್ಲಿರುವ,ಆರಂಭದೊಂದಿಗೆ,ಭಾರತದಲ್ಲಿರುವಾರಂಭದೊಂದಿಗೆ,medium
ಅಂದಿಂಗೆಳೆಯ,ಉರಿಲಿಂಗಪೆದ್ದಿಗಳರಸನಲ್ಲಿ,ಅಂದಿಂಗೆಳೆಯೋರಿಲಿಂಗಪೆದ್ದಿಗಳರಸನಲ್ಲಿ,medium
ಮಣಿಯುತ,ಇಡೀ,ಮಣಿಯುತೇಡೀ,medium
ಶ್ರೀಲಂಕಾ,ಆಯಿತು,ಶ್ರೀಲಂಕಾಯಿತು,medium
ಮಾಡಿರಬಹುದು,ಉತ್ತಮವಾದ,ಮಾಡಿರಬಹುದೂತ್ತಮವಾದ,medium
ಭಾನುವಾರ,ಆರ್ಯನ್,ಭಾನುವಾರಾರ್ಯನ್,medium
ಬಳಕೆ,ಅವರೊಬ್ಬ,ಬಳಕೆಯವರೊಬ್ಬ,medium
ಜನ್ಮ,ಇತರ,ಜನ್ಮೇತರ,medium
ಅಕ್ಕನಿಗೆ,ಅಂತೆಯೆ,ಅಕ್ಕನಿಗೆಯಂತೆಯೆ,medium
ಶಾಸನದ,ಆಸ್ಟಿನ್,ಶಾಸನದಾಸ್ಟಿನ್,medium
ವಿಜಯನಗರದ,ಇಲ್ಲಿಗೆ,ವಿಜಯನಗರದೇಲ್ಲಿಗೆ,medium
ಅವರ್ಗೀಯ,ಆರ್,ಅವರ್ಗೀಯಾರ್,medium
ಮೊಹಲ್ಲ,ಆಯೋಜಿಸುವ,ಮೊಹಲ್ಲಾಯೋಜಿಸುವ,medium
ಸಸಿಯೊಳಗಣ,ಇತ್ತೀಚಿನ,ಸಸಿಯೊಳಗಣೇತ್ತೀಚಿನ,medium
ತಮ್ಮನ್ನು,ಉಡುಪಿ,ತಮ್ಮನ್ನೂಡುಪಿ,medium
ಅವರೊಬ್ಬ,ಇವರಿಗೆ,ಅವರೊಬ್ಬೇವರಿಗೆ,medium
ರೂಪುಗೊಂಡ,ಆಫ್,ರೂಪುಗೊಂಡಾಫ್,medium
ಪ್ರಬಲವಾದ,ಆನೆಗಳು,ಪ್ರಬಲವಾದಾನೆಗಳು,medium
ಆಯೋಗವನ್ನು,ಉದಾಹರಣೆಗಳು,ಆಯೋಗವನ್ನೂದಾಹರಣೆಗಳು,medium
ಘಟಕಗಳಿಗೆ,ಗ್ರಾಂಡ್,ಘಟಕಗಳಿಗಗಗ್ರಾಂಡ್,medium
ಮುಖಾಮುಖಿಯಾದ,ಉತ್ಪನ್ನಗಳಾದ,ಮುಖಾಮುಖಿಯಾದೋತ್ಪನ್ನಗಳಾದ,medium
ಕೃತಿಯಾಗಿದೆ,ಅಧಿಕೃತವಾಗಿ,ಕೃತಿಯಾಗಿದೆಯಧಿಕೃತವಾಗಿ,medium
೧೬೨೭,ಉಕ್ತಿ,೧೬೨೭ೋಕ್ತಿ,medium
ಪುಟ್ಟಣ್ಣ,ಉಳಿದಂತೆ,ಪುಟ್ಟಣ್ಣೋಳಿದಂತೆ,medium
ಟ್ರೇನಗಳ,ಇಂಗ್ಲೆಂಡಿನ,ಟ್ರೇನಗಳೇಂಗ್ಲೆಂಡಿನ,medium
ಉಚ್ಚವರ್ಣದ,ಉಳಿದ,ಉಚ್ಚವರ್ಣದೋಳಿದ,medium
ಬೈಯ್ಯಪ್ಪನಹಳ್ಳಿಯಿಂದ,ಇಲ್ಲೇ,ಬೈಯ್ಯಪ್ಪನಹಳ್ಳಿಯಿಂದೇಲ್ಲೇ,medium
ಕೊಡಬಹುದಾದಂತಹ,ಇಂದೆ,ಕೊಡಬಹುದಾದಂತಹೇಂದೆ,medium
ಇಟ್ಟಿಗೆ,ಗ್ರಾಮದಲ್ಲಿ,ಇಟ್ಟಿಗಗಗ್ರಾಮದಲ್ಲಿ,medium
ಒಳ್ಳೆಯ,ಇತಿಹಾಸವು,ಒಳ್ಳೆಯೇತಿಹಾಸವು,medium
ಕೇಂದ್ರವಾಗಿದೆ,ಅಲ್ಲಿ,ಕೇಂದ್ರವಾಗಿದೆಯಲ್ಲಿ,medium
ದೇಶಗಳೊಂದಿಗೆ,ಅಸಾಧಾರಣವಾದುದು,ದೇಶಗಳೊಂದಿಗೆಯಸಾಧಾರಣವಾದುದು,medium
ಪಟ್ಟಣ,ಉಷ್ಣಾಂಶವಿರುವುದು,ಪಟ್ಟಣೋಷ್ಣಾಂಶವಿರುವುದು,medium
ಜಂಗಮಕ್ಕೆ,ಅಧಿದೇವತೆ,ಜಂಗಮಕ್ಕೆಯಧಿದೇವತೆ,medium
ಇಂದೆ,ಅನಿವಾರ್ಯವಾಗುತ್ತದೆ,ಇಂದೆಯನಿವಾರ್ಯವಾಗುತ್ತದೆ,medium
ಮೈಸೂರಿನ,ಆಕರಗಳಿಂದಲೂ,ಮೈಸೂರಿನಾಕರಗಳಿಂದಲೂ,medium
ಕೊಡುತ್ತಾನೆ,ಗೋಪಾಲಚಾರಿ,ಕೊಡುತ್ತಾನಗಗೋಪಾಲಚಾರಿ,medium
ಗೋತ್ರಕ್ಕೆ,ಅಮೇರಿಕಾದಲ್ಲಿ,ಗೋತ್ರಕ್ಕೆಯಮೇರಿಕಾದಲ್ಲಿ,medium
ಬಾಳಾಸಾಹೇಬ,ಇಳಿಯುತ್ತದೆ,ಬಾಳಾಸಾಹೇಬೇಳಿಯುತ್ತದೆ,medium
ಲಿಪಿಗಳ,ಆನೆಗೆ,ಲಿಪಿಗಳಾನೆಗೆ,medium
ಲಭ್ಯ,ಆಕರ್ಷಿಸುತ್ತದೆ,ಲಭ್ಯಾಕರ್ಷಿಸುತ್ತದೆ,medium
ಇಸ್ಲಾಂ,ಉಂಟಾಗುತ್ತವೆ,ಇಸ್ಲಾಂೋಂಟಾಗುತ್ತವೆ,medium
ನಗರಗಳ,ಉಪಯೋಗಿಸಲಾಗುತ್ತಿಲ್ಲ,ನಗರಗಳೋಪಯೋಗಿಸಲಾಗುತ್ತಿಲ್ಲ,medium
ಮಷೀನ್,ಗಳಿಸಿತು,ಮಷೀನಗಗಳಿಸಿತು,medium
ಬೌದ್ಧ,ಆವೃತವಾಗಿದೆ,ಬೌದ್ಧಾವೃತವಾಗಿದೆ,medium
ಭಕ್ತವೃಂದಕ್ಕೆ,ಅಂತೇ,ಭಕ್ತವೃಂದಕ್ಕೆಯಂತೇ,medium
ಎಲ್ಲ,ಉಗಮಗೊಂಡವು,ಎಲ್ಲೋಗಮಗೊಂಡವು,medium
ನಮ್ಮೂರ,ಆರಿಸಿಕೊಂಡ,ನಮ್ಮೂರಾರಿಸಿಕೊಂಡ,medium
ಪರಂಪರೆ,ಅಂಬೆ,ಪರಂಪರೆಯಂಬೆ,medium
೩೬೦,ಇಂಗ್ಲಿಷ್,೩೬೦ೇಂಗ್ಲಿಷ್,medium
ಹಲವು,ಉದ್ದೇಶ,ಹಲವೂದ್ದೇಶ,medium
ಕೈರಂಗಳ,ಉಂಟು,ಕೈರಂಗಳೋಂಟು,medium
ಭವದ,ಉಪದೇಶ,ಭವದೋಪದೇಶ,medium
ಹಾಗೆಯೆ,ಅದರಲ್ಲೂ,ಹಾಗೆಯೆಯದರಲ್ಲೂ,medium
ತೋಟಿಮನೆ,ಗುಡ್ದಪ್ಪ,ತೋಟಿಮನಗಗುಡ್ದಪ್ಪ,medium
ಬಂಡಾಯ,ಆಗ್ನೇಯ,ಬಂಡಾಯಾಗ್ನೇಯ,medium
ವಿವರಣೆಯನ್ನು,ಉಪಯೋಗಿತವಾದವು,ವಿವರಣೆಯನ್ನೂಪಯೋಗಿತವಾದವು,medium
ಭಕ್ತಾದಿಗಳಿಗೆ,ಅರ್ಬಿ,ಭಕ್ತಾದಿಗಳಿಗೆಯರ್ಬಿ,medium
ಆರಾಧಿಸುವ,ಇವರಷ್ಟು,ಆರಾಧಿಸುವೇವರಷ್ಟು,medium
ಎಂದೊಡನೆ,ಗಳಿಸಿದ,ಎಂದೊಡನಗಗಳಿಸಿದ,medium
ಯುದ್ಧ,ಆಯೋಗವನ್ನು,ಯುದ್ಧಾಯೋಗವನ್ನು,medium
ಕಾರ್ಡೋಬಾದಲ್ಲಿರುವ,ಇಲ್ಲಿಗೆ,ಕಾರ್ಡೋಬಾದಲ್ಲಿರುವೇಲ್ಲಿಗೆ,medium
ಹರಿಹರರಿಂದ,ಇಂಜಿನ್,ಹರಿಹರರಿಂದೇಂಜಿನ್,medium
ಗೂಗಲ್,ಗಳ,ಗೂಗಲಗಗಳ,medium
ಸಮ್ಮಿಶ್ರ,ಉತ್ತಮ,ಸಮ್ಮಿಶ್ರೋತ್ತಮ,medium
ಬಿಡುಗಡೆಯ,ಆಡು,ಬಿಡುಗಡೆಯಾಡು,medium
ಸ್ಥಳಕ್ಕೆ,ಗೇಮ್ಸ್,ಸ್ಥಳಕ್ಕಗಗೇಮ್ಸ್,medium
ಸ್ಟರ್,ಗಣೇಶ್,ಸ್ಟರಗಗಣೇಶ್,medium
ಸ್ಥಿತವಾಗಿರುವುದರಿಂದ,ಇವೆ,ಸ್ಥಿತವಾಗಿರುವುದರಿಂದೇವೆ,medium
ಜತೆಗೆ,ಅಕ್ವೇರಿಯಮ್,ಜತೆಗೆಯಕ್ವೇರಿಯಮ್,medium
ನೆನಪಿಗೆ,ಅರ್ಥರ್,ನೆನಪಿಗೆಯರ್ಥರ್,medium
ಸೇವೆಯುಳ್ಳನ್ನಕ್ಕರ,ಉತ್ತರ,ಸೇವೆಯುಳ್ಳನ್ನಕ್ಕರೋತ್ತರ,medium
ನುಡಿದಾಗ,ಆಸೆಗಳನ್ನು,ನುಡಿದಾಗಾಸೆಗಳನ್ನು,medium
ವಿಶೇಷ,ಆಗಿ,ವಿಶೇಷಾಗಿ,medium
ಕಾಣಿಕೆ,ಗಾಡಿಗಳು,ಕಾಣಿಕಗಗಾಡಿಗಳು,medium
ಸಾಹಿತ್ಯಕ,ಆಡಳಿತಕ್ಕೆ,ಸಾಹಿತ್ಯಕಾಡಳಿತಕ್ಕೆ,medium
ನುಲಿಯ,ಇರುವುದನ್ನು,ನುಲಿಯೇರುವುದನ್ನು,medium
ಲೋಕ,ಆನಂದೇಶ್ವರ,ಲೋಕಾನಂದೇಶ್ವರ,medium
ಕೆ,ಅಕ್ಕ,ಕೆಯಕ್ಕ,medium
ಪ್ರತಿಧ್ವನಿತವಾಗುತ್ತದೆ,ಅಭಿಪ್ರಾಯ,ಪ್ರತಿಧ್ವನಿತವಾಗುತ್ತದೆಯಭಿಪ್ರಾಯ,medium
ಪ್ರತಿಬಿಂಬಿಸುವ,ಉಷ್ಣವಲಯದ,ಪ್ರತಿಬಿಂಬಿಸುವೋಷ್ಣವಲಯದ,medium
ಬೆಳೆಯಲು,ಉಗಮವಾಯಿತು,ಬೆಳೆಯಲೂಗಮವಾಯಿತು,medium
ಬರಹಗಾರ,ಇತಿಹಾಸ,ಬರಹಗಾರೇತಿಹಾಸ,medium
ನಿರ್ಮಿಸಲ್ಪಟ್ಟಿದೆ,ಅರ್ಕಾವತಿ,ನಿರ್ಮಿಸಲ್ಪಟ್ಟಿದೆಯರ್ಕಾವತಿ,medium
ತೃತೀಯ,ಇವು,ತೃತೀಯೇವು,medium
ಸ್ವಯಂಚಾಲಿತ,ಉದ್ಯಾನವನಗಳನ್ನು,ಸ್ವಯಂಚಾಲಿತೋದ್ಯಾನವನಗಳನ್ನು,medium
ಕಾರದಿಂದ,ಇಂಡೋ,ಕಾರದಿಂದೇಂಡೋ,medium
೧೯೭೪,ಇಂಗಳೇಶ್ವರ,೧೯೭೪ೇಂಗಳೇಶ್ವರ,medium
ಆಧುನಿಕ,ಇದರ,ಆಧುನಿಕೇದರ,medium
ಯಕ್ಷಗಾನವು,ಉಂಟಾಗುತ್ತವೆ,ಯಕ್ಷಗಾನವೂಂಟಾಗುತ್ತವೆ,medium
ವೈದಿಕ,ಆಡಿದ,ವೈದಿಕಾಡಿದ,medium
ಕಾಯಕಗಳ,ಆಕ್ರಮಣವನ್ನು,ಕಾಯಕಗಳಾಕ್ರಮಣವನ್ನು,medium
ಪಶುಪಾಟ,ಆಸಕ್ತ,ಪಶುಪಾಟಾಸಕ್ತ,medium
ಲಿಪ್ಯಂತರಣ,ಇನ್ನೂ,ಲಿಪ್ಯಂತರಣೇನ್ನೂ,medium
ಸಂಬಂಧಿಸಿದ,ಉಮೆಯ,ಸಂಬಂಧಿಸಿದೋಮೆಯ,medium
೧೯೭೪,ಆಗಿತ್ತು,೧೯೭೪ಾಗಿತ್ತು,medium
ಹೊರ,ಆಕರ್ಷಿಸಿದ್ದು,ಹೊರಾಕರ್ಷಿಸಿದ್ದು,medium
ನಾಗ್,ಗೋಡೆ,ನಾಗಗಗೋಡೆ,medium
ಪ್ರಕಟಿಸಿದ,ಇಟಗಿ,ಪ್ರಕಟಿಸಿದೇಟಗಿ,medium
ನಿಂತಿವೆ,ಗುರುತಿಸಲಾಗುತ್ತದೆ,ನಿಂತಿವಗಗುರುತಿಸಲಾಗುತ್ತದೆ,medium
೧೯೮೧,ಆಯ್ದಕ್ಕಿ,೧೯೮೧ಾಯ್ದಕ್ಕಿ,medium
ಶಬ್ದವನ್ನು,ಉಪಯೋಗಿಸಲಾಗಿರುವ,ಶಬ್ದವನ್ನೂಪಯೋಗಿಸಲಾಗಿರುವ,medium
ಜಿಲ್ಲಾಕೇಂದ್ರ,ಆರಂಭಿಸಿದರು,ಜಿಲ್ಲಾಕೇಂದ್ರಾರಂಭಿಸಿದರು,medium
ಒದಗಿಸುತ್ತವೆ,ಅನುಭವ,ಒದಗಿಸುತ್ತವೆಯನುಭವ,medium
ಇನ್ನಿತರ,ಉಪಯೋಗಿತವಾದವು,ಇನ್ನಿತರೋಪಯೋಗಿತವಾದವು,medium
ಘಟಕಗಳಿಗೆ,ಅಂಗಳದಲ್ಲಿ,ಘಟಕಗಳಿಗೆಯಂಗಳದಲ್ಲಿ,medium
ಶೈವ,ಆಕ್ರಮಣಗೊಂಡು,ಶೈವಾಕ್ರಮಣಗೊಂಡು,medium
ಸ್ವತಂತ್ರ,ಆದಿಶಕ್ತಿಯಾಗಿ,ಸ್ವತಂತ್ರಾದಿಶಕ್ತಿಯಾಗಿ,medium
ಹರಿಶ್ಚಂದ್ರ,ಇಟ್ಟುಬಿಟ್ಟನು,ಹರಿಶ್ಚಂದ್ರೇಟ್ಟುಬಿಟ್ಟನು,medium
ಹೋಬಳಿಗಳ,ಉತ್ಸವವಾಗಿದ್ದು,ಹೋಬಳಿಗಳೋತ್ಸವವಾಗಿದ್ದು,medium
ಕೆಲವೆ,ಗುರುತಿಸಲಾಗುತ್ತದೆ,ಕೆಲವಗಗುರುತಿಸಲಾಗುತ್ತದೆ,medium
ಸಿದ್ಧವಾದ,ಆಲ್ಬಂ,ಸಿದ್ಧವಾದಾಲ್ಬಂ,medium
ಭಾಷೆಗಳೆಂದರೆ,ಅಕ್ಷರಗಳನ್ನು,ಭಾಷೆಗಳೆಂದರೆಯಕ್ಷರಗಳನ್ನು,medium
೫೨,ಉಗಮಗೊಂಡವು,೫೨ೋಗಮಗೊಂಡವು,medium
ಸಂಸ್ಕಾರ,ಉದ್ಯಾನವನಗಳನ್ನು,ಸಂಸ್ಕಾರೋದ್ಯಾನವನಗಳನ್ನು,medium
ರಂದು,ಉಪಯೋಗಿಸಿ,ರಂದೂಪಯೋಗಿಸಿ,medium
ವಾಸಸ್ಥಾನ,ಆದಿಲ್,ವಾಸಸ್ಥಾನಾದಿಲ್,medium
ನಂಜವದೂತ,ಇಸ್ಲಾಮಿಕ್,ನಂಜವದೂತೇಸ್ಲಾಮಿಕ್,medium
ಬೆಂಗಳೂರಿಗೆ,ಅಂಜನಾದ್ರಿ,ಬೆಂಗಳೂರಿಗೆಯಂಜನಾದ್ರಿ,medium
ಅಗ್ರಮಾನ್ಯ,ಇಂದುಕಲಾ,ಅಗ್ರಮಾನ್ಯೇಂದುಕಲಾ,medium
ತರುತ್ತಾಳೆ,ಅದಕ್ಕವಳು,ತರುತ್ತಾಳೆಯದಕ್ಕವಳು,medium
ಸೇರಿದರು,ಉನ್ನತ,ಸೇರಿದರೂನ್ನತ,medium
ಪ್ರಥಮ,ಆಳುತ್ತಿದ್ದ,ಪ್ರಥಮಾಳುತ್ತಿದ್ದ,medium
ವಿಸ್ತೃತ,ಉಚ್ಚಾರಣೆಯ,ವಿಸ್ತೃತೋಚ್ಚಾರಣೆಯ,medium
ರಾಜರಿಂದ,ಇವುಗಳ,ರಾಜರಿಂದೇವುಗಳ,medium
ದೇಶೀಯ,ಇಂಬುಕೊಟ್ಟಿದೆ,ದೇಶೀಯೇಂಬುಕೊಟ್ಟಿದೆ,medium
ಗುಂಡು,ಉಲ್ಲೇಖಿಸುತ್ತವೆ,ಗುಂಡೂಲ್ಲೇಖಿಸುತ್ತವೆ,medium
ಕೃತ್ಯ,ಆಸ್ಟ್ರೇಲಿಯಾದಲ್ಲಿ,ಕೃತ್ಯಾಸ್ಟ್ರೇಲಿಯಾದಲ್ಲಿ,medium
ವಾಸುದೇವ,ಆರ್ಯನ್,ವಾಸುದೇವಾರ್ಯನ್,medium
ರಾಷ್ಟ್ರವಾಗಿದೆ,ಅರಮನೆಗಳು,ರಾಷ್ಟ್ರವಾಗಿದೆಯರಮನೆಗಳು,medium
ನಿರೂಪಿಸುವ,ಇನ್ಸ್ಟಿಟ್ಯೂಟ್,ನಿರೂಪಿಸುವೇನ್ಸ್ಟಿಟ್ಯೂಟ್,medium
ನಟ,ಉಪಯೋಗಿಸುವ,ನಟೋಪಯೋಗಿಸುವ,medium
ಬುದ್ಧಿಜೀವಿಗಳಂತೆ,ಗಾಂಧಿನಗರ,ಬುದ್ಧಿಜೀವಿಗಳಂತಗಗಾಂಧಿನಗರ,medium
ಕಿಟಕಿಗಳಿವೆ,ಅವುಗಳಲ್ಲಿ,ಕಿಟಕಿಗಳಿವೆಯವುಗಳಲ್ಲಿ,medium
ಅಗ್ರಸ್ಥಾನ,ಆಚಾರ,ಅಗ್ರಸ್ಥಾನಾಚಾರ,medium
ತೆರೆದಿದುದರಿಂದ,ಆಟ,ತೆರೆದಿದುದರಿಂದಾಟ,medium
ಹೊಂದಿದವರ,ಇವರಿಗೆ,ಹೊಂದಿದವರೇವರಿಗೆ,medium
ಸಹಜವಾದದ್ದು,ಉದಕದೊಳಗೆ,ಸಹಜವಾದದ್ದೂದಕದೊಳಗೆ,medium
ರಾಜ್ಯದಲ್ಲಿನ,ಇವುಗಳ,ರಾಜ್ಯದಲ್ಲಿನೇವುಗಳ,medium
೯೩೮ಚದರ,ಆಕ್ರಮಣವನ್ನು,೯೩೮ಚದರಾಕ್ರಮಣವನ್ನು,medium
ರತ್ನ,ಆವ,ರತ್ನಾವ,medium
ಮೌಢ್ಯಗಳಿಗೆ,ಗುಂಬಜಿನ,ಮೌಢ್ಯಗಳಿಗಗಗುಂಬಜಿನ,medium
ವಾತಾವರಣ,ಉಚ್ಚ,ವಾತಾವರಣೋಚ್ಚ,medium
ಪೂರ್ವರಂಗ,ಇಟ್ಟಿಗೆಗೂಡು,ಪೂರ್ವರಂಗೇಟ್ಟಿಗೆಗೂಡು,medium
ಹೀಗಿದೆ,ಗುಜರಾತಿ,ಹೀಗಿದಗಗುಜರಾತಿ,medium
ದೀರ್ಘಸ್ವರಗಳ,ಇಂಗ್ಲೆಂಡಿನ,ದೀರ್ಘಸ್ವರಗಳೇಂಗ್ಲೆಂಡಿನ,medium
ಹಿಂದಿನ,ಆಯ್ಕೆಗಳಿದ್ದು,ಹಿಂದಿನಾಯ್ಕೆಗಳಿದ್ದು,medium
ಧೀಮಂತ,ಇವು,ಧೀಮಂತೇವು,medium
ತುಳು,ಉತ್ಪನ್ನಗಳು,ತುಳೂತ್ಪನ್ನಗಳು,medium
೫೨,ಇದು,೫೨ೇದು,medium
ಮಾನಸ,ಆಡಳಿತಕ್ಕೊಳಪಟ್ಟಿತು,ಮಾನಸಾಡಳಿತಕ್ಕೊಳಪಟ್ಟಿತು,medium
ಸಲ,ಇವರಲ್ಲಿ,ಸಲೇವರಲ್ಲಿ,medium
ಚಲನಚಿತ್ರಗಳ,ಉಚ್ಚ,ಚಲನಚಿತ್ರಗಳೋಚ್ಚ,medium
ಪದಗಳನ್ನೊಳಗೊಂಡ,ಆಯಾಮಗಳನ್ನು,ಪದಗಳನ್ನೊಳಗೊಂಡಾಯಾಮಗಳನ್ನು,medium
ಇಟ್ಟಿಗೆಗೂಡು,ಉದಾ,ಇಟ್ಟಿಗೆಗೂಡೂದಾ,medium
ಸುಲ್ತಾನರ,ಉದ್ಯಾನ,ಸುಲ್ತಾನರೋದ್ಯಾನ,medium
ಉಪಕುಲಪತಿಗಳಾದರು,ಉಪಕರಣಗಳನ್ನು,ಉಪಕುಲಪತಿಗಳಾದರೂಪಕರಣಗಳನ್ನು,medium
ಕಿರಿಕ್,ಗ್ರಾಂಡ್,ಕಿರಿಕಗಗ್ರಾಂಡ್,medium
ವಿದ್ವಾಂಸರು,ಉಬರಡ್ಕ,ವಿದ್ವಾಂಸರೂಬರಡ್ಕ,medium
ಎಡಗೈಯ,ಆಚಾರ್ಯ,ಎಡಗೈಯಾಚಾರ್ಯ,medium
ಬಂಡಿಪುರ,ಇಪ್ಪತ್ತನೆ,ಬಂಡಿಪುರೇಪ್ಪತ್ತನೆ,medium
೨೬,ಉತ್ತರದಲ್ಲಿ,೨೬ೋತ್ತರದಲ್ಲಿ,medium
ಕರ್ನಾಟಕದಲ್ಲಿರುವ,ಉಗಮಕ್ಕಾಗಿ,ಕರ್ನಾಟಕದಲ್ಲಿರುವೋಗಮಕ್ಕಾಗಿ,medium
ನಾಗಸಂದ್ರದಿಂದ,ಉದ್ಯೋಗ,ನಾಗಸಂದ್ರದಿಂದೋದ್ಯೋಗ,medium
ಇವೆ,ಅಂತಾರಾಷ್ಟ್ರೀಯ,ಇವೆಯಂತಾರಾಷ್ಟ್ರೀಯ,medium
ಹಂತದೊಂದಿಗೆ,ಅಭಿಪ್ರಾಯಪಡುತ್ತಾರೆ,ಹಂತದೊಂದಿಗೆಯಭಿಪ್ರಾಯಪಡುತ್ತಾರೆ,medium
ಪಡ್ರೆ,ಗ್ರಾಂಡ್,ಪಡ್ರಗಗ್ರಾಂಡ್,medium
ಗೊಲ್ಕೊಂಡ,ಆಗ್ನೇಯ,ಗೊಲ್ಕೊಂಡಾಗ್ನೇಯ,medium
ಸಮರ್ಪಿಸಲಾಗಿದೆ,ಅರಭಟ್ಟನ,ಸಮರ್ಪಿಸಲಾಗಿದೆಯರಭಟ್ಟನ,medium
ಸಂಪರ್ಕಿಸುತ್ತವಲ್ಲದೆ,ಅನೇಕ,ಸಂಪರ್ಕಿಸುತ್ತವಲ್ಲದೆಯನೇಕ,medium
ಮೆಂಟ್ಸ್,ಗೆದ್ದರು,ಮೆಂಟ್ಸಗಗೆದ್ದರು,medium
ಉಪಖಂಡದ,ಆವ,ಉಪಖಂಡದಾವ,medium
ಉದ್ಯಮಿಗಳ,ಆಧರಿಸಿದ್ದು,ಉದ್ಯಮಿಗಳಾಧರಿಸಿದ್ದು,medium
ಭವ್ಯ,ಆಗರವೆಂದು,ಭವ್ಯಾಗರವೆಂದು,medium
ಎಂದಾಗುತ್ತದೆ,ಅಂತಸ್ತುಗಳಿವೆ,ಎಂದಾಗುತ್ತದೆಯಂತಸ್ತುಗಳಿವೆ,medium
ಉನ್ನತ,ಆಡಳಿತಕ್ಕೆ,ಉನ್ನತಾಡಳಿತಕ್ಕೆ,medium
ಆಧಾರಗಳಿಂದ,ಆತ್ಮ,ಆಧಾರಗಳಿಂದಾತ್ಮ,medium
ಕೆಳಗಿರುವ,ಉಪಭಾಷೆಗಳೆಂದು,ಕೆಳಗಿರುವೋಪಭಾಷೆಗಳೆಂದು,medium
ಮಹಿಳೆಯರು,ಉದ್ದೇಶಗಳನ್ನು,ಮಹಿಳೆಯರೂದ್ದೇಶಗಳನ್ನು,medium
ಭಾವಾವೇಶ,ಆನಂದವನ್ನು,ಭಾವಾವೇಶಾನಂದವನ್ನು,medium
ಚಟುವಟಿಕೆ,ಅಣೆಕಟ್ಟೆಯಿಂದ,ಚಟುವಟಿಕೆಯಣೆಕಟ್ಟೆಯಿಂದ,medium
ಮುಂಡರೆಂಬ,ಆಶ್ವಯುಜ,ಮುಂಡರೆಂಬಾಶ್ವಯುಜ,medium
ಮೂಲಸ್ಥಾನೇಶ್ವರ,ಇಸ್ಲಾಂ,ಮೂಲಸ್ಥಾನೇಶ್ವರೇಸ್ಲಾಂ,medium
ಗೌರವದಿಂದ,ಉಮೆಯ,ಗೌರವದಿಂದೋಮೆಯ,medium
ಅಧ್ಯಾಯ,ಉದಯ,ಅಧ್ಯಾಯೋದಯ,medium
ಇಡಲಾಗಿದೆ,ಅಧ್ಯಯನಗಳು,ಇಡಲಾಗಿದೆಯಧ್ಯಯನಗಳು,medium
ಸಾಹಿತ್ಯ,ಇಂಗ್ಲೀಷ್,ಸಾಹಿತ್ಯೇಂಗ್ಲೀಷ್,medium
ಸಾರಿದ,ಆಸ್ಟ್ರೇಲಿಯಾದಲ್ಲಿ,ಸಾರಿದಾಸ್ಟ್ರೇಲಿಯಾದಲ್ಲಿ,medium
ಲೋಕೇಶ,ಆಕರ್ಷಿಸಿದೆ,ಲೋಕೇಶಾಕರ್ಷಿಸಿದೆ,medium
ಪೇಳ್ದ,ಇಟಲಿಯ,ಪೇಳ್ದೇಟಲಿಯ,medium
ನಿರೂಪಿಸುವ,ಆದುದರಿಂದ,ನಿರೂಪಿಸುವಾದುದರಿಂದ,medium
ಕಲಾವಿದರ,ಇಂಬುಕೊಟ್ಟಿದೆ,ಕಲಾವಿದರೇಂಬುಕೊಟ್ಟಿದೆ,medium
ದೂರದಲ್ಲಿದೆ,ಅಂಜನಾದ್ರಿ,ದೂರದಲ್ಲಿದೆಯಂಜನಾದ್ರಿ,medium
ಸೈನಿಕರಿಂದ,ಆಧಾರವಾಗಿದೆ,ಸೈನಿಕರಿಂದಾಧಾರವಾಗಿದೆ,medium
ಮಲಯಾಳಂ,ಆಕರಗಳಿಂದಲೂ,ಮಲಯಾಳಂಾಕರಗಳಿಂದಲೂ,medium
ಹವಾಮಾನ,ಆಸರೆಯೂ,ಹವಾಮಾನಾಸರೆಯೂ,medium
ಸಂಭದಿಸಿದ,ಉಂಟಾಗುತ್ತವೆ,ಸಂಭದಿಸಿದೋಂಟಾಗುತ್ತವೆ,medium
ಬರೆದ,ಉಲ್ಲೇಖಿಸುತ್ತವೆ,ಬರೆದೋಲ್ಲೇಖಿಸುತ್ತವೆ,medium
ವಿವಿಧ,ಆಸೆಯೆಂಬುದು,ವಿವಿಧಾಸೆಯೆಂಬುದು,medium
ನಯ,ಆಸಕ್ತಿ,ನಯಾಸಕ್ತಿ,medium
ಸದ್ಯ,ಇತರ,ಸದ್ಯೇತರ,medium
ಚರಿತ್ರೆಯಿದೆ,ಗುಂಜಾನರಸಿಂಹ,ಚರಿತ್ರೆಯಿದಗಗುಂಜಾನರಸಿಂಹ,medium
ಸ್ಥಳೀಯ,ಉಪಭಾಷೆಗಳನ್ನು,ಸ್ಥಳೀಯೋಪಭಾಷೆಗಳನ್ನು,medium
ಮೊಘಲ್,ಗುರಿ,ಮೊಘಲಗಗುರಿ,medium
ಮಾತಾಗಿದೆ,ಅಪ್ರತಿಷ್ಠಿತ,ಮಾತಾಗಿದೆಯಪ್ರತಿಷ್ಠಿತ,medium
ಸೋಮಯ್ಯ,ಇಚ್ಛೆಯನ್ನು,ಸೋಮಯ್ಯೇಚ್ಛೆಯನ್ನು,medium
ಆನಂದವನ್ನು,ಉಪಯೋಗಿಸಲ್ಪಡುತ್ತವೆ,ಆನಂದವನ್ನೂಪಯೋಗಿಸಲ್ಪಡುತ್ತವೆ,medium
ಬ್ರಿಟಿಷ್,ಗನ್ನಡ,ಬ್ರಿಟಿಷಗಗನ್ನಡ,medium
ತೂಕದ,ಆದಿಯಲ್ಲಿ,ತೂಕದಾದಿಯಲ್ಲಿ,medium
ಊರಾದ,ಆಯಾಮಗಳನ್ನು,ಊರಾದಾಯಾಮಗಳನ್ನು,medium
ಹೌದು,ಉಪದೇಶ,ಹೌದೂಪದೇಶ,medium
ದೊಡ್ಡ,ಇತ್ತು,ದೊಡ್ಡೇತ್ತು,medium
ಖಿಳೆಗಾಂವ,ಉಂಟಾಗಿತ್ತು,ಖಿಳೆಗಾಂವೋಂಟಾಗಿತ್ತು,medium
ಖರೀದಿಗೆ,ಅಡಿ,ಖರೀದಿಗೆಯಡಿ,medium
ದುರ್ವಿನೀತನ,ಉಳಿದಿತ್ತು,ದುರ್ವಿನೀತನೋಳಿದಿತ್ತು,medium
ಆಕರ್ಷಿಸಿದೆ,ಅಧ್ಯಯನಕ್ಕಾಗಿ,ಆಕರ್ಷಿಸಿದೆಯಧ್ಯಯನಕ್ಕಾಗಿ,medium
ದಂತಕಥೆಯ,ಉಪಭಾಷೆಗಳನ್ನು,ದಂತಕಥೆಯೋಪಭಾಷೆಗಳನ್ನು,medium
ಸ್ವಯಂ,ಉದಾಹರಣೆಗೆ,ಸ್ವಯಂೋದಾಹರಣೆಗೆ,medium
ಯಾವುದೆ,ಅಸುರರಿಗೆ,ಯಾವುದೆಯಸುರರಿಗೆ,medium
ಜ್ಞಾನಪೀಠ,ಆಧುನಿಕ,ಜ್ಞಾನಪೀಠಾಧುನಿಕ,medium
ಸರ್ವಾಂಗ,ಆಳುತ್ತಿದ್ದ,ಸರ್ವಾಂಗಾಳುತ್ತಿದ್ದ,medium
ಕರೆಯುತ್ತೇವೆ,ಗಣರಾಜ್ಯ,ಕರೆಯುತ್ತೇವಗಗಣರಾಜ್ಯ,medium
ನಂಜವದೂತ,ಉತ್ತರಕ್ಕೆ,ನಂಜವದೂತೋತ್ತರಕ್ಕೆ,medium
ಉಚ್ಚವರ್ಣದ,ಆಸೆಯೆಂಬುದು,ಉಚ್ಚವರ್ಣದಾಸೆಯೆಂಬುದು,medium
೧೯೪೭,ಇದರಲ್ಲಿ,೧೯೪೭ೇದರಲ್ಲಿ,medium
೧೬೫೭,ಉಪಯೋಗಿತವಾದವು,೧೬೫೭ೋಪಯೋಗಿತವಾದವು,medium
ಉಲ್ಲೇಖಿಸುತ್ತವೆ,ಅಧಿದೇವತೆ,ಉಲ್ಲೇಖಿಸುತ್ತವೆಯಧಿದೇವತೆ,medium
ಎಂಪೋರಿಯಮ್,ಗಳಷ್ಟು,ಎಂಪೋರಿಯಮಗಗಳಷ್ಟು,medium
ಶತಮಾನಗಳ,ಇವನ್ನೆಲ್ಲ,ಶತಮಾನಗಳೇವನ್ನೆಲ್ಲ,medium
ಗುಪ್ತ,ಆಕ್ಟೀವ್,ಗುಪ್ತಾಕ್ಟೀವ್,medium
ನೊಂದಿಗೆ,ಗಣೇಶನೆಂಬ,ನೊಂದಿಗಗಗಣೇಶನೆಂಬ,medium
ಜನಸಂಖ್ಯೆಯ,ಇಷ್ಟಲಿಂಗ,ಜನಸಂಖ್ಯೆಯೇಷ್ಟಲಿಂಗ,medium
ಹೋದಡೆ,ಅಂಬಾ,ಹೋದಡೆಯಂಬಾ,medium
ವಿಶ್ವದ,ಆದುದರಿಂದ,ವಿಶ್ವದಾದುದರಿಂದ,medium
೧೫೬೫,ಆನೆಗುಂಡಿಯನ್ನು,೧೫೬೫ಾನೆಗುಂಡಿಯನ್ನು,medium
ಬಳಿಕ,ಇವೆಂದೂ,ಬಳಿಕೇವೆಂದೂ,medium
ಹೋಲಿಕೆಯಿದೆ,ಅದರಂತೆ,ಹೋಲಿಕೆಯಿದೆಯದರಂತೆ,medium
ದಂಡೆಯ,ಆಡಳಿತಕ್ಕೊಪ್ಪಿಸಿದರು,ದಂಡೆಯಾಡಳಿತಕ್ಕೊಪ್ಪಿಸಿದರು,medium
ಪುತ್ತೂರುನಾರಾಯಣ,ಇಲ್ಲಿ,ಪುತ್ತೂರುನಾರಾಯಣೇಲ್ಲಿ,medium
ವಿಮುಖರಾಗಿಲ್ಲ,ಉದಯ,ವಿಮುಖರಾಗಿಲ್ಲೋದಯ,medium
೮೩,ಉದಾ,೮೩ೋದಾ,medium
ಸುದೀಪ್,ಗಾಣಗಾಪುರ,ಸುದೀಪಗಗಾಣಗಾಪುರ,medium
ಕನ್ಯೆಯ,ಆಂಧ್ರ,ಕನ್ಯೆಯಾಂಧ್ರ,medium
ಎಲ್ಲಕ್ಕಿಂತ,ಇಂದಿಗೆ,ಎಲ್ಲಕ್ಕಿಂತೇಂದಿಗೆ,medium
ಕಾಯರ್ತಡ್ಕ,ಇಡಲಾಯಿತು,ಕಾಯರ್ತಡ್ಕೇಡಲಾಯಿತು,medium
ನರಸಿಂಹ೧೧೧,ಇಲ್ಲಿಗೆ,ನರಸಿಂಹ೧೧೧ೇಲ್ಲಿಗೆ,medium
ವಿಚಾರಕ್ಕೆ,ಗಂಗೋತ್ರಿಯನ್ನು,ವಿಚಾರಕ್ಕಗಗಂಗೋತ್ರಿಯನ್ನು,medium
ಸಿದ್ಧಗಂಗಾ,ಆಕ್ರಮಣವನ್ನು,ಸಿದ್ಧಗಂಗಾಕ್ರಮಣವನ್ನು,medium
ಸ್ಥಳ,ಇದನ್ನು,ಸ್ಥಳೇದನ್ನು,medium
ಶಬ್ದಾಗಮ,ಇತ್ತೆಂಬುದು,ಶಬ್ದಾಗಮೇತ್ತೆಂಬುದು,medium
ವರದಿಯಾಗಿದೆ,ಅದರಲ್ಲಿ,ವರದಿಯಾಗಿದೆಯದರಲ್ಲಿ,medium
ಶಾಬ್ದಿಕ,ಆರಂಭವಾಗಿ,ಶಾಬ್ದಿಕಾರಂಭವಾಗಿ,medium
ವೇಳೆಗೆ,ಅವರನ್ನು,ವೇಳೆಗೆಯವರನ್ನು,medium
ಮುತ್ಯಾಲಮಡುವು,ಉಳಿದಿತ್ತು,ಮುತ್ಯಾಲಮಡುವೂಳಿದಿತ್ತು,medium
ಪುರಾಣದ,ಇತಿಹಾಸಕಾರರ,ಪುರಾಣದೇತಿಹಾಸಕಾರರ,medium
ಪಟ್ಟಿಗೆ,ಗುಣಕರ್ಗೆ,ಪಟ್ಟಿಗಗಗುಣಕರ್ಗೆ,medium
ಸಂದೇಶ,ಇಲ್ಲದೆ,ಸಂದೇಶೇಲ್ಲದೆ,medium
ವಿಶಾಲವಾದ,ಆಧಿಪತ್ಯದಲ್ಲೇ,ವಿಶಾಲವಾದಾಧಿಪತ್ಯದಲ್ಲೇ,medium
ವಿರೋಧಾತ್ಮಕ,ಆರಿಸಿಕೊಂಡ,ವಿರೋಧಾತ್ಮಕಾರಿಸಿಕೊಂಡ,medium
ಮಾತನಾಡುತ್ತಾರೆ,ಅವಕಾಶಗಳು,ಮಾತನಾಡುತ್ತಾರೆಯವಕಾಶಗಳು,medium
ಸಂಪ್ರದಾಯದ,ಆಕರ್ಷಿಸಿದೆ,ಸಂಪ್ರದಾಯದಾಕರ್ಷಿಸಿದೆ,medium
ಕಲ್ಪವೃಕ್ಷ,ಇಲ್ಲೇ,ಕಲ್ಪವೃಕ್ಷೇಲ್ಲೇ,medium
ದೇವಸ್ಥಾನಕರ್ನಾಟಕದ,ಇತ್ತೀಚೆಗೆ,ದೇವಸ್ಥಾನಕರ್ನಾಟಕದೇತ್ತೀಚೆಗೆ,medium
ಪುಟ್ಟಣ್ಣ,ಆಗಿದ್ದರು,ಪುಟ್ಟಣ್ಣಾಗಿದ್ದರು,medium
ಓಡಾಡುವುದು,ಉತ್ತರದಲ್ಲಿ,ಓಡಾಡುವುದೂತ್ತರದಲ್ಲಿ,medium
ಉತ್ತರ,ಆಕರ್ಷಿಸಿತು,ಉತ್ತರಾಕರ್ಷಿಸಿತು,medium
ರಾಣಿವಾಸದಾಣೆ,ಅಂದಾಜು,ರಾಣಿವಾಸದಾಣೆಯಂದಾಜು,medium
ಜನರಿದ್ದಾರೆ,ಗೋಪಾಲಚಾರಿ,ಜನರಿದ್ದಾರಗಗೋಪಾಲಚಾರಿ,medium
ವಹಿಸುತ್ತವೆ,ಅಣೆಕಟ್ಟಿನಲ್ಲಿ,ವಹಿಸುತ್ತವೆಯಣೆಕಟ್ಟಿನಲ್ಲಿ,medium
ಮಿನಾ,ಆಪ್,ಮಿನಾಪ್,medium
೮೦೮೦,ಆಕ್ರಮಣವನ್ನು,೮೦೮೦ಾಕ್ರಮಣವನ್ನು,medium
ಕಾದಂಬರಿಗಳಾದ,ಆರಾಧನೆ,ಕಾದಂಬರಿಗಳಾದಾರಾಧನೆ,medium
ಸೇವಕ,ಇವ,ಸೇವಕೇವ,medium
ಬ್ರಹ್ಮ,ಉದಾಃ,ಬ್ರಹ್ಮೋದಾಃ,medium
ಭಕ್ತವೃಂದಕ್ಕೆ,ಗಾನ,ಭಕ್ತವೃಂದಕ್ಕಗಗಾನ,medium
ಉಷ್ಣವಲಯದ,ಇಂಡೊ,ಉಷ್ಣವಲಯದೇಂಡೊ,medium
ಶಬ್ದಾಗಮ,ಉಚ್ಚರಿಸಬಹುದಾದ,ಶಬ್ದಾಗಮೋಚ್ಚರಿಸಬಹುದಾದ,medium
ವಾದರೆ,ಗಣಪತಿ,ವಾದರಗಗಣಪತಿ,medium
ರಾಷ್ಟ್ರೀಯ,ಇನ್ಫೋಸಿಸ್,ರಾಷ್ಟ್ರೀಯೇನ್ಫೋಸಿಸ್,medium
ಗುರುಗಳಾಗಿದ್ದರು,ಉಪಯೋಗಿಸಿ,ಗುರುಗಳಾಗಿದ್ದರೂಪಯೋಗಿಸಿ,medium
ಕ್ಷೇತ್ರಗಳಿಗೆ,ಅಸ್ತಿತ್ವದಲ್ಲಿ,ಕ್ಷೇತ್ರಗಳಿಗೆಯಸ್ತಿತ್ವದಲ್ಲಿ,medium
ಇಂಗ್ಲೆಂಡಿನ,ಆಗ್ನೇಯದಲ್ಲಿ,ಇಂಗ್ಲೆಂಡಿನಾಗ್ನೇಯದಲ್ಲಿ,medium
ಮುರುಡೇಶ್ವರ,ಇಂತಹ,ಮುರುಡೇಶ್ವರೇಂತಹ,medium
ಎತ್ತರ,ಉತ್ಸವವಾಗಿದ್ದು,ಎತ್ತರೋತ್ಸವವಾಗಿದ್ದು,medium
ಆರು,ಉದ್ದಕ್ಕೂ,ಆರೂದ್ದಕ್ಕೂ,medium
ರಚನೆಯ,ಉಚ್ಚಾರಣೆಯ,ರಚನೆಯೋಚ್ಚಾರಣೆಯ,medium
ಹೋತಿಂಗೆ,ಅಸ್ತಿತ್ವದಲ್ಲಿ,ಹೋತಿಂಗೆಯಸ್ತಿತ್ವದಲ್ಲಿ,medium
ಹೇಳುತ್ತಾಳೆ,ಗ್ಯಾಲರಿಯಿದೆ,ಹೇಳುತ್ತಾಳಗಗ್ಯಾಲರಿಯಿದೆ,medium
ಕವಿತೆ,ಗ್ಯಾಲರಿ,ಕವಿತಗಗ್ಯಾಲರಿ,medium
ಶಾಬ್ದಿಕ,ಇದೊಂದು,ಶಾಬ್ದಿಕೇದೊಂದು,medium
ಮೂರುನಾಲ್ಕೈದಾರು,ಉತ್ತರದಲ್ಲಿ,ಮೂರುನಾಲ್ಕೈದಾರೂತ್ತರದಲ್ಲಿ,medium
೧೯೮,ಉದಾರೀಕರಣ,೧೯೮ೋದಾರೀಕರಣ,medium
ಅಭಿನಯದ,ಆದಾಗ್ಯೂ,ಅಭಿನಯದಾದಾಗ್ಯೂ,medium
೧೫೧೦,ಉಪಯೋಗಿಸಲ್ಪಡುವ,೧೫೧೦ೋಪಯೋಗಿಸಲ್ಪಡುವ,medium
ಪಟ್ಟಿಗೆ,ಅಡಗಿದೆ,ಪಟ್ಟಿಗೆಯಡಗಿದೆ,medium
ಕುರುಹುಗಳು,ಉಂಟಾಗಿದ್ದು,ಕುರುಹುಗಳೂಂಟಾಗಿದ್ದು,medium
ಕೆತ್ತಲಾಗಿದೆ,ಗೌರವ,ಕೆತ್ತಲಾಗಿದಗಗೌರವ,medium
ಅತಿಶಯ,ಇವುಗಳಲ್ಲಿ,ಅತಿಶಯೇವುಗಳಲ್ಲಿ,medium
ಸಚೇತನಗೊಳಿಸುತ್ತಿದೆ,ಗಳಿಕೆ,ಸಚೇತನಗೊಳಿಸುತ್ತಿದಗಗಳಿಕೆ,medium
೮೦೮೦,ಆಶ್ರಯ,೮೦೮೦ಾಶ್ರಯ,medium
ಪ್ರಾಚೀನ,ಆನಂದೇಶ್ವರ,ಪ್ರಾಚೀನಾನಂದೇಶ್ವರ,medium
ವಿವಿಧೆಡೆಗಳಿಗೆ,ಗಣಿತರ್ಗೆ,ವಿವಿಧೆಡೆಗಳಿಗಗಗಣಿತರ್ಗೆ,medium
ವಿಶಿಷ್ಟವಾದ,ಆತ್ಮ,ವಿಶಿಷ್ಟವಾದಾತ್ಮ,medium
ಆದ್ದರಿಂದ,ಆರಂಭಿಸಲ್ಪಟ್ಟಿರುವ,ಆದ್ದರಿಂದಾರಂಭಿಸಲ್ಪಟ್ಟಿರುವ,medium
ಬಂದಂತೆ,ಅದರಲ್ಲಿ,ಬಂದಂತೆಯದರಲ್ಲಿ,medium
ಭಾವದ,ಆಂಗ್ಲೋ,ಭಾವದಾಂಗ್ಲೋ,medium
ನರಸೀಪುರದಲ್ಲಿರುವ,ಇಟಗಿಯ,ನರಸೀಪುರದಲ್ಲಿರುವೇಟಗಿಯ,medium
ಜಟಿಲವಾದ,ಉರ್ದು,ಜಟಿಲವಾದೋರ್ದು,medium
ಒಳಗಾಗದ,ಉಪಯೋಗಿಸಲ್ಪಡುತ್ತವೆ,ಒಳಗಾಗದೋಪಯೋಗಿಸಲ್ಪಡುತ್ತವೆ,medium
ಭಾಷೆಯಾಗಿದೆ,ಅವಳಿ,ಭಾಷೆಯಾಗಿದೆಯವಳಿ,medium
ಐರಾವತಂ,ಆಯುರ್ವೇದ,ಐರಾವತಂಾಯುರ್ವೇದ,medium
ಮೀಟರುಗಳ,ಆಗಿರುವ,ಮೀಟರುಗಳಾಗಿರುವ,medium
ಐನೂರು,ಉತ್ತಮ,ಐನೂರೂತ್ತಮ,medium
ಜಯನಗರ,ಆಗಿದೆ,ಜಯನಗರಾಗಿದೆ,medium
ಸದಾಶಿವನಗರದ,ಆನಂದವನ್ನು,ಸದಾಶಿವನಗರದಾನಂದವನ್ನು,medium
ಘೋಷಿಸಿದ,ಇಷ್ಟೇ,ಘೋಷಿಸಿದೇಷ್ಟೇ,medium
ಕಂಬಗಳ,ಇದು,ಕಂಬಗಳೇದು,medium
ಅಧ್ಯಯನಾಂಗ,ಇದಲ್ಲದೆ,ಅಧ್ಯಯನಾಂಗೇದಲ್ಲದೆ,medium
೧೧೩೪,ಆಗಿದ್ದು,೧೧೩೪ಾಗಿದ್ದು,medium
ಈಗ,ಆಗ್ನೇಯ,ಈಗಾಗ್ನೇಯ,medium
ಎತ್ತರದಲ್ಲಿರುವ,ಇಪ್ಪತೊಂಬತ್ತನೆಯ,ಎತ್ತರದಲ್ಲಿರುವೇಪ್ಪತೊಂಬತ್ತನೆಯ,medium
ಪಸರಕ್ಕನುವಿಲ್ಲ,ಆಕರ್ಷಿಸಿತು,ಪಸರಕ್ಕನುವಿಲ್ಲಾಕರ್ಷಿಸಿತು,medium
ನಪುಂಸಕ,ಉಲ್ಲೇಖನ,ನಪುಂಸಕೋಲ್ಲೇಖನ,medium
ಪ್ರಮುಖ,ಉದಾಹರಣೆಗೆ,ಪ್ರಮುಖೋದಾಹರಣೆಗೆ,medium
ಗುಂಜಾನರಸಿಂಹ,ಆಧ್ಯಾತ್ಮಿಕತೆ,ಗುಂಜಾನರಸಿಂಹಾಧ್ಯಾತ್ಮಿಕತೆ,medium
ಬಣ್ಹದ,ಆಡಳಿತಕ್ಕೊಳಪಟ್ಟಿತು,ಬಣ್ಹದಾಡಳಿತಕ್ಕೊಳಪಟ್ಟಿತು,medium
ವಾರ್ತಾ,ಉಮೆಯ,ವಾರ್ತೋಮೆಯ,medium
ಹಿಡಿತಕ್ಕೆ,ಅನೆ,ಹಿಡಿತಕ್ಕೆಯನೆ,medium
ನಿರ್ಮಿಸಲ್ಪಟ್ಟ,ಇಂಗ್ಲಿಷ್,ನಿರ್ಮಿಸಲ್ಪಟ್ಟೇಂಗ್ಲಿಷ್,medium
ದೇವಾಲಯದ,ಆರಂಭಿಸಿದರು,ದೇವಾಲಯದಾರಂಭಿಸಿದರು,medium
೧೫೬೫ರವರೆಗೆ,ಗುರಿ,೧೫೬೫ರವರೆಗಗಗುರಿ,medium
ನೃಪತುಂಗ,ಉಪಕುಲಪತಿಗಳಾದರು,ನೃಪತುಂಗೋಪಕುಲಪತಿಗಳಾದರು,medium
ಭೂತ,ಆಡಿದ,ಭೂತಾಡಿದ,medium
ಮಹಿಷನ,ಆವರಣದಲ್ಲಿ,ಮಹಿಷನಾವರಣದಲ್ಲಿ,medium
ಜಂಗಮ,ಇದನ್ನು,ಜಂಗಮೇದನ್ನು,medium
ಕಟ್ಟಿಕೊಟ್ಟ,ಆಕರ್ಷಣೀಯ,ಕಟ್ಟಿಕೊಟ್ಟಾಕರ್ಷಣೀಯ,medium
೬೩೬ರ,ಆಕಾಶ,೬೩೬ರಾಕಾಶ,medium
ಚದುರ,ಆಡಳಿತಕ್ಕೊಳಪಟ್ಟಿತು,ಚದುರಾಡಳಿತಕ್ಕೊಳಪಟ್ಟಿತು,medium
ಯಾಗಿದೆ,ಅರ್ಥಕ್ಕೆ,ಯಾಗಿದೆಯರ್ಥಕ್ಕೆ,medium
೧೯೬೨,ಉದಾರೀಕರಣ,೧೯೬೨ೋದಾರೀಕರಣ,medium
ಅನುಭವಿಸುತ್ತ,ಉಪಯೋಗಿಸಲ್ಪಡುತ್ತವೆ,ಅನುಭವಿಸುತ್ತೋಪಯೋಗಿಸಲ್ಪಡುತ್ತವೆ,medium
ಪ್ರದೇಶವನ್ನು,ಉಲ್ಲೇಖನ,ಪ್ರದೇಶವನ್ನೂಲ್ಲೇಖನ,medium
ಅಮೋಘ,ಇವನಾರವ,ಅಮೋಘೇವನಾರವ,medium
೧೯೦೦,ಆಗಿ,೧೯೦೦ಾಗಿ,medium
ಸಾಧ್ಯವಿಲ್ಲದ,ಇನ್ಸ್ತ್ರುಮೆನ್ತ್ಸ್,ಸಾಧ್ಯವಿಲ್ಲದೇನ್ಸ್ತ್ರುಮೆನ್ತ್ಸ್,medium
ಕಾಲುವೆಗಳ,ಇವುಗಳು,ಕಾಲುವೆಗಳೇವುಗಳು,medium
ನೆಂದೆನಿಸಯ್ಯಾ,ಉಂಟಾಗಿತ್ತು,ನೆಂದೆನಿಸಯ್ಯೋಂಟಾಗಿತ್ತು,medium
ಕೋಟ್ಯಂತರ,ಆಳ್ವಿಕೆಯಲ್ಲಿ,ಕೋಟ್ಯಂತರಾಳ್ವಿಕೆಯಲ್ಲಿ,medium
ಮಂಗಳಮುಖಿಯ,ಇವುಗಳಲ್ಲಿ,ಮಂಗಳಮುಖಿಯೇವುಗಳಲ್ಲಿ,medium
ಕೆಳಗಿನ,ಇತ್ತೀಚಿನ,ಕೆಳಗಿನೇತ್ತೀಚಿನ,medium
ಅಥವಾ,ಉಪದೇಶ,ಅಥವೋಪದೇಶ,medium
ರೂಪಿಸುತ್ತದೆ,ಗಾಡಿಗಳು,ರೂಪಿಸುತ್ತದಗಗಾಡಿಗಳು,medium
ಟಾಟಾ,ಆಕಾಶವಾಣಿ,ಟಾಟಾಕಾಶವಾಣಿ,medium
ಮಾನವನಿರ್ಮಿತ,ಆಯಾಮಗಳನ್ನು,ಮಾನವನಿರ್ಮಿತಾಯಾಮಗಳನ್ನು,medium
ಶಾಸನ,ಆಸಕ್ತಿಯುಳ್ಳ,ಶಾಸನಾಸಕ್ತಿಯುಳ್ಳ,medium
ಮಾಡಿದ್ದರಲ್ಲದೆ,ಅರ್ಥ್,ಮಾಡಿದ್ದರಲ್ಲದೆಯರ್ಥ್,medium
ಸುತ್ತುವರಿಯಲ್ಪಟ್ಟ,ಇದ್ದರೆಂದು,ಸುತ್ತುವರಿಯಲ್ಪಟ್ಟೇದ್ದರೆಂದು,medium
ಸ್ಥಾನದಲ್ಲಿದೆ,ಅಕ್ಷರಶಃ,ಸ್ಥಾನದಲ್ಲಿದೆಯಕ್ಷರಶಃ,medium
ಪ್ರಯತ್ನ,ಆದಿಚುಂಚನಗಿರಿ,ಪ್ರಯತ್ನಾದಿಚುಂಚನಗಿರಿ,medium
ಚೌಡಯ್ಯ,ಆದಿಶೇಷನ,ಚೌಡಯ್ಯಾದಿಶೇಷನ,medium
ಹಿತಕಾರ್ಯದಿಂದ,ಆಟ,ಹಿತಕಾರ್ಯದಿಂದಾಟ,medium
ಸ್ಟೀವರ್,ಗೋಡೆಯ,ಸ್ಟೀವರಗಗೋಡೆಯ,medium
ಕಮಲಾಪುರ,ಉದಾ,ಕಮಲಾಪುರೋದಾ,medium
ಭಾಷೆಗಳೆ೦ದರೆ,ಗೊಲ್ಡನ್,ಭಾಷೆಗಳೆ೦ದರಗಗೊಲ್ಡನ್,medium
ಹತನಾಗುತ್ತಾನೆ,ಅಭಿಮಾನದ,ಹತನಾಗುತ್ತಾನೆಯಭಿಮಾನದ,medium
ಘೋಷಿಸಿದ,ಇಂದುಕಲಾ,ಘೋಷಿಸಿದೇಂದುಕಲಾ,medium
ಮಾಡಲಾಗುತ್ತದೆ,ಅಸ್ತಿತ್ವದಲ್ಲಿ,ಮಾಡಲಾಗುತ್ತದೆಯಸ್ತಿತ್ವದಲ್ಲಿ,medium
ಉಗ್ರನರಸಿಂಹ,ಇವನ್ನೆಲ್ಲ,ಉಗ್ರನರಸಿಂಹೇವನ್ನೆಲ್ಲ,medium
ಭರತವರ್ಷ,ಉದ್ದಕ್ಕೂ,ಭರತವರ್ಷೋದ್ದಕ್ಕೂ,medium
ನಿಂತಿದೆ,ಅರಮನೆ,ನಿಂತಿದೆಯರಮನೆ,medium
ಭಾಗಗಳನ್ನು,ಉದಾ,ಭಾಗಗಳನ್ನೂದಾ,medium
ದಿಕ್ಕಿನಲ್ಲಿದೆ,ಅಣೆಕಟ್ಟಿಗೆ,ದಿಕ್ಕಿನಲ್ಲಿದೆಯಣೆಕಟ್ಟಿಗೆ,medium
ಕಾವ್ಯಮೀಮಾಂಸೆ,ಅರಮನೆಯಾಗಿತ್ತು,ಕಾವ್ಯಮೀಮಾಂಸೆಯರಮನೆಯಾಗಿತ್ತು,medium
ಚಿತ್ರರಂಗದ,ಇಪ್ಪತ್ತೈದು,ಚಿತ್ರರಂಗದೇಪ್ಪತ್ತೈದು,medium
ದ್ವೀಪ,ಉಪಯೋಗಿಸಲ್ಪಡುವ,ದ್ವೀಪೋಪಯೋಗಿಸಲ್ಪಡುವ,medium
೧೫೬೫,ಇವನಾರವ,೧೫೬೫ೇವನಾರವ,medium
ವಿಚಾರಕ್ಕೆ,ಗುರಗುಂಜಿ,ವಿಚಾರಕ್ಕಗಗುರಗುಂಜಿ,medium
ಪಂಪ,ಆನೆಗುಂಡಿಯನ್ನು,ಪಂಪಾನೆಗುಂಡಿಯನ್ನು,medium
ಕನ್ಯೆಯ,ಆನೆಗುಂಡಿಯು,ಕನ್ಯೆಯಾನೆಗುಂಡಿಯು,medium
ಟೈಂಸ್,ಗಣ್ಯ,ಟೈಂಸಗಗಣ್ಯ,medium
ಊಹಿಸಬಹುದಾಗಿದೆ,ಅದರಲ್ಲೂ,ಊಹಿಸಬಹುದಾಗಿದೆಯದರಲ್ಲೂ,medium
ಕಾವ್ಯಾಲಂಕಾರ,ಇಂಗಳೇಶ್ವರ,ಕಾವ್ಯಾಲಂಕಾರೇಂಗಳೇಶ್ವರ,medium
ಎಂಬ,ಇಸ್ರೋ,ಎಂಬೇಸ್ರೋ,medium
ತೀರದಲ್ಲಿದೆ,ಅಕ್ಷರಗಳು,ತೀರದಲ್ಲಿದೆಯಕ್ಷರಗಳು,medium
ಮಾಡುತ್ತಾನೆ,ಗರಿಷ್ಠ,ಮಾಡುತ್ತಾನಗಗರಿಷ್ಠ,medium
ಮ್ಯಾನರ್,ಗದ್ಯಕೃತಿಯಲ್ಲಿ,ಮ್ಯಾನರಗಗದ್ಯಕೃತಿಯಲ್ಲಿ,medium
ಶಾಬ್ದಿಕ,ಆದಾಗ್ಯೂ,ಶಾಬ್ದಿಕಾದಾಗ್ಯೂ,medium
ಭಾರತಾದಾದ್ಯಂತ,ಉಪಯೋಗಿಸಿ,ಭಾರತಾದಾದ್ಯಂತೋಪಯೋಗಿಸಿ,medium
ಗೋಲ್,ಗೋಪಾಲ,ಗೋಲಗಗೋಪಾಲ,medium
ಶಕ್ತಿಯ,ಆಕರಗಳಿಂದಲೂ,ಶಕ್ತಿಯಾಕರಗಳಿಂದಲೂ,medium
ವರ್ಣವೆನ್ನಲಾಗುತ್ತದೆ,ಗುಡಿಯನ್ನು,ವರ್ಣವೆನ್ನಲಾಗುತ್ತದಗಗುಡಿಯನ್ನು,medium
ಅಧ್ಯಯನಾಂಗ,ಆಸಕ್ತ,ಅಧ್ಯಯನಾಂಗಾಸಕ್ತ,medium
ತೆಲಂಗಾಣ,ಆಸೆಗಳನ್ನು,ತೆಲಂಗಾಣಾಸೆಗಳನ್ನು,medium
ಸರಣಿಗೆಸಕಲವ,ಆದುದರಿಂದ,ಸರಣಿಗೆಸಕಲವಾದುದರಿಂದ,medium
ಜನಸಂಖ್ಯೆಯುಳ್ಳ,ಇಟ್ಟುಬಿಟ್ಟನು,ಜನಸಂಖ್ಯೆಯುಳ್ಳೇಟ್ಟುಬಿಟ್ಟನು,medium
ಚಲನಚಿತ್ರೋತ್ಸವದ,ಆರಂಭಿಸಲ್ಪಟ್ಟಿರುವ,ಚಲನಚಿತ್ರೋತ್ಸವದಾರಂಭಿಸಲ್ಪಟ್ಟಿರುವ,medium
ಮೈಗೂಡಿನಿಂತ,ಇದ್ದರೆಂದು,ಮೈಗೂಡಿನಿಂತೇದ್ದರೆಂದು,medium
ಮಗಳಾದ,ಇಂದಿಗೆ,ಮಗಳಾದೇಂದಿಗೆ,medium
ದೇಶದಾದ್ಯಂತ,ಆಗಿತ್ತು,ದೇಶದಾದ್ಯಂತಾಗಿತ್ತು,medium
ಸ್ಥಳಗಳಾಗಿವೆ,ಗಳೊಂದಿಗೆ,ಸ್ಥಳಗಳಾಗಿವಗಗಳೊಂದಿಗೆ,medium
ತುಡಿಯುತ್ತಿರುವ,ಆಗಿತ್ತು,ತುಡಿಯುತ್ತಿರುವಾಗಿತ್ತು,medium
ಭಾಷೆಗೆ,ಅಡಿಗರು,ಭಾಷೆಗೆಯಡಿಗರು,medium
ಲೇಖಕನು,ಉದ್ದೇಶಗಳನ್ನು,ಲೇಖಕನೂದ್ದೇಶಗಳನ್ನು,medium
ಅದ್ಭುತವಾದ,ಉಬ್ಬಿರುವ,ಅದ್ಭುತವಾದೋಬ್ಬಿರುವ,medium
ಪುಣೆಯ,ಉದ್ದೇಶ,ಪುಣೆಯೋದ್ದೇಶ,medium
ಗಂಗೋತ್ರಿಯನ್ನು,ಉಪಭಾಷೆಗಳಾದ,ಗಂಗೋತ್ರಿಯನ್ನೂಪಭಾಷೆಗಳಾದ,medium
ಎಡೆ,ಅಂತರರಾಷ್ಟ್ರೀಯ,ಎಡೆಯಂತರರಾಷ್ಟ್ರೀಯ,medium
ಬಹುಜನಾಂಗೀಯ,ಇನ್ನೂ,ಬಹುಜನಾಂಗೀಯೇನ್ನೂ,medium
ಬ್ರಹ್ಮ,ಇಲ್ಲಿವೆ,ಬ್ರಹ್ಮೇಲ್ಲಿವೆ,medium
ದೀರ್ಘ,ಆರನೆಯ,ದೀರ್ಘಾರನೆಯ,medium
ಧೋರಣೆಯ,ಆಸಕ್ತಿಯುಳ್ಳ,ಧೋರಣೆಯಾಸಕ್ತಿಯುಳ್ಳ,medium
ವಿರಳರ,ಆವರಣವನ್ನು,ವಿರಳರಾವರಣವನ್ನು,medium
ಬರುತ್ತದೆ,ಗೆಲ್ಲುತ್ತಾನೆ,ಬರುತ್ತದಗಗೆಲ್ಲುತ್ತಾನೆ,medium
ಭೈರಪ್ಪ,ಇದಕ್ಕಾ,ಭೈರಪ್ಪೇದಕ್ಕಾ,medium
ಒಳ,ಆರಾಧನೆ,ಒಳಾರಾಧನೆ,medium
ತಿದ್ದುತ್ತಿದೆ,ಗಳಿಸಿತು,ತಿದ್ದುತ್ತಿದಗಗಳಿಸಿತು,medium
ಇವ,ಇತಿಹಾಸವು,ಇವೇತಿಹಾಸವು,medium
ಹಾಸನಕ್ಕೆ,ಗೊಲ್ಡನ್,ಹಾಸನಕ್ಕಗಗೊಲ್ಡನ್,medium
ಅಧಿಪತ್ಯ,ಇಂದಿನವರೆಗೂ,ಅಧಿಪತ್ಯೇಂದಿನವರೆಗೂ,medium
ಪಾಕಿಸ್ತಾನ,ಉನ್ನತಗೊಳಿಸುತ್ತಿದೆ,ಪಾಕಿಸ್ತಾನೋನ್ನತಗೊಳಿಸುತ್ತಿದೆ,medium
ಮೇಲುಕೋಟೆ,ಗಂಗಯ್ಯ,ಮೇಲುಕೋಟಗಗಂಗಯ್ಯ,medium
ವಾಸ್ತುಶಿಲ್ಪಯಾದ,ಆಮಂತ್ರಣ,ವಾಸ್ತುಶಿಲ್ಪಯಾದಾಮಂತ್ರಣ,medium
ಕುಟುಂಬದ,ಆಚರಿಸುವುದಾಗಿ,ಕುಟುಂಬದಾಚರಿಸುವುದಾಗಿ,medium
ಕುರುಂಬ,ಆವೃತವಾಗಿದೆ,ಕುರುಂಬಾವೃತವಾಗಿದೆ,medium
ಚೆನ್ನಪಟ್ಟಣದ,ಆರಂಭವಾಗಿ,ಚೆನ್ನಪಟ್ಟಣದಾರಂಭವಾಗಿ,medium
ಜನುಮದ,ಇತಿಹಾಸದಲ್ಲಿ,ಜನುಮದೇತಿಹಾಸದಲ್ಲಿ,medium
ಯೊಂದಿಗೆ,ಅನುಕೂಲ,ಯೊಂದಿಗೆಯನುಕೂಲ,medium
ಪ್ರಭಾಕರ,ಇನ್ಫೋಸಿಸ್,ಪ್ರಭಾಕರೇನ್ಫೋಸಿಸ್,medium
ಹೆಚ್ಚಿನವು,ಉಗ್ರನರಸಿಂಹ,ಹೆಚ್ಚಿನವೂಗ್ರನರಸಿಂಹ,medium
ಮಿಲಿಯನ್,ಗುಂಡು,ಮಿಲಿಯನಗಗುಂಡು,medium
ಬಂಗಾಳ,ಆದುದರಿಂದ,ಬಂಗಾಳಾದುದರಿಂದ,medium
ಸಂಗಮದ,ಆಫೀಸ್,ಸಂಗಮದಾಫೀಸ್,medium
ಪ್ರಕಾರವಿಲ್ಲ,ಉಗಮಗೊಂಡದ್ದು,ಪ್ರಕಾರವಿಲ್ಲೋಗಮಗೊಂಡದ್ದು,medium
ಬಳಕೆಯಲ್ಲಿರುವ,ಆಗ,ಬಳಕೆಯಲ್ಲಿರುವಾಗ,medium
ಗೊಲ್ಡನ್,ಗಾದ್ರಣಿಗ,ಗೊಲ್ಡನಗಗಾದ್ರಣಿಗ,medium
ಬಳಸುತ್ತಲಿದ್ದಾರೆ,ಅನ್ನ,ಬಳಸುತ್ತಲಿದ್ದಾರೆಯನ್ನ,medium
ಸಂಪರ್ಕಿಸುತ್ತವಲ್ಲದೆ,ಅಳಿಯ,ಸಂಪರ್ಕಿಸುತ್ತವಲ್ಲದೆಯಳಿಯ,medium
ನಗರದಿಂದ,ಆಕಾಶ,ನಗರದಿಂದಾಕಾಶ,medium
ಪಂಪಾಳಿಗೆ,ಗಣಿತರ್ಗೆ,ಪಂಪಾಳಿಗಗಗಣಿತರ್ಗೆ,medium
ಭಾಗವಾದ,ಆಗಿತ್ತು,ಭಾಗವಾದಾಗಿತ್ತು,medium
ವರ್ಷ,ಇವ,ವರ್ಷೇವ,medium
ಭಾರತದಲ್ಲಿನ,ಆಂಧ್ರ,ಭಾರತದಲ್ಲಿನಾಂಧ್ರ,medium
ಗಣೇಶ್,ಗೋಪುರಗಳನ್ನು,ಗಣೇಶಗಗೋಪುರಗಳನ್ನು,medium
ಹಂಪಿಯಲ್ಲಿದ್ದ,ಇತರೆ,ಹಂಪಿಯಲ್ಲಿದ್ದೇತರೆ,medium
ಹೊಟ್ಟೆಗೆ,ಅಲ್ಲಲ್ಲಿ,ಹೊಟ್ಟೆಗೆಯಲ್ಲಲ್ಲಿ,medium
ಅಗಲ,ಆನಂದೇಶ್ವರ,ಅಗಲಾನಂದೇಶ್ವರ,medium
ಭೂಷಣಗಳನ್ನೊಳಗೊಂಡ,ಆಗಿರುವ,ಭೂಷಣಗಳನ್ನೊಳಗೊಂಡಾಗಿರುವ,medium
ಕೄಷ್ಣದೇವರಾಯನ,ಆನಂದೇಶ್ವರ,ಕೄಷ್ಣದೇವರಾಯನಾನಂದೇಶ್ವರ,medium
ಕೂಡ,ಉರಿಲಿಂಗಪೆದ್ದಿಗಳರಸನಲ್ಲಿ,ಕೂಡೋರಿಲಿಂಗಪೆದ್ದಿಗಳರಸನಲ್ಲಿ,medium
ಸಾಸಿವೆ,ಗ್ರಂಥವೊಂದನ್ನೂ,ಸಾಸಿವಗಗ್ರಂಥವೊಂದನ್ನೂ,medium
ತಾಯಿಯ,ಇಲ್ಲಿಯ,ತಾಯಿಯೇಲ್ಲಿಯ,medium
ಪುರೋಹಿತ,ಆಡಳಿತಕ್ಕೊಳಪಟ್ಟಿತು,ಪುರೋಹಿತಾಡಳಿತಕ್ಕೊಳಪಟ್ಟಿತು,medium
ವಿಶೇಷತೆಯಾಗಿದೆ,ಗಂಗೋತ್ರಿಯ,ವಿಶೇಷತೆಯಾಗಿದಗಗಂಗೋತ್ರಿಯ,medium
ಏಕೆಂದರೆ,ಗುಣಕರ್ಗೆ,ಏಕೆಂದರಗಗುಣಕರ್ಗೆ,medium
ಕುರುಂಬ,ಉಳಿದಿತ್ತು,ಕುರುಂಬೋಳಿದಿತ್ತು,medium
ಅಭಿಪ್ರಾಯದಂತೆ,ಗೌರವದಿಂದ,ಅಭಿಪ್ರಾಯದಂತಗಗೌರವದಿಂದ,medium
ಭವನ,ಇದ್ದರೆಂದು,ಭವನೇದ್ದರೆಂದು,medium
ಮೌರ್ಯ,ಇಲ್ಲಿ,ಮೌರ್ಯೇಲ್ಲಿ,medium
ಪಸರಕ್ಕನುವಿಲ್ಲ,ಆಧಾರಗಳಿಂದ,ಪಸರಕ್ಕನುವಿಲ್ಲಾಧಾರಗಳಿಂದ,medium
ಸ್ವರ್ಗ,ಇಚ್ಛೆಯನ್ನು,ಸ್ವರ್ಗೇಚ್ಛೆಯನ್ನು,medium
ದೇಶಗಳೊಂದಿಗೆ,ಗಳಿಸಿತು,ದೇಶಗಳೊಂದಿಗಗಗಳಿಸಿತು,medium
ನಿರೂಪಿಸಲ್ಪಟ್ಟಿದೆ,ಅನಂತ್,ನಿರೂಪಿಸಲ್ಪಟ್ಟಿದೆಯನಂತ್,medium
ಅನುಮೋದಿಸುತ್ತ,ಆಗಿನ,ಅನುಮೋದಿಸುತ್ತಾಗಿನ,medium
ನುಣುಪಾದ,ಆಕರಗಳಿಂದಲೂ,ನುಣುಪಾದಾಕರಗಳಿಂದಲೂ,medium
ಸುಂದರವಾದ,ಆಯಿತು,ಸುಂದರವಾದಾಯಿತು,medium
ವೇಣುಗೋಪಾಲ,ಆದಿಚುಂಚನಗಿರಿ,ವೇಣುಗೋಪಾಲಾದಿಚುಂಚನಗಿರಿ,medium
ಹೃದಯ,ಆಭರಣಗಳಿಂದ,ಹೃದಯಾಭರಣಗಳಿಂದ,medium
ಅಣ್ಣಪ್ಪ,ಇದ್ದು,ಅಣ್ಣಪ್ಪೇದ್ದು,medium
ಅಭಿಯಂತರ,ಉದಾಹರಣೆ,ಅಭಿಯಂತರೋದಾಹರಣೆ,medium
ಶ್ರೀಧರ,ಆರಂಭಿಕ,ಶ್ರೀಧರಾರಂಭಿಕ,medium
ಪ್ರಕಾರದ,ಆಧಾರಿತ,ಪ್ರಕಾರದಾಧಾರಿತ,medium
ಯಡತೊರೆ,ಅಗ್ರಮಾನ್ಯ,ಯಡತೊರೆಯಗ್ರಮಾನ್ಯ,medium
ಕಾವ್ಯದ,ಆಕಾಂಕ್ಷೆ,ಕಾವ್ಯದಾಕಾಂಕ್ಷೆ,medium
ಗೂಗಲ್,ಗ್ಯಾಲರಿಯ,ಗೂಗಲಗಗ್ಯಾಲರಿಯ,medium
ಹೆದ್ದಾರಿಗಳು,ಉಳಿದಿತ್ತು,ಹೆದ್ದಾರಿಗಳೂಳಿದಿತ್ತು,medium
ಮುಂಡರೆಂಬ,ಆದರೂ,ಮುಂಡರೆಂಬಾದರೂ,medium
ಸುಬ್ಬಯ್ಯ,ಉಪದೇಶ,ಸುಬ್ಬಯ್ಯೋಪದೇಶ,medium
ಕಾವಳಕಟ್ಟೆ,ಅಭಿಪ್ರಾಯದಂತೆ,ಕಾವಳಕಟ್ಟೆಯಭಿಪ್ರಾಯದಂತೆ,medium
ಇನ್ನೊಂದು,ಉಗಮವಾಯಿತು,ಇನ್ನೊಂದೂಗಮವಾಯಿತು,medium
ಕುರಿತದ್ದಾಗಿದೆ,ಅವುಗಳನ್ನು,ಕುರಿತದ್ದಾಗಿದೆಯವುಗಳನ್ನು,medium
ಮುತ್ತಿನಕಣಿವೆ,ಅಧ್ಯಯನ,ಮುತ್ತಿನಕಣಿವೆಯಧ್ಯಯನ,medium
ಆಗ,ಇರಿಸಲಾಗಿದೆ,ಆಗೇರಿಸಲಾಗಿದೆ,medium
ಆಸಕ್ತ,ಇನ್ಸ್ಟಿಟ್ಯೂಟ್,ಆಸಕ್ತೇನ್ಸ್ಟಿಟ್ಯೂಟ್,medium
ಭಟ್ಟ,ಆಡಳಿತದ,ಭಟ್ಟಾಡಳಿತದ,medium
ಆಂಗ್ಲ,ಆಕ್ರಮಣವನ್ನು,ಆಂಗ್ಲಾಕ್ರಮಣವನ್ನು,medium
ಸ್ಮರಣೀಯವಾದುದು,ಉದ್ದ,ಸ್ಮರಣೀಯವಾದುದೂದ್ದ,medium
ವರ್ಷಕ್ಕೆ,ಅರ್ಥ,ವರ್ಷಕ್ಕೆಯರ್ಥ,medium
೯೦೦,ಆಕ್ರಮಣಗೊಂಡು,೯೦೦ಾಕ್ರಮಣಗೊಂಡು,medium
ಜೀವನ,ಇಲ್ಲಿ,ಜೀವನೇಲ್ಲಿ,medium
ಬೀಜ,ಆಭರಣಗಳಿಂದ,ಬೀಜಾಭರಣಗಳಿಂದ,medium
ಸಾಬೀತುಪಡಿಸಿದ್ದಾರೆ,ಗ್ರಹಿಸಿದ,ಸಾಬೀತುಪಡಿಸಿದ್ದಾರಗಗ್ರಹಿಸಿದ,medium
ಭಿಕ್ಷೇಶ್ವರ,ಆಲ್ಬಂ,ಭಿಕ್ಷೇಶ್ವರಾಲ್ಬಂ,medium
ಅಪ್ರತಿಷ್ಠಿತ,ಇವರಷ್ಟು,ಅಪ್ರತಿಷ್ಠಿತೇವರಷ್ಟು,medium
ವಿಶ್ವೇಶ್ವರಯ್ಯನವರ,ಇದನ್ನು,ವಿಶ್ವೇಶ್ವರಯ್ಯನವರೇದನ್ನು,medium
ಸೋಮನಾಥಪುರದಲ್ಲಿರುವ,ಆತ್ಮ,ಸೋಮನಾಥಪುರದಲ್ಲಿರುವಾತ್ಮ,medium
ಹಾಡಿನೊಂದಿಗೆ,ಅಸ್ತಿತ್ವದಲ್ಲಿದ್ದ,ಹಾಡಿನೊಂದಿಗೆಯಸ್ತಿತ್ವದಲ್ಲಿದ್ದ,medium
ಕಿರಿಯ,ಆಗಿ,ಕಿರಿಯಾಗಿ,medium
ಸಾಮಗ್ರಿಗಳ,ಇಟ್ಟಿಗೆಗೂಡು,ಸಾಮಗ್ರಿಗಳೇಟ್ಟಿಗೆಗೂಡು,medium
ಉಪಯೋಗಿಸಲ್ಪಡುತ್ತವೆ,ಅತ್ಯಂತ,ಉಪಯೋಗಿಸಲ್ಪಡುತ್ತವೆಯತ್ಯಂತ,medium
ವಾದ,ಆಕಾರದ,ವಾದಾಕಾರದ,medium
ಬೆಸಗೊಂಡಡೆ,ಅನುಭವಿಸುವವರು,ಬೆಸಗೊಂಡಡೆಯನುಭವಿಸುವವರು,medium
ಭೂಷಣಗಳನ್ನೊಳಗೊಂಡ,ಉಗಮಗೊಂಡದ್ದು,ಭೂಷಣಗಳನ್ನೊಳಗೊಂಡೋಗಮಗೊಂಡದ್ದು,medium
ಸಮಕಾಲೀನ,ಆಕಾಶ,ಸಮಕಾಲೀನಾಕಾಶ,medium
ರಾಜಕೀಯ,ಆರಾಧನೆ,ರಾಜಕೀಯಾರಾಧನೆ,medium
ಆಂಧ್ರ,ಇದಕ್ಕಾ,ಆಂಧ್ರೇದಕ್ಕಾ,medium
ನಿಲ್ಲುವಂತೆ,ಅಳಕೆ,ನಿಲ್ಲುವಂತೆಯಳಕೆ,medium
ಭಾವೆ,ಅಧಿಕೃತವಾಗಿ,ಭಾವೆಯಧಿಕೃತವಾಗಿ,medium
ವರ್ಗ,ಉಳಿದ,ವರ್ಗೋಳಿದ,medium
ಭಾರತಪುರಾಣ,ಇಲ್ಲಿವೆ,ಭಾರತಪುರಾಣೇಲ್ಲಿವೆ,medium
ಸೈನಿಕರಿಂದ,ಇಸ್ಲಾಂ,ಸೈನಿಕರಿಂದೇಸ್ಲಾಂ,medium
ಮೌಖಿಕ,ಉಂಟಾಗಿದ್ದು,ಮೌಖಿಕೋಂಟಾಗಿದ್ದು,medium
ದೊಡ್ಡಮ್ಮ,ಇವುಗಳ,ದೊಡ್ಡಮ್ಮೇವುಗಳ,medium
ಜೀವನಶೈಲಿಗೆ,ಗಣ್ಯರಿಗೆ,ಜೀವನಶೈಲಿಗಗಗಣ್ಯರಿಗೆ,medium
ಹೇಳುವಂತೆ,ಅಭಯಾರಣ್ಯಗಳ,ಹೇಳುವಂತೆಯಭಯಾರಣ್ಯಗಳ,medium
ಮಾದಲಾಂಬಿಕೆ,ಅದೇ,ಮಾದಲಾಂಬಿಕೆಯದೇ,medium
ಶಾ,ಆಕಾಶ,ಶಾಕಾಶ,medium
ಮಾಧ್ಯಮಿಕ,ಆಸೆಗಳನ್ನು,ಮಾಧ್ಯಮಿಕಾಸೆಗಳನ್ನು,medium
ಮೇಲುಕೋಟೆ,ಅಣೆಕಟ್ಟು,ಮೇಲುಕೋಟೆಯಣೆಕಟ್ಟು,medium
ಕೂಡಲಸಂಗನ,ಇದಾಗಿದೆ,ಕೂಡಲಸಂಗನೇದಾಗಿದೆ,medium
ಕಥಾಭಾಗ,ಇಲ್ಲಿನ,ಕಥಾಭಾಗೇಲ್ಲಿನ,medium
ಭಾಷೆಗೆ,ಗನ್ನಡ,ಭಾಷೆಗಗಗನ್ನಡ,medium
ಮಾದರಿಯ,ಉರಿಲಿಂಗಪೆದ್ದಿಗಳರಸನಲ್ಲಿ,ಮಾದರಿಯೋರಿಲಿಂಗಪೆದ್ದಿಗಳರಸನಲ್ಲಿ,medium
ಹಾ,ಆದ್ದರಿಂದ,ಹಾದ್ದರಿಂದ,medium
ಪರಿಪೂರ್ಣ,ಇವುಗಳ,ಪರಿಪೂರ್ಣೇವುಗಳ,medium
ಬಾಂಗ್ಲಾದೇಶ,ಉಮೆಯ,ಬಾಂಗ್ಲಾದೇಶೋಮೆಯ,medium
ಪ್ರಯಾಣಿಸಬಹುದಾಗಿದೆ,ಅಭಿಜಾತ,ಪ್ರಯಾಣಿಸಬಹುದಾಗಿದೆಯಭಿಜಾತ,medium
ಆದಿಲ್,ಗುಮ್ಮಟ,ಆದಿಲಗಗುಮ್ಮಟ,medium
ಕೈಗಾರಿಕಾ,ಆಂಧ್ರ,ಕೈಗಾರಿಕಾಂಧ್ರ,medium
ಮಸಣಿಕಮ್ಮ,ಇಲ್ಲಿವೆ,ಮಸಣಿಕಮ್ಮೇಲ್ಲಿವೆ,medium
ಶಂಕರಾಚಾರ್ಯ,ಇದಲ್ಲದೆ,ಶಂಕರಾಚಾರ್ಯೇದಲ್ಲದೆ,medium
ಪಾಶ,ಇಸ್ಲಾಂ,ಪಾಶೇಸ್ಲಾಂ,medium
ರಾಜಾ,ಉಚ್ಚ,ರಾಜೋಚ್ಚ,medium
೧೯೯೧,ಆರ್ಮ್,೧೯೯೧ಾರ್ಮ್,medium
ಭಕ್ತ,ಉಪಯೋಗಿಸಲ್ಪಡುತ್ತವೆ,ಭಕ್ತೋಪಯೋಗಿಸಲ್ಪಡುತ್ತವೆ,medium
ಬೇಂದ್ರೆಯವರಿಂದ,ಉದಯ,ಬೇಂದ್ರೆಯವರಿಂದೋದಯ,medium
ನೀಡಿದಾಗ,ಇಂಡಸ್,ನೀಡಿದಾಗೇಂಡಸ್,medium
ಪುರಾತನ,ಆಗಸ್ಟ್,ಪುರಾತನಾಗಸ್ಟ್,medium
ಭಾರತದಲ್ಲಿನ,ಇರಿಸಲಾಗಿದೆ,ಭಾರತದಲ್ಲಿನೇರಿಸಲಾಗಿದೆ,medium
ರಾಜಕೀಯ,ಇದುವರೆಗೆ,ರಾಜಕೀಯೇದುವರೆಗೆ,medium
ಬೇಕಾದ,ಆಳ್ವಿಕೆ,ಬೇಕಾದಾಳ್ವಿಕೆ,medium
೧೩೦,ಆಸ್ಟ್ರೇಲಿಯಾದಲ್ಲಿ,೧೩೦ಾಸ್ಟ್ರೇಲಿಯಾದಲ್ಲಿ,medium
ಬೆಸಗೊಂಡಡೆ,ಅರಕೇಶ್ವರ,ಬೆಸಗೊಂಡಡೆಯರಕೇಶ್ವರ,medium
ಸಂಸ್ಕಾರ,ಉದ್ಯಮಿಗಳ,ಸಂಸ್ಕಾರೋದ್ಯಮಿಗಳ,medium
ರೂಢಿಯಲ್ಲಿತ್ತು,ಉಪದೇಶ,ರೂಢಿಯಲ್ಲಿತ್ತೂಪದೇಶ,medium
ವರೆಗೆ,ಅರ್ಥಕ್ಕೆ,ವರೆಗೆಯರ್ಥಕ್ಕೆ,medium
ಚೌಕಾಕಾರದ,ಇವೆ,ಚೌಕಾಕಾರದೇವೆ,medium
ಪ್ರಪಂಚದಾದ್ಯಂತ,ಆಕ್ಟರ್,ಪ್ರಪಂಚದಾದ್ಯಂತಾಕ್ಟರ್,medium
ಒದಗಿಸುತ್ತದೆ,ಗಮನಾರ್ಹ,ಒದಗಿಸುತ್ತದಗಗಮನಾರ್ಹ,medium
ಲಭ್ಯವಾಗುತ್ತವೆ,ಗುಂಬಜ್,ಲಭ್ಯವಾಗುತ್ತವಗಗುಂಬಜ್,medium
ನೀರಿನ,ಇವರಿಗೆ,ನೀರಿನೇವರಿಗೆ,medium
೫೧,ಆನಂದ್,೫೧ಾನಂದ್,medium
ಮೊದಲಬಾರಿಗೆ,ಅವಲಂಬಿಸಿದೆ,ಮೊದಲಬಾರಿಗೆಯವಲಂಬಿಸಿದೆ,medium
ಪ್ರಸಾರ,ಉರ್ದು,ಪ್ರಸಾರೋರ್ದು,medium
ರವರ,ಆದರಾತಿಥ್ಯವು,ರವರಾದರಾತಿಥ್ಯವು,medium
ಲಿಂಗ,ಆವೃತವಾಗಿದೆ,ಲಿಂಗಾವೃತವಾಗಿದೆ,medium
ವ್ಯವಸ್ಥೆ,ಗುರುದರ್ಶನವಾದರೂ,ವ್ಯವಸ್ಥಗಗುರುದರ್ಶನವಾದರೂ,medium
ದೊಡ್ಡಪೇಟೆ,ಅಕಾಡೆಮಿ,ದೊಡ್ಡಪೇಟೆಯಕಾಡೆಮಿ,medium
ಅಷ್ಟದುರ್ಗೆಯರ,ಉಪಯೋಗಿಸಲಾಗುವ,ಅಷ್ಟದುರ್ಗೆಯರೋಪಯೋಗಿಸಲಾಗುವ,medium
ದೇವಸ್ಥಾನಗಳ,ಇಲ್ಲದೆ,ದೇವಸ್ಥಾನಗಳೇಲ್ಲದೆ,medium
ಮಾಡಿದ್ದಾಳೆಂದರೆ,ಅದೇ,ಮಾಡಿದ್ದಾಳೆಂದರೆಯದೇ,medium
ಕೇರಳದ,ಇಲ್ಲಿ,ಕೇರಳದೇಲ್ಲಿ,medium
ಭಿನ್ನವಾಗಿದೆ,ಅಗ್ರಸ್ಥಾನದಲ್ಲಿ,ಭಿನ್ನವಾಗಿದೆಯಗ್ರಸ್ಥಾನದಲ್ಲಿ,medium
ಕೇಂದ್ರೀಯ,ಆಕರ್ಷಕವಾದ,ಕೇಂದ್ರೀಯಾಕರ್ಷಕವಾದ,medium
ವರ್ಷಕ್ಕೆ,ಗೊಲ್ಡನ್,ವರ್ಷಕ್ಕಗಗೊಲ್ಡನ್,medium
ಚಲನ,ಇಸ್ರೊ,ಚಲನೇಸ್ರೊ,medium
ಶೀನ,ಆಕಾಂಕ್ಷೆ,ಶೀನಾಕಾಂಕ್ಷೆ,medium
ಎಂದರೆ,ಗಣೇಶನೆಂಬ,ಎಂದರಗಗಣೇಶನೆಂಬ,medium
ಮಾತನಾಡುವ,ಇಮ್ಮಡಿ,ಮಾತನಾಡುವೇಮ್ಮಡಿ,medium
ನಡೆಯುತ್ತಿದೆ,ಗಟ್ಟಿಯಾಗಿ,ನಡೆಯುತ್ತಿದಗಗಟ್ಟಿಯಾಗಿ,medium
ಗ್ರಹಿಸಿದ,ಉತ್ತರ,ಗ್ರಹಿಸಿದೋತ್ತರ,medium
ಸಂಸ್ಥೆಗಳೆಂದರೆ,ಅಲ್ಲಿ,ಸಂಸ್ಥೆಗಳೆಂದರೆಯಲ್ಲಿ,medium
ಪೂಜಿಸುತ್ತಾರೆ,ಅವರವರ,ಪೂಜಿಸುತ್ತಾರೆಯವರವರ,medium
ಕಟೀಲು,ಉಪಾಧ್ಯಾಯ,ಕಟೀಲೂಪಾಧ್ಯಾಯ,medium
ಮೊಹಲ್ಲ,ಆನಂದವನ್ನು,ಮೊಹಲ್ಲಾನಂದವನ್ನು,medium
ಕರ್ಮಾಟ,ಉಪಯೋಗಿಸಲ್ಪಡುವ,ಕರ್ಮಾಟೋಪಯೋಗಿಸಲ್ಪಡುವ,medium
ಹೆಸರಿನ,ಆಗ,ಹೆಸರಿನಾಗ,medium
ಪ್ರದರ್ಶನ,ಇವನ್ನೆಲ್ಲ,ಪ್ರದರ್ಶನೇವನ್ನೆಲ್ಲ,medium
ಪ್ರವಾಸೋದ್ಯಮ,ಇವೆಂದೂ,ಪ್ರವಾಸೋದ್ಯಮೇವೆಂದೂ,medium
ಸಂಧಿಯಿಂದ,ಉಪಭಾಷೆಗಳಾದ,ಸಂಧಿಯಿಂದೋಪಭಾಷೆಗಳಾದ,medium
ಒಕ್ಕೂಟ,ಆಚಾರ,ಒಕ್ಕೂಟಾಚಾರ,medium
ರಾಜಾಶ್ರಯ,ಉತ್ಪಾದನಾ,ರಾಜಾಶ್ರಯೋತ್ಪಾದನಾ,medium
ಚೈತ್ರ,ಉತ್ಪತ್ತಿಯಾಗಿವೆ,ಚೈತ್ರೋತ್ಪತ್ತಿಯಾಗಿವೆ,medium
ವಸ್ತುಗಳು,ಉಚ್ಚವರ್ಣದ,ವಸ್ತುಗಳೂಚ್ಚವರ್ಣದ,medium
ಬಹುಮುಖ,ಆಶ್ರಯ,ಬಹುಮುಖಾಶ್ರಯ,medium
ಸ್ವಾಗತಿಸಿತು,ಉಳಿದಿದೆ,ಸ್ವಾಗತಿಸಿತೂಳಿದಿದೆ,medium
ಪುಂಡರೀಕಾಕ್ಷ,ಇಂಡಿಯಾ,ಪುಂಡರೀಕಾಕ್ಷೇಂಡಿಯಾ,medium
ಗೆಲ್ಲುತ್ತಾನೆ,ಗರಿಷ್ಠ,ಗೆಲ್ಲುತ್ತಾನಗಗರಿಷ್ಠ,medium
ಹಾಗೆಯೆ,ಗುಂಡಿ,ಹಾಗೆಯಗಗುಂಡಿ,medium
ಮಳೆ,ಅಲ್ಲಲ್ಲಿ,ಮಳೆಯಲ್ಲಲ್ಲಿ,medium
ರಮೇಶ,ಉತ್ಪಾದನೆಯ,ರಮೇಶೋತ್ಪಾದನೆಯ,medium
ಗಳು,ಉದ್ದೇಶಗಳನ್ನು,ಗಳೂದ್ದೇಶಗಳನ್ನು,medium
ಮಧ್ಯದೊಳ್,ಗೊಲ್ಡನ್,ಮಧ್ಯದೊಳಗಗೊಲ್ಡನ್,medium
ಕಮಲದಳಗಳು,ಉದಾಹರಣೆಗೆ,ಕಮಲದಳಗಳೂದಾಹರಣೆಗೆ,medium
ಅನುಭದ,ಉಪಯೋಗಿಸಲಾಗಿರುವ,ಅನುಭದೋಪಯೋಗಿಸಲಾಗಿರುವ,medium
ಬಹುಮುಖಿಯ,ಉಂಟಾಗಿತ್ತು,ಬಹುಮುಖಿಯೋಂಟಾಗಿತ್ತು,medium
ನಾಲ್ಕನೆಯ,ಉಬ್ಬಿರುವ,ನಾಲ್ಕನೆಯೋಬ್ಬಿರುವ,medium
ಸ್ಥಳದಿಂದ,ಇವುಗಳು,ಸ್ಥಳದಿಂದೇವುಗಳು,medium
ಕಲಿಸಿದನು,ಉಪಯೋಗಿಸಲಾಗಿರುವ,ಕಲಿಸಿದನೂಪಯೋಗಿಸಲಾಗಿರುವ,medium
ಇತರ,ಆಯುರ್ವೇದ,ಇತರಾಯುರ್ವೇದ,medium
ಭಾವದ,ಉದ್ದ,ಭಾವದೋದ್ದ,medium
ಪ್ರತಿನಿಧಿಸುತ್ತದೆ,ಗುರುತಿಸಲ್ಪಡುವ,ಪ್ರತಿನಿಧಿಸುತ್ತದಗಗುರುತಿಸಲ್ಪಡುವ,medium
ಪ್ರಸಿದ್ದ,ಆಕ್ರಮಣವನ್ನು,ಪ್ರಸಿದ್ದಾಕ್ರಮಣವನ್ನು,medium
ವಿರೋಧಾತ್ಮಕ,ಆದಿ,ವಿರೋಧಾತ್ಮಕಾದಿ,medium
ಈಡೇರಿಸಿದರೆ,ಅನಾವರಣಗೊಳಿಸುತ್ತವೆ,ಈಡೇರಿಸಿದರೆಯನಾವರಣಗೊಳಿಸುತ್ತವೆ,medium
ಹುದುಗಿದಂಕ,ಆಮಂತ್ರಣ,ಹುದುಗಿದಂಕಾಮಂತ್ರಣ,medium
ಸಮಾಧಿಗಳಿವೆ,ಅಬಿನಯ,ಸಮಾಧಿಗಳಿವೆಯಬಿನಯ,medium
ರಾವ್,ಗಾಂಧಿನಗರ,ರಾವಗಗಾಂಧಿನಗರ,medium
ಅಗಸ್ತ್ಯೇಶ್ವರ,ಉಲ್ಲೇಖಿಸಲಾಗುತ್ತದೆ,ಅಗಸ್ತ್ಯೇಶ್ವರೋಲ್ಲೇಖಿಸಲಾಗುತ್ತದೆ,medium
ದಾಬುಲ್,ಗುರುತಿಸಿಕೊಂಡರು,ದಾಬುಲಗಗುರುತಿಸಿಕೊಂಡರು,medium
೩೬,ಆಕಾಂಕ್ಷೆ,೩೬ಾಕಾಂಕ್ಷೆ,medium
ಸರ್ವಾಂಗದಿಂ,ಉದ್ಯೋಗ,ಸರ್ವಾಂಗದಿಂೋದ್ಯೋಗ,medium
೨೦೦೪,ಆಹ್ಲಾದಕರ,೨೦೦೪ಾಹ್ಲಾದಕರ,medium
ನಗನಾಣ್ಯಗಳು,ಉಗಮಗೊಂಡವು,ನಗನಾಣ್ಯಗಳೂಗಮಗೊಂಡವು,medium
ವಿಚಾರಕ್ಕೆ,ಅಡಿಗರು,ವಿಚಾರಕ್ಕೆಯಡಿಗರು,medium
ಗೌಡ,ಉತ್ಪನ್ನಗಳಾದ,ಗೌಡೋತ್ಪನ್ನಗಳಾದ,medium
ಪ್ರಬಲವಾದ,ಆರಂಭಿಕ,ಪ್ರಬಲವಾದಾರಂಭಿಕ,medium
ಸುತ್ತಿಕೊಂಡನೆಂಬುದು,ಉದ್ದ,ಸುತ್ತಿಕೊಂಡನೆಂಬುದೂದ್ದ,medium
ಅಳಕೆ,ಅಧಿಪತ್ಯ,ಅಳಕೆಯಧಿಪತ್ಯ,medium
ದೆಸೆಯಿಂದ,ಆಂಧ್ರ,ದೆಸೆಯಿಂದಾಂಧ್ರ,medium
ಇಂಜಿನಿಯರಿಂಗ್,ಗಳಿಸಿತು,ಇಂಜಿನಿಯರಿಂಗಗಗಳಿಸಿತು,medium
ಒಳಪಟ್ಟಿದೆ,ಅವಳ,ಒಳಪಟ್ಟಿದೆಯವಳ,medium
ಇರಲಿಲ್ಲ,ಆರ್ಟ್,ಇರಲಿಲ್ಲಾರ್ಟ್,medium
ಹನುಮಂತನ,ಉಗಮವಾಯಿತು,ಹನುಮಂತನೋಗಮವಾಯಿತು,medium
ದಕ್ಷಿಣಕ್ಕೆ,ಗುಡಿಯಲ್ಲಿ,ದಕ್ಷಿಣಕ್ಕಗಗುಡಿಯಲ್ಲಿ,medium
ಹೊರಡಿಸಿತು,ಉದ್ದೇಶಗಳನ್ನು,ಹೊರಡಿಸಿತೂದ್ದೇಶಗಳನ್ನು,medium
ಅವರವರ,ಆಕ್ರಮಣವನ್ನು,ಅವರವರಾಕ್ರಮಣವನ್ನು,medium
ಮಾರಯ್ಯಪ್ರಿಯ,ಆರಾಧನೆಯನ್ನು,ಮಾರಯ್ಯಪ್ರಿಯಾರಾಧನೆಯನ್ನು,medium
ಪ್ರಯತ್ನ,ಇಂಗ್ಲೆಂಡಿನ,ಪ್ರಯತ್ನೇಂಗ್ಲೆಂಡಿನ,medium
೨೦,ಆಭರಣಗಳಿಂದ,೨೦ಾಭರಣಗಳಿಂದ,medium
ಕಲಿಕೆಯ,ಉಳಿದಿತ್ತು,ಕಲಿಕೆಯೋಳಿದಿತ್ತು,medium
ಭರತವರ್ಷ,ಉದ್ಯಾನ,ಭರತವರ್ಷೋದ್ಯಾನ,medium
ಅನಾವರಣಗೊಳಿಸುತ್ತವೆ,ಗುರುದ್ವಾರ,ಅನಾವರಣಗೊಳಿಸುತ್ತವಗಗುರುದ್ವಾರ,medium
ಆಗ,ಉಪಯೋಗಿಸಲಾಗುವ,ಆಗೋಪಯೋಗಿಸಲಾಗುವ,medium
ಬರೆಯಲ್ಪಟ್ಟ,ಉಪಭಾಷೆಗಳೆಂದು,ಬರೆಯಲ್ಪಟ್ಟೋಪಭಾಷೆಗಳೆಂದು,medium
ದಂಡೆಯ,ಉಳಿದಿದೆ,ದಂಡೆಯೋಳಿದಿದೆ,medium
ನೀಡಿರುವ,ಆರನೆಯ,ನೀಡಿರುವಾರನೆಯ,medium
ರಾಜಮನೆತನದ,ಇಂಡೊ,ರಾಜಮನೆತನದೇಂಡೊ,medium
ಕೂಡ,ಆಧಾರಿತ,ಕೂಡಾಧಾರಿತ,medium
ದ್ವೀಪ,ಇನ್ನೂ,ದ್ವೀಪೇನ್ನೂ,medium
ಕಟ್ಟಲಾಗಿದೆ,ಅತೀ,ಕಟ್ಟಲಾಗಿದೆಯತೀ,medium
ರಂದು,ಉಚ್ಚರಿಸಬಹುದಾದ,ರಂದೂಚ್ಚರಿಸಬಹುದಾದ,medium
ಇವನಾರವ,ಉದಾಹರಣೆಗಳು,ಇವನಾರವೋದಾಹರಣೆಗಳು,medium
ಕಷ್ಟ,ಉತ್ತರದಲ್ಲಿ,ಕಷ್ಟೋತ್ತರದಲ್ಲಿ,medium
ರವಿಕೀರ್ತಿಯ,ಉದ್ಯಾನವನಗಳನ್ನು,ರವಿಕೀರ್ತಿಯೋದ್ಯಾನವನಗಳನ್ನು,medium
ಪ್ರಮುಖವಾದ,ಇತಿಹಾಸದಲ್ಲಿ,ಪ್ರಮುಖವಾದೇತಿಹಾಸದಲ್ಲಿ,medium
ವಿಶಿಷ್ಟತೆಯೆಂದರೆ,ಅವರ್ಗೀಯ,ವಿಶಿಷ್ಟತೆಯೆಂದರೆಯವರ್ಗೀಯ,medium
ಇಪ್ಪತ್ತನೆ,ಅಡುಗೆಗಳಿಗೆ,ಇಪ್ಪತ್ತನೆಯಡುಗೆಗಳಿಗೆ,medium
ಬಂಧುಗಳ,ಇತಿಹಾಸದ,ಬಂಧುಗಳೇತಿಹಾಸದ,medium
ಕುಳಿತಿರುವ,ಉದಾಹರಣೆಗೆ,ಕುಳಿತಿರುವೋದಾಹರಣೆಗೆ,medium
ಇದ್ದರೆಂದು,ಉದಾಹರಣೆ,ಇದ್ದರೆಂದೂದಾಹರಣೆ,medium
ಗೋವಿಂದ,ಆಕರ್ಷಣೆಯಾಗಿದೆ,ಗೋವಿಂದಾಕರ್ಷಣೆಯಾಗಿದೆ,medium
ಇತರೆ,ಗೆಲ್ಲುತ್ತಾನೆ,ಇತರಗಗೆಲ್ಲುತ್ತಾನೆ,medium
ಹಿರಿಯಳಾದ,ಉಗಮಿಸಿವೆ,ಹಿರಿಯಳಾದೋಗಮಿಸಿವೆ,medium
ಒಳಗಾಗದ,ಇಂತಹ,ಒಳಗಾಗದೇಂತಹ,medium
ಎಣ್ಣೆ,ಗೋಚರಿಸುತ್ತವೆ,ಎಣ್ಣಗಗೋಚರಿಸುತ್ತವೆ,medium
ರೂಪಾಂತರ,ಇನ್ಫೋಸಿಸ್,ರೂಪಾಂತರೇನ್ಫೋಸಿಸ್,medium
ಮಾಲೆಯಾದತಿಶಯ,ಆಸಕ್ತ,ಮಾಲೆಯಾದತಿಶಯಾಸಕ್ತ,medium
ಹೊಗಳಿದ್ದಾರೆ,ಗಳನ್ನು,ಹೊಗಳಿದ್ದಾರಗಗಳನ್ನು,medium
ತಿಳಿದುಬಂದಿದೆ,ಗೋಲಾಕಾರದ,ತಿಳಿದುಬಂದಿದಗಗೋಲಾಕಾರದ,medium
ಸಸಿಯೊಳಗಣ,ಆಳಿದ್ದು,ಸಸಿಯೊಳಗಣಾಳಿದ್ದು,medium
ಸಂಗ್ರಹಿಸುವ,ಉನ್ನತ,ಸಂಗ್ರಹಿಸುವೋನ್ನತ,medium
ಹೆಸರಿನೊಡನೆ,ಅನೇಕ,ಹೆಸರಿನೊಡನೆಯನೇಕ,medium
ಪಂಪ,ಆಕರ್ಷಿಸುತ್ತಿದೆ,ಪಂಪಾಕರ್ಷಿಸುತ್ತಿದೆ,medium
ದೂರದಲ್ಲಿರುವ,ಆಡಳಿತದ,ದೂರದಲ್ಲಿರುವಾಡಳಿತದ,medium
ಕಾಳವ್ವೆ,ಅನನ್ಯವಾಗಿರುವುದು,ಕಾಳವ್ವೆಯನನ್ಯವಾಗಿರುವುದು,medium
ಹೊಸ,ಉದ್ದೇಶಗಳನ್ನು,ಹೊಸೋದ್ದೇಶಗಳನ್ನು,medium
ರಾಜರಿಂದ,ಇತರ,ರಾಜರಿಂದೇತರ,medium
ಮುದ್ರಣದ,ಆಗ,ಮುದ್ರಣದಾಗ,medium
ಸಮಕಾಲೀನ,ಆಳಿದ್ದು,ಸಮಕಾಲೀನಾಳಿದ್ದು,medium
ಮಂಗಗಳ,ಇಸ್ರೊ,ಮಂಗಗಳೇಸ್ರೊ,medium
ಇದನ್ನು,ಉಚ್ಚವರ್ಣದ,ಇದನ್ನೂಚ್ಚವರ್ಣದ,medium
ಉದಾಃ,ಉಬ್ಬಿರುವ,ಉದಾಃೋಬ್ಬಿರುವ,medium
ಅಚ್ಚುಮೆಚ್ಚಿನ,ಆಕೆಯ,ಅಚ್ಚುಮೆಚ್ಚಿನಾಕೆಯ,medium
ಪಟ್ಟಿಗೆ,ಅನುಭವದ,ಪಟ್ಟಿಗೆಯನುಭವದ,medium
ಸಾಮಾನ್ಯ,ಇನ್ನೆರಡು,ಸಾಮಾನ್ಯೇನ್ನೆರಡು,medium
ಲಿಪಿಯವರೆಗೆ,ಅವುಗಳನ್ನು,ಲಿಪಿಯವರೆಗೆಯವುಗಳನ್ನು,medium
ಶಿಲೆಯ,ಆನೆಗುಂಡಿಯು,ಶಿಲೆಯಾನೆಗುಂಡಿಯು,medium
ಮಹಾಬಲಗಿರಿಯ,ಉಪದೇಶ,ಮಹಾಬಲಗಿರಿಯೋಪದೇಶ,medium
ಇಲ್ಲ,ಆಕರ್ಷಣೆಯೆಂದರೆ,ಇಲ್ಲಾಕರ್ಷಣೆಯೆಂದರೆ,medium
ಯೊಂದಿಗೆ,ಅಪ್ರತಿಷ್ಠಿತ,ಯೊಂದಿಗೆಯಪ್ರತಿಷ್ಠಿತ,medium
ಭಾಗ,ಆಕರ್ಷಣೆ,ಭಾಗಾಕರ್ಷಣೆ,medium
ಚೌಟ,ಆರಾಧನೆಯನ್ನು,ಚೌಟಾರಾಧನೆಯನ್ನು,medium
ಮಹಿಷಮಂಡಲವನ್ನು,ಉರಿಲಿಂಗಪೆದ್ದಿಗಳರಸನಲ್ಲಿ,ಮಹಿಷಮಂಡಲವನ್ನೂರಿಲಿಂಗಪೆದ್ದಿಗಳರಸನಲ್ಲಿ,medium
ಶಂಕರ,ಆಕಾರದ,ಶಂಕರಾಕಾರದ,medium
ಬೆಂಗಳೂರಿಗೆ,ಅಂತ್ಯಗೊಂಡಿತು,ಬೆಂಗಳೂರಿಗೆಯಂತ್ಯಗೊಂಡಿತು,medium
ಸಂಕೇತವಾದರೆ,ಅವತಾರ,ಸಂಕೇತವಾದರೆಯವತಾರ,medium
ಈಗಿನ,ಉಗ್ರ,ಈಗಿನೋಗ್ರ,medium
ಪ್ರಕ್ರಿಯೆ,ಅಲ್ಲದೆ,ಪ್ರಕ್ರಿಯೆಯಲ್ಲದೆ,medium
ಕೆತ್ತನೆಯ,ಆಕೆಯ,ಕೆತ್ತನೆಯಾಕೆಯ,medium
ಮಯೂರ,ಆರಂಭವಾಗಿವೆ,ಮಯೂರಾರಂಭವಾಗಿವೆ,medium
ಪ್ರಭಾಕರ,ಉಗಮಿಸುವ,ಪ್ರಭಾಕರೋಗಮಿಸುವ,medium
ಬರೆಯಲಾಗುತ್ತದೆ,ಅವರವರ,ಬರೆಯಲಾಗುತ್ತದೆಯವರವರ,medium
ಅಧಿದೇವತೆ,ಗೋಥಿಕ್,ಅಧಿದೇವತಗಗೋಥಿಕ್,medium
ಭಾಷೆಯೆಂಬ,ಇಂಗ್ಲೀಷಿನಂಥ,ಭಾಷೆಯೆಂಬೇಂಗ್ಲೀಷಿನಂಥ,medium
ಹಳೆಯ,ಆಡಳಿತ,ಹಳೆಯಾಡಳಿತ,medium
ಚೆನ್ನಬಸಪ್ಪ,ಆರ್ಯನ್,ಚೆನ್ನಬಸಪ್ಪಾರ್ಯನ್,medium
ವಿರುಪಾಕ್ಷಪುರ,ಇಂಥ,ವಿರುಪಾಕ್ಷಪುರೇಂಥ,medium
ಶರಣಬಸವೇಶ್ವರ,ಇಟ್ಟಿಗೆಗೂಡು,ಶರಣಬಸವೇಶ್ವರೇಟ್ಟಿಗೆಗೂಡು,medium
ಹೇಳಬಹುದು,ಉಮೆಯ,ಹೇಳಬಹುದೂಮೆಯ,medium
ವಿಠಲ,ಆಕರ್ಷಣೆ,ವಿಠಲಾಕರ್ಷಣೆ,medium
ಗಾಂಧಿನಗರ,ಇಟ್ಟಿಗೆ,ಗಾಂಧಿನಗರೇಟ್ಟಿಗೆ,medium
ಮೂರನೆ,ಅಳೆದು,ಮೂರನೆಯಳೆದು,medium
ಮೊದಲನೆಯ,ಇಂಜಿನಿಯರ್,ಮೊದಲನೆಯೇಂಜಿನಿಯರ್,medium
ಕೋಕಿಲೋದಯ,ಇತಿಹಾಸದಲ್ಲಿ,ಕೋಕಿಲೋದಯೇತಿಹಾಸದಲ್ಲಿ,medium
ಸಂಸ್ಕಾರ,ಆಂಧ್ರ,ಸಂಸ್ಕಾರಾಂಧ್ರ,medium
ಯೋಜನೆ,ಅಚ್ಚಕಾವ್ಯಕೆ,ಯೋಜನೆಯಚ್ಚಕಾವ್ಯಕೆ,medium
ದೇವಾಲಯವು,ಉರಿಲಿಂಗಪೆದ್ದಿಗಳ,ದೇವಾಲಯವೂರಿಲಿಂಗಪೆದ್ದಿಗಳ,medium
ಕಟ್ಟುವಂತೆ,ಗಳಂತಹ,ಕಟ್ಟುವಂತಗಗಳಂತಹ,medium
ಚಲನಚಿತ್ರ,ಉಗಮಗೊಂಡವು,ಚಲನಚಿತ್ರೋಗಮಗೊಂಡವು,medium
ಆರಾಧನೆ,ಅರ್ಥ,ಆರಾಧನೆಯರ್ಥ,medium
ಯಶ್,ಗಣಪತಿ,ಯಶಗಗಣಪತಿ,medium
ವಿಜಯನಗರದ,ಇದನ್ನು,ವಿಜಯನಗರದೇದನ್ನು,medium
ವಿರುದ್ಧ,ಇಂಥ,ವಿರುದ್ಧೇಂಥ,medium
ಹಿತಕಾರ್ಯದಿಂದ,ಉಗಮಕ್ಕಾಗಿ,ಹಿತಕಾರ್ಯದಿಂದೋಗಮಕ್ಕಾಗಿ,medium
ಸಿಂಗ್,ಗ್ಯಾಲರಿಯಿದೆ,ಸಿಂಗಗಗ್ಯಾಲರಿಯಿದೆ,medium
ಕಾಳಿಯ,ಆದಿಶೇಷನ,ಕಾಳಿಯಾದಿಶೇಷನ,medium
ಮುಂಬರುವ,ಉದ್ಯಮಿಗಳ,ಮುಂಬರುವೋದ್ಯಮಿಗಳ,medium
ಕತೆ,ಅರ್ಬಿ,ಕತೆಯರ್ಬಿ,medium
ಕಂಪನಿಗಳೆಂದರೆ,ಗ್ವಾಲಿಯರ್,ಕಂಪನಿಗಳೆಂದರಗಗ್ವಾಲಿಯರ್,medium
ಕೋಪ,ಆಕರ್ಷಣೆಯಾಗಿದೆ,ಕೋಪಾಕರ್ಷಣೆಯಾಗಿದೆ,medium
ಹೊಯ್ಸಳ,ಉದಾರೀಕರಣ,ಹೊಯ್ಸಳೋದಾರೀಕರಣ,medium
ಸಾಂಸ್ಕೃತಿಕ,ಆಕ್ರಮಣಗೊಂಡು,ಸಾಂಸ್ಕೃತಿಕಾಕ್ರಮಣಗೊಂಡು,medium
ಇತ್ತೀಚಿನ,ಇತಿಹಾಸವು,ಇತ್ತೀಚಿನೇತಿಹಾಸವು,medium
ಲಿಂಗಾಯತ,ಉದಾಹರಣೆ,ಲಿಂಗಾಯತೋದಾಹರಣೆ,medium
ಅರಕೇಶ್ವರ,ಆಧ್ಯಾತ್ಮಿಕ,ಅರಕೇಶ್ವರಾಧ್ಯಾತ್ಮಿಕ,medium
ಮಾಡದೆ,ಗಾಡಿಗಳು,ಮಾಡದಗಗಾಡಿಗಳು,medium
ಸಾರಿದ್ದಾರೆ,ಅಣೆಕಟ್ಟಿನಲ್ಲಿ,ಸಾರಿದ್ದಾರೆಯಣೆಕಟ್ಟಿನಲ್ಲಿ,medium
ಚೆನ್ನಬಸವಣ್ಣಪ್ರಿಯ,ಆದರೆ,ಚೆನ್ನಬಸವಣ್ಣಪ್ರಿಯಾದರೆ,medium
ಮಂಗಳೂರು,ಉಪಭಾಷೆಗಳನ್ನೊಳಗೊಂಡ,ಮಂಗಳೂರೂಪಭಾಷೆಗಳನ್ನೊಳಗೊಂಡ,medium
ಸೇರ್ಪಡೆಗೊಂಡಿದ್ದರೆ,ಗೊಲ್ಕೊಂಡ,ಸೇರ್ಪಡೆಗೊಂಡಿದ್ದರಗಗೊಲ್ಕೊಂಡ,medium
ಆಧುನಿಕ,ಇತಿಹಾಸ,ಆಧುನಿಕೇತಿಹಾಸ,medium
ವರುಷಭಾರತದೊಳು,ಉಪದೇಶ,ವರುಷಭಾರತದೊಳೂಪದೇಶ,medium
ಸ್ವತಂತ್ರ,ಉಳಿದಂತೆ,ಸ್ವತಂತ್ರೋಳಿದಂತೆ,medium
ಆಡಳಿತಕ್ಕೆ,ಅಂತ್ಯ,ಆಡಳಿತಕ್ಕೆಯಂತ್ಯ,medium
ಪುರಾವೆಗಳಿವೆ,ಗುಡಿ,ಪುರಾವೆಗಳಿವಗಗುಡಿ,medium
ವೀರಭಾವ,ಇತ್ತೆಂಬುದು,ವೀರಭಾವೇತ್ತೆಂಬುದು,medium
ಒಗ್ಗೂಡಿಸಿದ,ಉಪಯೋಗಿಸಲಾಗಿರುವ,ಒಗ್ಗೂಡಿಸಿದೋಪಯೋಗಿಸಲಾಗಿರುವ,medium
ಬೆಳೆಯಲು,ಉಗಮಕ್ಕಾಗಿ,ಬೆಳೆಯಲೂಗಮಕ್ಕಾಗಿ,medium
ಕೊನೆಗೆ,ಅವರೊಂದಿಗೆ,ಕೊನೆಗೆಯವರೊಂದಿಗೆ,medium
ವರುಷಗಳ,ಆನೆಗುಂಡಿಯನ್ನು,ವರುಷಗಳಾನೆಗುಂಡಿಯನ್ನು,medium
ಕಾಯಕಗಳ,ಆರಂಭಿಕ,ಕಾಯಕಗಳಾರಂಭಿಕ,medium
ಮುಖ್ಯ,ಆರಂಭಿಸಲ್ಪಟ್ಟಿರುವ,ಮುಖ್ಯಾರಂಭಿಸಲ್ಪಟ್ಟಿರುವ,medium
ವೇಣುಗೋಪಾಲ,ಆಕ್ಟರ್,ವೇಣುಗೋಪಾಲಾಕ್ಟರ್,medium
ಅಧಿಕ,ಉಪನದಿಗಳಲ್ಲಿ,ಅಧಿಕೋಪನದಿಗಳಲ್ಲಿ,medium
ಜಲಾಶಯ,ಉಂಟು,ಜಲಾಶಯೋಂಟು,medium
ಪುರುಷರಿಗೆ,ಅವುಗಳಲ್ಲಿ,ಪುರುಷರಿಗೆಯವುಗಳಲ್ಲಿ,medium
ಹಬ್ಬ,ಉಷ್ಣವಲಯದ,ಹಬ್ಬೋಷ್ಣವಲಯದ,medium
ಕೆತ್ತಲಾದ,ಆಲ್ಬಂ,ಕೆತ್ತಲಾದಾಲ್ಬಂ,medium
ಸ೦ಗೀತ,ಉಪನದಿಗಳಲ್ಲಿ,ಸ೦ಗೀತೋಪನದಿಗಳಲ್ಲಿ,medium
ಯಕ್ಷಗಾನದ,ಆಪ್,ಯಕ್ಷಗಾನದಾಪ್,medium
ಪ್ರಕಾರವಿಲ್ಲ,ಇಷ್ಟೊಂದು,ಪ್ರಕಾರವಿಲ್ಲೇಷ್ಟೊಂದು,medium
ಅಕ್ಕ,ಆಕ್ಟರ್,ಅಕ್ಕಾಕ್ಟರ್,medium
ಹೆಸರುವಾಸಿಯಾಗಿದೆ,ಅವರನ್ನು,ಹೆಸರುವಾಸಿಯಾಗಿದೆಯವರನ್ನು,medium
ಲೇಖಕನು,ಉಗಮಗೊಂಡವು,ಲೇಖಕನೂಗಮಗೊಂಡವು,medium
ಉಚ್ಚರಿಸಬಹುದಾದ,ಇಂಥ,ಉಚ್ಚರಿಸಬಹುದಾದೇಂಥ,medium
ಕರ್ನಾಟಕದಲ್ಲಿರುವ,ಆಪ್,ಕರ್ನಾಟಕದಲ್ಲಿರುವಾಪ್,medium
ರಚನೆಗೊಂಡ,ಆದಿಲ್,ರಚನೆಗೊಂಡಾದಿಲ್,medium
ಶಿಲುಬೆಗೇರಿಸಿದ,ಉಪಖಂಡದ,ಶಿಲುಬೆಗೇರಿಸಿದೋಪಖಂಡದ,medium
ತೋಟಿಮನೆ,ಅಂಬಾವಿಲಾಸ,ತೋಟಿಮನೆಯಂಬಾವಿಲಾಸ,medium
ಆಯುರ್ವೇದ,ಇವು,ಆಯುರ್ವೇದೇವು,medium
ಅಮೃತತ್ವದ,ಆಂಗ್ಲೋ,ಅಮೃತತ್ವದಾಂಗ್ಲೋ,medium
ಕಂಪನಿಯೊಂದಿಗೆ,ಅಕ್ಷಾಂಶದಲ್ಲಿದ್ದರೂ,ಕಂಪನಿಯೊಂದಿಗೆಯಕ್ಷಾಂಶದಲ್ಲಿದ್ದರೂ,medium
ರಾಮಕೃಷ್ಣ,ಉದಾರೀಕರಣ,ರಾಮಕೃಷ್ಣೋದಾರೀಕರಣ,medium
ವಿಶ್ವವಿಖ್ಯಾತ,ಆತ್ಮಸ್ಥೈರ್ಯ,ವಿಶ್ವವಿಖ್ಯಾತಾತ್ಮಸ್ಥೈರ್ಯ,medium
ಲಿಮಿಟೆಡ್,ಗೋಪಾಲಕೃಷ್ಣ,ಲಿಮಿಟೆಡಗಗೋಪಾಲಕೃಷ್ಣ,medium
ಶಬ್ದವು,ಉಮೆಯ,ಶಬ್ದವೂಮೆಯ,medium
ಇಂಜಿನಿಯರಿಂಗ್,ಗಣಿತರ್ಗೆ,ಇಂಜಿನಿಯರಿಂಗಗಗಣಿತರ್ಗೆ,medium
ತಮಿಳುನಾಡಿಗೆ,ಅಗಲದ,ತಮಿಳುನಾಡಿಗೆಯಗಲದ,medium
ಮಾತನಾಡುವ,ಆದರೂ,ಮಾತನಾಡುವಾದರೂ,medium
ಪರಂಪರೆಗಳಾದ,ಆಳ್ವಿಕೆಯಲ್ಲಿ,ಪರಂಪರೆಗಳಾದಾಳ್ವಿಕೆಯಲ್ಲಿ,medium
ವಿಶ್ವೆಸ್ವರಯ್ಯ,ಆದಿಶಕ್ತಿಯಾಗಿ,ವಿಶ್ವೆಸ್ವರಯ್ಯಾದಿಶಕ್ತಿಯಾಗಿ,medium
ರಕ್ಕಸರಿಗೆ,ಅವುಗಳನ್ನು,ರಕ್ಕಸರಿಗೆಯವುಗಳನ್ನು,medium
ವಿಜಾತೀಯ,ಇತಿಹಾಸ,ವಿಜಾತೀಯೇತಿಹಾಸ,medium
ಪರಿಸರ,ಉಪಾಧ್ಯಾಯ,ಪರಿಸರೋಪಾಧ್ಯಾಯ,medium
೩೦,ಇಂಬುಕೊಟ್ಟಿದೆ,೩೦ೇಂಬುಕೊಟ್ಟಿದೆ,medium
ಕಾಲೇಜುಗಳು,ಉತ್ತಮ,ಕಾಲೇಜುಗಳೂತ್ತಮ,medium
ಸಮಾನಾಂತರ,ಉಪಭಾಷೆಗಳೆಂದು,ಸಮಾನಾಂತರೋಪಭಾಷೆಗಳೆಂದು,medium
ಪಶ್ಚಿಮಕ್ಕೆ,ಅನಿಸುವುದಿಲ್ಲ,ಪಶ್ಚಿಮಕ್ಕೆಯನಿಸುವುದಿಲ್ಲ,medium
ವಿಕೇಂದ್ರಿಕರಣ,ಉದ್ಯಾನ,ವಿಕೇಂದ್ರಿಕರಣೋದ್ಯಾನ,medium
ಸಹಸ್ರಮಾನದ,ಇಟಗಿಯ,ಸಹಸ್ರಮಾನದೇಟಗಿಯ,medium
ಶಿವರಾತ್ರಿಯಾದ,ಇಟಗಿ,ಶಿವರಾತ್ರಿಯಾದೇಟಗಿ,medium
ಮೂಡಲಪಾಳ್ಯದ,ಉಲ್ಲೇಖಿಸುತ್ತವೆ,ಮೂಡಲಪಾಳ್ಯದೋಲ್ಲೇಖಿಸುತ್ತವೆ,medium
ಆಹ್ಲಾದಕರ,ಇತಿಹಾಸದಲ್ಲಿ,ಆಹ್ಲಾದಕರೇತಿಹಾಸದಲ್ಲಿ,medium
ಪ್ರಕಟಿಸಿತು,ಉದ್ದ,ಪ್ರಕಟಿಸಿತೂದ್ದ,medium
ಉದ್ಯಾನ,ಇದನ್ನು,ಉದ್ಯಾನೇದನ್ನು,medium
ಸೀತೆ,ಅಡಿಯ,ಸೀತೆಯಡಿಯ,medium
ನೋಡು,ಉದಾಯವಾಯಿತು,ನೋಡೂದಾಯವಾಯಿತು,medium
ಭಕ್ತವೃಂದಕ್ಕೆ,ಅನಾವರಣಗೊಳಿಸುತ್ತವೆ,ಭಕ್ತವೃಂದಕ್ಕೆಯನಾವರಣಗೊಳಿಸುತ್ತವೆ,medium
ಹೊನ್ನಪ್ಪ,ಆಂಗ್ಲ,ಹೊನ್ನಪ್ಪಾಂಗ್ಲ,medium
ನಾಟಕಕಾರ,ಆಧಾರವಾಗಿದೆ,ನಾಟಕಕಾರಾಧಾರವಾಗಿದೆ,medium
ಪೋಷಕ,ಆರಂಭಿಸಿದರು,ಪೋಷಕಾರಂಭಿಸಿದರು,medium
ಸಲ್ಲಿಸಿದರು,ಉಪಭಾಷೆಗಳನ್ನೊಳಗೊಂಡ,ಸಲ್ಲಿಸಿದರೂಪಭಾಷೆಗಳನ್ನೊಳಗೊಂಡ,medium
ಭಟ್ಟ,ಆರಿಸಿಕೊಂಡ,ಭಟ್ಟಾರಿಸಿಕೊಂಡ,medium
ಸೈನಿಕರು,ಉರಿಲಿಂಗಪೆದ್ದಿಗಳರಸನಲ್ಲಿ,ಸೈನಿಕರೂರಿಲಿಂಗಪೆದ್ದಿಗಳರಸನಲ್ಲಿ,medium
ವಾಸಿಸುತಿದ್ದಳು,ಉಪಕುಲಪತಿಗಳಾದರು,ವಾಸಿಸುತಿದ್ದಳೂಪಕುಲಪತಿಗಳಾದರು,medium
ಇಂಥ,ಉತ್ತಮವಾದ,ಇಂಥೋತ್ತಮವಾದ,medium
ಗಣೇಶನೆಂಬ,ಉಪಭಾಷೆಗಳನ್ನೊಳಗೊಂಡ,ಗಣೇಶನೆಂಬೋಪಭಾಷೆಗಳನ್ನೊಳಗೊಂಡ,medium
ಸುಧೀಂದ್ರ,ಆಯುರ್ವೇದ,ಸುಧೀಂದ್ರಾಯುರ್ವೇದ,medium
ವಿವರಿಸಿದ,ಉಪಯೋಗಿಸಲ್ಪಡುವ,ವಿವರಿಸಿದೋಪಯೋಗಿಸಲ್ಪಡುವ,medium
ಕಲಿಗಳು,ಉಪಯೋಗಿಸಲ್ಪಡುತ್ತಿದ್ದ,ಕಲಿಗಳೂಪಯೋಗಿಸಲ್ಪಡುತ್ತಿದ್ದ,medium
ಪ್ರತ್ಯಯ,ಆಗ್ನೇಯ,ಪ್ರತ್ಯಯಾಗ್ನೇಯ,medium
೨೦,ಆಟ,೨೦ಾಟ,medium
ದೂರದರ್ಶನದ,ಆಳಿದ್ದು,ದೂರದರ್ಶನದಾಳಿದ್ದು,medium
ಅಂತರರಾಷ್ಟ್ರೀಯ,ಆಗಿನ,ಅಂತರರಾಷ್ಟ್ರೀಯಾಗಿನ,medium
ಗೌಡ,ಆರಂಭಗೊಂಡಿತು,ಗೌಡಾರಂಭಗೊಂಡಿತು,medium
ಕೂಡ,ಇಸ್ಲಾಮಿಕ್,ಕೂಡೇಸ್ಲಾಮಿಕ್,medium
ಆಪ್,ಗೆದ್ದ,ಆಪಗಗೆದ್ದ,medium
ಸ್ಥಾಪಕ,ಆಡಳಿತಕ್ಕೊಳಪಟ್ಟಿತು,ಸ್ಥಾಪಕಾಡಳಿತಕ್ಕೊಳಪಟ್ಟಿತು,medium
ನಿರ್ದೇಶಕರ,ಉನ್ನತಗೊಳಿಸುತ್ತಿದೆ,ನಿರ್ದೇಶಕರೋನ್ನತಗೊಳಿಸುತ್ತಿದೆ,medium
ನಗರದ,ಆಯೋಗದಿಂದ,ನಗರದಾಯೋಗದಿಂದ,medium
ಗಳಿಗಿಂತ,ಉಲ್ಲೇಖನ,ಗಳಿಗಿಂತೋಲ್ಲೇಖನ,medium
ಹಿರಿಯ,ಇನ್ನೆರಡು,ಹಿರಿಯೇನ್ನೆರಡು,medium
ಪ್ರವೇಶವು,ಉಂಟಾಗಿತ್ತು,ಪ್ರವೇಶವೂಂಟಾಗಿತ್ತು,medium
ತತ್ತ್ವ,ಇದೆ,ತತ್ತ್ವೇದೆ,medium
ವಿಶ್ವೇಶ್ವರಯ್ಯನವರ,ಆಕ್ರಮಣಗೊಂಡು,ವಿಶ್ವೇಶ್ವರಯ್ಯನವರಾಕ್ರಮಣಗೊಂಡು,medium
ಬಸವಣ್ಣನವರ,ಇಲ್ಲಿಯೇ,ಬಸವಣ್ಣನವರೇಲ್ಲಿಯೇ,medium
ತ್ರಿಪುರಾಂಬ,ಆಯೋಜಿಸುವ,ತ್ರಿಪುರಾಂಬಾಯೋಜಿಸುವ,medium
ಧಾರವಾಡ,ಆಗಸ್ಟ್,ಧಾರವಾಡಾಗಸ್ಟ್,medium
ಹೆಚ್ಚಳ,ಇಟಲಿಯ,ಹೆಚ್ಚಳೇಟಲಿಯ,medium
ಕಾವ್ಯಮೀಮಾಂಸೆ,ಅಕ್ಷಾಂಶದಲ್ಲಿದ್ದರೂ,ಕಾವ್ಯಮೀಮಾಂಸೆಯಕ್ಷಾಂಶದಲ್ಲಿದ್ದರೂ,medium
ಒಕ್ಕುದ,ಉಗಮಿಸುವ,ಒಕ್ಕುದೋಗಮಿಸುವ,medium
ಪಟ್ಟಣ,ಉಪಭಾಷೆಗಳೆಂದು,ಪಟ್ಟಣೋಪಭಾಷೆಗಳೆಂದು,medium
ಬ್ರಿಟೀಷರ,ಆಕರ್ಷಣೀಯ,ಬ್ರಿಟೀಷರಾಕರ್ಷಣೀಯ,medium
ವ್ಯಾಪಾರಿಗಳು,ಉದ್ಯಾನವನಗಳನ್ನು,ವ್ಯಾಪಾರಿಗಳೂದ್ಯಾನವನಗಳನ್ನು,medium
ಸೀತೆ,ಅಂತ್ಯ,ಸೀತೆಯಂತ್ಯ,medium
ವಿಸ್ತೀರ್ಣ,ಇವರಲ್ಲಿ,ವಿಸ್ತೀರ್ಣೇವರಲ್ಲಿ,medium
ಹೊಟ್ಟೆಗೆ,ಅಸ್ಸಾಮಿ,ಹೊಟ್ಟೆಗೆಯಸ್ಸಾಮಿ,medium
ಕಾವ್ಯಾಲಂಕಾರ,ಆಡಳಿತಕ್ಕೊಪ್ಪಿಸಿದರು,ಕಾವ್ಯಾಲಂಕಾರಾಡಳಿತಕ್ಕೊಪ್ಪಿಸಿದರು,medium
ಚಂಡ,ಉಲ್ಲೇಖಿಸುತ್ತವೆ,ಚಂಡೋಲ್ಲೇಖಿಸುತ್ತವೆ,medium
ಕೆಂಪೇಗೌಡ,ಇರಲಿಲ್ಲ,ಕೆಂಪೇಗೌಡೇರಲಿಲ್ಲ,medium
ಮುಖಾಂತರ,ಆಯಾಮಗಳನ್ನು,ಮುಖಾಂತರಾಯಾಮಗಳನ್ನು,medium
ಜನಸಂಖ್ಯೆಯ,ಆಶ್ರಯ,ಜನಸಂಖ್ಯೆಯಾಶ್ರಯ,medium
ಇರಿಸಲಾಗಿದೆ,ಅನುಕೂಲ,ಇರಿಸಲಾಗಿದೆಯನುಕೂಲ,medium
ಪ್ರಜ್ಞೆಗಳೆರಡರ,ಆಧಿಪತ್ಯದಲ್ಲೇ,ಪ್ರಜ್ಞೆಗಳೆರಡರಾಧಿಪತ್ಯದಲ್ಲೇ,medium
ಶಬ್ದಾಗಮ,ಇಂಗ್ಲೀಷಿನಂಥ,ಶಬ್ದಾಗಮೇಂಗ್ಲೀಷಿನಂಥ,medium
ಸರ್ಕಾರದ,ಇಂದಿನ,ಸರ್ಕಾರದೇಂದಿನ,medium
ಪ್ರದೇಶದಿಂದ,ಆವರಣದಲ್ಲಿ,ಪ್ರದೇಶದಿಂದಾವರಣದಲ್ಲಿ,medium
ಎಂದಿದ್ದಾರೆ,ಅತಿ,ಎಂದಿದ್ದಾರೆಯತಿ,medium
ಮೂರನೆಯ,ಆಸೆಯೆಂಬುದು,ಮೂರನೆಯಾಸೆಯೆಂಬುದು,medium
ಗೋಡೆಗಳ,ಆಕಾಶವಾಣಿ,ಗೋಡೆಗಳಾಕಾಶವಾಣಿ,medium
ಭಕ್ತಾದಿಗಳಿಗೆ,ಅದ್ಭುತ,ಭಕ್ತಾದಿಗಳಿಗೆಯದ್ಭುತ,medium
ದರ್ಶನದ,ಉಪನದಿಗಳಲ್ಲಿ,ದರ್ಶನದೋಪನದಿಗಳಲ್ಲಿ,medium
ವಿಮುಖರಾಗಿಲ್ಲ,ಇತರ,ವಿಮುಖರಾಗಿಲ್ಲೇತರ,medium
ಬಹುಮುಖಿಯ,ಇನ್ಸ್ತ್ರುಮೆನ್ತ್ಸ್,ಬಹುಮುಖಿಯೇನ್ಸ್ತ್ರುಮೆನ್ತ್ಸ್,medium
೯೧೪,ಆಗಮಿಸಿ,೯೧೪ಾಗಮಿಸಿ,medium
ಸ್ಕುವೆರ್,ಗಳಿಂದ,ಸ್ಕುವೆರಗಗಳಿಂದ,medium
ಯಾಗಿದೆ,ಗಣೇಶ್,ಯಾಗಿದಗಗಣೇಶ್,medium
ಧಾರ್ಮಿಕ,ಉತ್ತರಕ್ಕೆ,ಧಾರ್ಮಿಕೋತ್ತರಕ್ಕೆ,medium
ಹೆಗಡೆ,ಅಗಾಧ,ಹೆಗಡೆಯಗಾಧ,medium
ಬೇಡರ,ಇದೊಂದು,ಬೇಡರೇದೊಂದು,medium
ಸೂಚಿಸುತ್ತದೆ,ಗುರಿ,ಸೂಚಿಸುತ್ತದಗಗುರಿ,medium
ನಟಿಸಿದ್ದಾರೆ,ಗಮನಾರ್ಹ,ನಟಿಸಿದ್ದಾರಗಗಮನಾರ್ಹ,medium
ಬಳಸುವ,ಉಮೆಯ,ಬಳಸುವೋಮೆಯ,medium
ಸೈನಿಕರು,ಉಡುಗೆ,ಸೈನಿಕರೂಡುಗೆ,medium
ಡ್ರಾಮಾ,ಆಸರೆಯೂ,ಡ್ರಾಮಾಸರೆಯೂ,medium
ಕಟ್ಟಿಗೆಯ,ಇತಿಹಾಸದ,ಕಟ್ಟಿಗೆಯೇತಿಹಾಸದ,medium
ರೇಡಿಯೋಗೆ,ಗೋಚರಿಸುತ್ತವೆ,ರೇಡಿಯೋಗಗಗೋಚರಿಸುತ್ತವೆ,medium
೩೩೪,ಇಂಡೊ,೩೩೪ೇಂಡೊ,medium
ಜಿಲ್ಲೆಗಳ,ಉಗ್ರ,ಜಿಲ್ಲೆಗಳೋಗ್ರ,medium
ಒಮ್ಮೆ,ಗಂಡು,ಒಮ್ಮಗಗಂಡು,medium
ರಾಜ್ಯದಲ್ಲಿರುವ,ಇಸ್ಲಾಂ,ರಾಜ್ಯದಲ್ಲಿರುವೇಸ್ಲಾಂ,medium
ನಾಯಕರ,ಉಡುಗೊರೆ,ನಾಯಕರೋಡುಗೊರೆ,medium
ತಿಳಿಸುತ್ತದೆ,ಅನಾವರಣಗೊಳಿಸುತ್ತವೆ,ತಿಳಿಸುತ್ತದೆಯನಾವರಣಗೊಳಿಸುತ್ತವೆ,medium
ವೊದಲಾದ,ಉದಾಯವಾಯಿತು,ವೊದಲಾದೋದಾಯವಾಯಿತು,medium
ಗಳೊಂದಿಗೆ,ಅಂಶವನ್ನು,ಗಳೊಂದಿಗೆಯಂಶವನ್ನು,medium
ಬರಹ,ಇಂದೆ,ಬರಹೇಂದೆ,medium
ಬೀಡಾಗಿರುವ,ಇರುವುದರಿಂದಲೇ,ಬೀಡಾಗಿರುವೇರುವುದರಿಂದಲೇ,medium
ತಲೆಮಾರಿನ,ಆಚಾರ,ತಲೆಮಾರಿನಾಚಾರ,medium
ಪಾಕಿಸ್ತಾನ,ಇಲ್ಲಿವೆ,ಪಾಕಿಸ್ತಾನೇಲ್ಲಿವೆ,medium
ಹೇಮಕೂಟ,ಉಬ್ಬಿರುವ,ಹೇಮಕೂಟೋಬ್ಬಿರುವ,medium
ಮುದ್ರಣ,ಆಗ್ನೇಯ,ಮುದ್ರಣಾಗ್ನೇಯ,medium
ಯೊಂದಿಗೆ,ಅಳಕೆ,ಯೊಂದಿಗೆಯಳಕೆ,medium
ಮಾಡಲಾಗುತ್ತದೆ,ಗಟ್ಟಿಯಾಗಿ,ಮಾಡಲಾಗುತ್ತದಗಗಟ್ಟಿಯಾಗಿ,medium
ವಿಗ್ರಹ,ಆದಿಶಕ್ತಿಯಾಗಿ,ವಿಗ್ರಹಾದಿಶಕ್ತಿಯಾಗಿ,medium
ಹಿತಕಾರ್ಯದಿಂದ,ಇಂಗ್ಲೀಷಿನಂಥ,ಹಿತಕಾರ್ಯದಿಂದೇಂಗ್ಲೀಷಿನಂಥ,medium
ತೊಡುಗೆ,ಗಳಂತಹ,ತೊಡುಗಗಗಳಂತಹ,medium
ಕೊರಳ,ಆವೃತವಾಗಿರುತ್ತದೆ,ಕೊರಳಾವೃತವಾಗಿರುತ್ತದೆ,medium
ಸರ್ಜಾ,ಆದರ್ಶಪ್ರಿಯತೆ,ಸರ್ಜಾದರ್ಶಪ್ರಿಯತೆ,medium
ಯುಗ,ಇರುವುದನ್ನು,ಯುಗೇರುವುದನ್ನು,medium
ಆಸಕ್ತಿಯುಳ್ಳ,ಇದೇ,ಆಸಕ್ತಿಯುಳ್ಳೇದೇ,medium
ಸೋಮನಾಥರ,ಆದ್ದರಿಂದ,ಸೋಮನಾಥರಾದ್ದರಿಂದ,medium
ಹೊಸಗನ್ನಡ,ಆರು,ಹೊಸಗನ್ನಡಾರು,medium
ಚಿತ್ರರಂಗದ,ಆನಂದೇಶ್ವರ,ಚಿತ್ರರಂಗದಾನಂದೇಶ್ವರ,medium
ಪೂರ್ವಾಕ್ಕೆ,ಅವರದು,ಪೂರ್ವಾಕ್ಕೆಯವರದು,medium
೧೯೧೮ರವರೆಗೆ,ಅಪ್ರತಿಷ್ಠಿತ,೧೯೧೮ರವರೆಗೆಯಪ್ರತಿಷ್ಠಿತ,medium
ಇಂದೆ,ಅಲ್ಲ,ಇಂದೆಯಲ್ಲ,medium
ರಚನೆಗೊಂಡ,ಆಸೆಯೆಂಬುದು,ರಚನೆಗೊಂಡಾಸೆಯೆಂಬುದು,medium
ಸಂಬಂಧಿಸಿದಂತೆ,ಅತಿಶಯ,ಸಂಬಂಧಿಸಿದಂತೆಯತಿಶಯ,medium
ಸಂಬಂಧಿಸಿದ,ಉತ್ತರಕ್ಕೆ,ಸಂಬಂಧಿಸಿದೋತ್ತರಕ್ಕೆ,medium
ನಟ,ಉತ್ಪನ್ನಗಳು,ನಟೋತ್ಪನ್ನಗಳು,medium
೧೬ನೆಯ,ಆಕರ್ಷಿಸಿದೆ,೧೬ನೆಯಾಕರ್ಷಿಸಿದೆ,medium
ನವಿರೇಳಿಸುವ,ಆಮಂತ್ರಣ,ನವಿರೇಳಿಸುವಾಮಂತ್ರಣ,medium
ಉಪಾದಿಗಳು,ಉಗಮಗೊಂಡದ್ದು,ಉಪಾದಿಗಳೂಗಮಗೊಂಡದ್ದು,medium
ಚಪ್ಪಾಳೆ,ಗ್ರಾನೈಟ್,ಚಪ್ಪಾಳಗಗ್ರಾನೈಟ್,medium
ಸುಲೋಚನಾ,ಉದಾರೀಕರಣ,ಸುಲೋಚನೋದಾರೀಕರಣ,medium
ಚಟುವಟಿಕೆ,ಅನೆ,ಚಟುವಟಿಕೆಯನೆ,medium
ಕ್ರಿಸ್ತ,ಆಕೆಗೆ,ಕ್ರಿಸ್ತಾಕೆಗೆ,medium
ಹನುಮಂತನ,ಉದ್ದಕ್ಕೂ,ಹನುಮಂತನೋದ್ದಕ್ಕೂ,medium
ಪ್ರವಾಸಿಗರಿಗೆ,ಗರಿಷ್ಠ,ಪ್ರವಾಸಿಗರಿಗಗಗರಿಷ್ಠ,medium
ಅವರ್ಗೀಯ,ಆಳ್ವಿಕೆಯಲ್ಲಿ,ಅವರ್ಗೀಯಾಳ್ವಿಕೆಯಲ್ಲಿ,medium
ಪ್ರತ್ಯಯ,ಆವೃತವಾಗಿದೆ,ಪ್ರತ್ಯಯಾವೃತವಾಗಿದೆ,medium
ಹೋಲುತ್ತದೆ,ಗೇಮ್ಸ್,ಹೋಲುತ್ತದಗಗೇಮ್ಸ್,medium
ವಿಧಾನಗಳಿವೆ,ಅಗ್ನಿ,ವಿಧಾನಗಳಿವೆಯಗ್ನಿ,medium
ಇಲ್ಲಿಗೆ,ಗಳಲ್ಲಿ,ಇಲ್ಲಿಗಗಗಳಲ್ಲಿ,medium
ಕೆತ್ತಲಾಗಿದೆ,ಗ್ಯಾಂಗ್,ಕೆತ್ತಲಾಗಿದಗಗ್ಯಾಂಗ್,medium
ದಶಲಕ್ಷ,ಆದರು,ದಶಲಕ್ಷಾದರು,medium
ರೂಢಿಯಾಗಿದ್ದಂತೆ,ಅಮರೇಶ್ವರ,ರೂಢಿಯಾಗಿದ್ದಂತೆಯಮರೇಶ್ವರ,medium
ಧರ್ಮಗಳಾದ,ಆಗ,ಧರ್ಮಗಳಾದಾಗ,medium
ಸುಬ್ಬಯ್ಯ,ಆಯುರ್ವೇದ,ಸುಬ್ಬಯ್ಯಾಯುರ್ವೇದ,medium
ಜನಪ್ರಿಯವಾದ,ಇನ್ನೆರಡು,ಜನಪ್ರಿಯವಾದೇನ್ನೆರಡು,medium
ತತ್ವಶಾಸ್ತ್ರ,ಇದ್ದರೆಂದು,ತತ್ವಶಾಸ್ತ್ರೇದ್ದರೆಂದು,medium
ದಾಖಲಿಸಿದೆ,ಗೋಲ್,ದಾಖಲಿಸಿದಗಗೋಲ್,medium
ನಾಗಮಂಡಲದ,ಆಹ್ಲಾದಕರ,ನಾಗಮಂಡಲದಾಹ್ಲಾದಕರ,medium
ವಿಶಾಲವಾದ,ಆಚಾರ,ವಿಶಾಲವಾದಾಚಾರ,medium
ಆದುದರಿಂದ,ಉಂಟಾಗಿತ್ತು,ಆದುದರಿಂದೋಂಟಾಗಿತ್ತು,medium
ಕಪ್ಪೆ,ಅಂಜನಾದ್ರಿ,ಕಪ್ಪೆಯಂಜನಾದ್ರಿ,medium
ಭೂತಾನ,ಆತ್ಮಸಾಕ್ಷಾತ್ಕಾರವೇ,ಭೂತಾನಾತ್ಮಸಾಕ್ಷಾತ್ಕಾರವೇ,medium
ಅಂತಸ್ತುಗಳಿವೆ,ಅಕ್ಷರಶಃ,ಅಂತಸ್ತುಗಳಿವೆಯಕ್ಷರಶಃ,medium
ಬಾಂಗ್ಲಾದೇಶ,ಇವತ್ತಿಗೂ,ಬಾಂಗ್ಲಾದೇಶೇವತ್ತಿಗೂ,medium
ನೆಲೆಸಿದ್ದಾರೆ,ಅನುಕೂಲ,ನೆಲೆಸಿದ್ದಾರೆಯನುಕೂಲ,medium
ನೈತಿಕ,ಇನ್ನೊಂದು,ನೈತಿಕೇನ್ನೊಂದು,medium
ಉಪಯೋಗಿಸಲಾಗುತ್ತಿಲ್ಲ,ಉಗಮವಾಯಿತು,ಉಪಯೋಗಿಸಲಾಗುತ್ತಿಲ್ಲೋಗಮವಾಯಿತು,medium
ಶಿಕ್ಷಣದ,ಇಟಗಿ,ಶಿಕ್ಷಣದೇಟಗಿ,medium
ಚಂದನ,ಇಡಲಾಯಿತು,ಚಂದನೇಡಲಾಯಿತು,medium
ಯಾವುದೆ,ಗನ್ನಡ,ಯಾವುದಗಗನ್ನಡ,medium
ಸ್ಥಾಪಿಸಿದರು,ಉಲ್ಲೇಖಿಸಲಾಗುತ್ತದೆ,ಸ್ಥಾಪಿಸಿದರೂಲ್ಲೇಖಿಸಲಾಗುತ್ತದೆ,medium
ಮಾತ್ರ,ಉಪಭಾಷೆಗಳೆಂದು,ಮಾತ್ರೋಪಭಾಷೆಗಳೆಂದು,medium
ವರ್ಗ,ಉದಾ,ವರ್ಗೋದಾ,medium
ಮುಂದೆ,ಅವಕಾಶಗಳು,ಮುಂದೆಯವಕಾಶಗಳು,medium
ಪೂಜೆ,ಅವರೊಬ್ಬ,ಪೂಜೆಯವರೊಬ್ಬ,medium
ಮಗಳಾದ,ಉಪಭಾಷೆಗಳಾದ,ಮಗಳಾದೋಪಭಾಷೆಗಳಾದ,medium
ರಾಜ್ಯಗಳಿಂದ,ಆಭರಣಗಳಿಂದ,ರಾಜ್ಯಗಳಿಂದಾಭರಣಗಳಿಂದ,medium
ಕಾಲುವೆಯ,ಆಸಕ್ತ,ಕಾಲುವೆಯಾಸಕ್ತ,medium
೨೨,ಆಗ್ನೇಯದಲ್ಲಿ,೨೨ಾಗ್ನೇಯದಲ್ಲಿ,medium
ಕಡೆಯಿಂದ,ಉನ್ನತಗೊಳಿಸುತ್ತಿದೆ,ಕಡೆಯಿಂದೋನ್ನತಗೊಳಿಸುತ್ತಿದೆ,medium
೧೯೭೫,ಆನೆಗಳು,೧೯೭೫ಾನೆಗಳು,medium
ಚಲನ,ಇಷ್ಟೊಂದು,ಚಲನೇಷ್ಟೊಂದು,medium
ಭಕ್ತರು,ಉಪಾಧಿಗಳೂ,ಭಕ್ತರೂಪಾಧಿಗಳೂ,medium
ಕಾವ್ಯ,ಇಟ್ಟಿಗೆ,ಕಾವ್ಯೇಟ್ಟಿಗೆ,medium
ನಂಜವದೂತ,ಇವು,ನಂಜವದೂತೇವು,medium
ಮಹಾಭಾಷೆಯಾಗಲು,ಉತ್ತರದಲ್ಲಿ,ಮಹಾಭಾಷೆಯಾಗಲೂತ್ತರದಲ್ಲಿ,medium
ಹೃದಯ,ಆದರಿಸಿತು,ಹೃದಯಾದರಿಸಿತು,medium
ಭವ್ಯ,ಉಳಿದಿದೆ,ಭವ್ಯೋಳಿದಿದೆ,medium
ತೊರೆ,ಗೇಮ್ಸ್,ತೊರಗಗೇಮ್ಸ್,medium
ಸಾಹಿತ್ಯ,ಆಶ್ರಯ,ಸಾಹಿತ್ಯಾಶ್ರಯ,medium
ಹುದುಗಿದಂಕ,ಇಷ್ಟಲಿಂಗ,ಹುದುಗಿದಂಕೇಷ್ಟಲಿಂಗ,medium
ಅನುಭವಿಸುತ್ತ,ಆನೆಗೊಂದಿ,ಅನುಭವಿಸುತ್ತಾನೆಗೊಂದಿ,medium
ಕೋಪ,ಉಗಮಕ್ಕಾಗಿ,ಕೋಪೋಗಮಕ್ಕಾಗಿ,medium
ಐತಿಹಾಸಿಕ,ಆಸ್ಟ್ರೇಲಿಯಾದಲ್ಲಿ,ಐತಿಹಾಸಿಕಾಸ್ಟ್ರೇಲಿಯಾದಲ್ಲಿ,medium
ತೀರದಲ್ಲಿದೆ,ಗುಬ್ಬಿ,ತೀರದಲ್ಲಿದಗಗುಬ್ಬಿ,medium
ಪದಬಂಧ,ಉಪನದಿಗಳಿವೆ,ಪದಬಂಧೋಪನದಿಗಳಿವೆ,medium
ತೀರದಲ್ಲಿದೆ,ಅರ್ಥರ್,ತೀರದಲ್ಲಿದೆಯರ್ಥರ್,medium
ಭಾಗಗಳು,ಉಪಾಧಿಗಳೂ,ಭಾಗಗಳೂಪಾಧಿಗಳೂ,medium
ನಗರದ,ಆದಿಲ್,ನಗರದಾದಿಲ್,medium
ಮಾರಯ್ಯಪ್ರಿಯ,ಉದ್ಯಾನ,ಮಾರಯ್ಯಪ್ರಿಯೋದ್ಯಾನ,medium
ರೈಲ್ವೆ,ಅರ್ಥಕ್ಕೆ,ರೈಲ್ವೆಯರ್ಥಕ್ಕೆ,medium
ಸಿರಾ,ಆಮಂತ್ರಣ,ಸಿರಾಮಂತ್ರಣ,medium
ಯಕ್ಷಗಾನ,ಇಂದೆ,ಯಕ್ಷಗಾನೇಂದೆ,medium
ಜನಾಂಗದವನೊಬ್ಬ,ಇಲ್ಲೇ,ಜನಾಂಗದವನೊಬ್ಬೇಲ್ಲೇ,medium
ಕಲಾಕ್ಷೇತ್ರಗಳಂತಹ,ಉರಿಲಿಂಗಪೆದ್ದಿಗಳರಸನಲ್ಲಿ,ಕಲಾಕ್ಷೇತ್ರಗಳಂತಹೋರಿಲಿಂಗಪೆದ್ದಿಗಳರಸನಲ್ಲಿ,medium
೧೭೯೯,ಆಯ್ಕೆಗಳಿದ್ದು,೧೭೯೯ಾಯ್ಕೆಗಳಿದ್ದು,medium
ಕಂಡುಬರುತ್ತದೆ,ಅಣೆಕಟ್ಟೆಯಿಂದ,ಕಂಡುಬರುತ್ತದೆಯಣೆಕಟ್ಟೆಯಿಂದ,medium
ಪಲ್ಲವ,ಆಸಕ್ತಿ,ಪಲ್ಲವಾಸಕ್ತಿ,medium
ಸ್ಟುಡಿಯೋಸ್,ಗಾದ್ರಣಿಗ,ಸ್ಟುಡಿಯೋಸಗಗಾದ್ರಣಿಗ,medium
ಅಚ್ಚುಮೆಚ್ಚಿನ,ಆದರೂ,ಅಚ್ಚುಮೆಚ್ಚಿನಾದರೂ,medium
ನಾಯ್ಡು,ಉಪಯೋಗಿಸಿ,ನಾಯ್ಡೂಪಯೋಗಿಸಿ,medium
ಆಧಾರಿತ,ಆಗಿದ್ದಾರೆ,ಆಧಾರಿತಾಗಿದ್ದಾರೆ,medium
ಬರುವ,ಆದರ್ಶಪ್ರಿಯತೆ,ಬರುವಾದರ್ಶಪ್ರಿಯತೆ,medium
ಗೆಲ್ಲುತ್ತಾನೆ,ಅಸ್ತಿತ್ವದಲ್ಲಿದ್ದ,ಗೆಲ್ಲುತ್ತಾನೆಯಸ್ತಿತ್ವದಲ್ಲಿದ್ದ,medium
ಕಛೇರಿಯಾಗಿದೆ,ಅಕ್ಷರಗಳು,ಕಛೇರಿಯಾಗಿದೆಯಕ್ಷರಗಳು,medium
ಬದಿಯ,ಇಂಗ್ಲೆಂಡಿನ,ಬದಿಯೇಂಗ್ಲೆಂಡಿನ,medium
ಕುಶಲ,ಆಲ್ಬಂ,ಕುಶಲಾಲ್ಬಂ,medium
ಭಾಗಗಳು,ಉತ್ಸವವಾಗಿದ್ದು,ಭಾಗಗಳೂತ್ಸವವಾಗಿದ್ದು,medium
ಕೆಂಪೇಗೌಡರ,ಆದಿ,ಕೆಂಪೇಗೌಡರಾದಿ,medium
ಮುಸ್ಲಿಮ್,ಗಳಿಸಿದೆ,ಮುಸ್ಲಿಮಗಗಳಿಸಿದೆ,medium
ಸಂಸ್ಥೆಗಳೆಂದರೆ,ಅಭ್ಯಾಸ,ಸಂಸ್ಥೆಗಳೆಂದರೆಯಭ್ಯಾಸ,medium
ಇವರ,ಆಯುರ್ವೇದ,ಇವರಾಯುರ್ವೇದ,medium
ಶ್ರೀರಾಮಪುರ,ಆನೆಯ,ಶ್ರೀರಾಮಪುರಾನೆಯ,medium
ಎಂದರೆ,ಅಗ್ನಿ,ಎಂದರೆಯಗ್ನಿ,medium
ನಗರಕ್ಕಿಂತ,ಆರಂಭಗೊಂಡಿತು,ನಗರಕ್ಕಿಂತಾರಂಭಗೊಂಡಿತು,medium
ವಿಶ್ವದ,ಆಕರ್ಷಿಸಿತು,ವಿಶ್ವದಾಕರ್ಷಿಸಿತು,medium
ಶಿವರಾತ್ರಿಯಾದ,ಆಂಗ್ಲ,ಶಿವರಾತ್ರಿಯಾದಾಂಗ್ಲ,medium
ಸರ್ವಾಂಗ,ಇರಲಿಲ್ಲ,ಸರ್ವಾಂಗೇರಲಿಲ್ಲ,medium
ರೂಢಿಯಾಗಿದ್ದಂತೆ,ಅಚ್ಚುಮೆಚ್ಚಿನ,ರೂಢಿಯಾಗಿದ್ದಂತೆಯಚ್ಚುಮೆಚ್ಚಿನ,medium
ಟಿಪ್ಪು,ಉಪಭಾಷೆಗಳನ್ನೊಳಗೊಂಡ,ಟಿಪ್ಪೂಪಭಾಷೆಗಳನ್ನೊಳಗೊಂಡ,medium
ಲಕ್ಷ್ಮಣ,ಇಂದುಕಲಾ,ಲಕ್ಷ್ಮಣೇಂದುಕಲಾ,medium
ವಿವರ,ಇವನ್ನೆಲ್ಲ,ವಿವರೇವನ್ನೆಲ್ಲ,medium
ಶಾರದದೇವಿನಗರ,ಇಲ್ಲವೇ,ಶಾರದದೇವಿನಗರೇಲ್ಲವೇ,medium
ಆರಾಧಿಸುವ,ಉಮೇಶ,ಆರಾಧಿಸುವೋಮೇಶ,medium
ಸೌಧ,ಇಲ್ಲೇ,ಸೌಧೇಲ್ಲೇ,medium
ಘೋಷಿಸಿದ,ಉನ್ನತ,ಘೋಷಿಸಿದೋನ್ನತ,medium
ಮನೆ,ಅಂತರರಾಷ್ಟ್ರೀಯ,ಮನೆಯಂತರರಾಷ್ಟ್ರೀಯ,medium
ಮೇರಿಡಿಯನ್,ಗ್ರಂಥವೊಂದನ್ನೂ,ಮೇರಿಡಿಯನಗಗ್ರಂಥವೊಂದನ್ನೂ,medium
ಲದ್ದೆಯ,ಉಪಕರಣಗಳನ್ನು,ಲದ್ದೆಯೋಪಕರಣಗಳನ್ನು,medium
ಬ್ರಿಟಿಷರ,ಇವೆಂದೂ,ಬ್ರಿಟಿಷರೇವೆಂದೂ,medium
ಅದಕ್ಕವಳು,ಉಪಕುಲಪತಿಗಳಾದರು,ಅದಕ್ಕವಳೂಪಕುಲಪತಿಗಳಾದರು,medium
ಬಂದ,ಆಧಿಪತ್ಯದಲ್ಲೇ,ಬಂದಾಧಿಪತ್ಯದಲ್ಲೇ,medium
ಸ್ಥಳಕ್ಕೆ,ಅರಮನೆಗಳು,ಸ್ಥಳಕ್ಕೆಯರಮನೆಗಳು,medium
ರಕ್ಷಣಾ,ಆರ್ಥಿಕ,ರಕ್ಷಣಾರ್ಥಿಕ,medium
ನಿಡ್ಲೆ,ಅದನ್ನವರು,ನಿಡ್ಲೆಯದನ್ನವರು,medium
೮೦೮೦,ಆರಂಭಗೊಂಡಿರಬಹುದೆಂದು,೮೦೮೦ಾರಂಭಗೊಂಡಿರಬಹುದೆಂದು,medium
ವುಡ್,ಗ್ರಾಮ,ವುಡಗಗ್ರಾಮ,medium
ಹಂಚಿಹೋಗಿದ್ದ,ಉನ್ನತ,ಹಂಚಿಹೋಗಿದ್ದೋನ್ನತ,medium
ದೀರ್ಘಾವಧಿಯ,ಆನಂದವನ್ನು,ದೀರ್ಘಾವಧಿಯಾನಂದವನ್ನು,medium
ಚಂದನ,ಆದಾಯ,ಚಂದನಾದಾಯ,medium
ಪ್ರದೇಶದಿಂದ,ಉಡುಪಿ,ಪ್ರದೇಶದಿಂದೋಡುಪಿ,medium
ಯೋಗ್ಯವಾದ,ಆಯೋಗವನ್ನು,ಯೋಗ್ಯವಾದಾಯೋಗವನ್ನು,medium
ಒಳಗೊಂಡಂಥ,ಇದು,ಒಳಗೊಂಡಂಥೇದು,medium
ವಿಜಯ,ಆಸೆಗಳನ್ನು,ವಿಜಯಾಸೆಗಳನ್ನು,medium
ಹೊಂದಿದ,ಆಫ್,ಹೊಂದಿದಾಫ್,medium
ಮಾ,ಆಧರಿಸಿ,ಮಾಧರಿಸಿ,medium
ಅಗಸನಕಟ್ಟೆ,ಅಂಗಳದಲ್ಲಿ,ಅಗಸನಕಟ್ಟೆಯಂಗಳದಲ್ಲಿ,medium
ಪಾಶ್ಚ್ಯಾತ್ಯ,ಇನ್ನೆರಡು,ಪಾಶ್ಚ್ಯಾತ್ಯೇನ್ನೆರಡು,medium
ಇಂಥ,ಇವರಷ್ಟು,ಇಂಥೇವರಷ್ಟು,medium
ಸುಬ್ಬಯ್ಯ,ಆಕರ್ಷಿಸಿದೆ,ಸುಬ್ಬಯ್ಯಾಕರ್ಷಿಸಿದೆ,medium
ಸಮೀಪವೆ,ಗೆದ್ದರು,ಸಮೀಪವಗಗೆದ್ದರು,medium
ದೃಷ್ಟಿಯಿಂದ,ಆಕಾಂಕ್ಷೆ,ದೃಷ್ಟಿಯಿಂದಾಕಾಂಕ್ಷೆ,medium
ಮುಸ್ಲಿಮ್,ಗಳಿಗಿಂತ,ಮುಸ್ಲಿಮಗಗಳಿಗಿಂತ,medium
ಹಿಂದುಗಳಾಗಿದ್ದಾರೆ,ಅನೇಕ,ಹಿಂದುಗಳಾಗಿದ್ದಾರೆಯನೇಕ,medium
ಪ್ರದೇಶದಿಂದ,ಆದೇಶ,ಪ್ರದೇಶದಿಂದಾದೇಶ,medium
ವಾಸ್ತುಶಿಲ್ಪಿಗಳಾದ,ಆರಂಭಿಸಿದರು,ವಾಸ್ತುಶಿಲ್ಪಿಗಳಾದಾರಂಭಿಸಿದರು,medium
ಕುರಿತದ್ದಾಗಿದೆ,ಅಲ್ಲ,ಕುರಿತದ್ದಾಗಿದೆಯಲ್ಲ,medium
ನರಸೀಪುರದಲ್ಲಿರುವ,ಆಕೆಯನ್ನು,ನರಸೀಪುರದಲ್ಲಿರುವಾಕೆಯನ್ನು,medium
ನೈಸರ್ಗಿಕ,ಉರಿಮಸಾನಿ,ನೈಸರ್ಗಿಕೋರಿಮಸಾನಿ,medium
ಭಾರತವನ್ನು,ಉಪಕರಣಗಳನ್ನು,ಭಾರತವನ್ನೂಪಕರಣಗಳನ್ನು,medium
ಜೆನಾನಾ,ಉಗಮವಾಯಿತು,ಜೆನಾನೋಗಮವಾಯಿತು,medium
ಪ್ರದೇಶದಿಂದ,ಉದ್ದಕ್ಕೂ,ಪ್ರದೇಶದಿಂದೋದ್ದಕ್ಕೂ,medium
ಅಧ್ಯಯನಾಂಗ,ಉಪಯೋಗಿಸಲ್ಪಡುತ್ತವೆ,ಅಧ್ಯಯನಾಂಗೋಪಯೋಗಿಸಲ್ಪಡುತ್ತವೆ,medium
ಮತಿತ್ವದ,ಇನ್ನೆರಡು,ಮತಿತ್ವದೇನ್ನೆರಡು,medium
ಕಟ್ಟುವಿಕೆಯ,ಉಂಟಾಗಿತ್ತು,ಕಟ್ಟುವಿಕೆಯೋಂಟಾಗಿತ್ತು,medium
ಸೃಜನಾತ್ಮಕ,ಉಪನದಿಗಳಲ್ಲಿ,ಸೃಜನಾತ್ಮಕೋಪನದಿಗಳಲ್ಲಿ,medium
ಘಟನೆಗಳ,ಉಂಟಾಗಿದ್ದು,ಘಟನೆಗಳೋಂಟಾಗಿದ್ದು,medium
ನೀಡುತ್ತದೆ,ಅಳಕೆ,ನೀಡುತ್ತದೆಯಳಕೆ,medium
ಉಷ್ಣವಲಯದ,ಉದಾಯವಾಯಿತು,ಉಷ್ಣವಲಯದೋದಾಯವಾಯಿತು,medium
ಸೇವಕ,ಆನೆಯ,ಸೇವಕಾನೆಯ,medium
ನಾಡಪ್ರಭು,ಉಲ್ಲೇಖನ,ನಾಡಪ್ರಭೂಲ್ಲೇಖನ,medium
ಒಬ್ಬರಾಗಿದ್ದಾರೆ,ಗೋಡೆಗಳು,ಒಬ್ಬರಾಗಿದ್ದಾರಗಗೋಡೆಗಳು,medium
ಅಮೆರಿಕದ,ಉದಯಕ್ಕೆ,ಅಮೆರಿಕದೋದಯಕ್ಕೆ,medium
ನಗರ,ಉತ್ಸವವಾಗಿದ್ದು,ನಗರೋತ್ಸವವಾಗಿದ್ದು,medium
ಇದರ,ಆಲ್ಬಂ,ಇದರಾಲ್ಬಂ,medium
ಮಾಡಿದ್ದರಲ್ಲದೆ,ಅವರ್ಗೀಯ,ಮಾಡಿದ್ದರಲ್ಲದೆಯವರ್ಗೀಯ,medium
ಬಹುಪಾಲು,ಉಪಯೋಗಿಸಲ್ಪಡುತ್ತಿದ್ದ,ಬಹುಪಾಲೂಪಯೋಗಿಸಲ್ಪಡುತ್ತಿದ್ದ,medium
ಸಮುದ್ರಮಟ್ಟಕ್ಕಿಂತ,ಇಲ್ಲವೇ,ಸಮುದ್ರಮಟ್ಟಕ್ಕಿಂತೇಲ್ಲವೇ,medium
ಮೆಟ್ಟಿಲುಗಳನ್ನು,ಉಳಿದಂತೆ,ಮೆಟ್ಟಿಲುಗಳನ್ನೂಳಿದಂತೆ,medium
ಬರೋಕ್,ಗಳಷ್ಟು,ಬರೋಕಗಗಳಷ್ಟು,medium
ವ್ಯಂಜನಗಳೆನ್ನುತ್ತೇವೆ,ಅವರಿಗೆ,ವ್ಯಂಜನಗಳೆನ್ನುತ್ತೇವೆಯವರಿಗೆ,medium
ಮನಸೂರೆಗೊಳಿಸುತ್ತದೆ,ಗಳಷ್ಟು,ಮನಸೂರೆಗೊಳಿಸುತ್ತದಗಗಳಷ್ಟು,medium
ಟಾಟಾ,ಆತ್ಮಗೌರವನ್ನೂ,ಟಾಟಾತ್ಮಗೌರವನ್ನೂ,medium
ಮಲೆಮಹದೇಶ್ವರ,ಇದನ್ನು,ಮಲೆಮಹದೇಶ್ವರೇದನ್ನು,medium
ವೇಣುಗೋಪಾಲ,ಆರಂಭಿಕ,ವೇಣುಗೋಪಾಲಾರಂಭಿಕ,medium
ಶಕ್ತಿಯ,ಉದ್ದ,ಶಕ್ತಿಯೋದ್ದ,medium
ಲಿಂಗವು,ಉಲ್ಲೇಖಿಸಲಾಗುತ್ತದೆ,ಲಿಂಗವೂಲ್ಲೇಖಿಸಲಾಗುತ್ತದೆ,medium
ಕಣ್,ಗುಬ್ಬೆ,ಕಣಗಗುಬ್ಬೆ,medium
ಬಾಳ,ಇಂಡಿಯನ್,ಬಾಳೇಂಡಿಯನ್,medium
ಮನೆಯಿಂದ,ಇಂಗ್ಲೀಷ್,ಮನೆಯಿಂದೇಂಗ್ಲೀಷ್,medium
ವಚನಗಳಲ್ಲಿನ,ಇಂಥ,ವಚನಗಳಲ್ಲಿನೇಂಥ,medium
ನಾಡ,ಆಂಧ್ರಪ್ರದೇಶದ,ನಾಡಾಂಧ್ರಪ್ರದೇಶದ,medium
ಕನ್ನಡತು,ಉಗಮಿಸಿವೆ,ಕನ್ನಡತೂಗಮಿಸಿವೆ,medium
ವಿದ್ವತ್ಪೂರ್ಣ,ಇಂದಿಗೂ,ವಿದ್ವತ್ಪೂರ್ಣೇಂದಿಗೂ,medium
ತತ್ವಶಾಸ್ತ್ರ,ಆಸೆಯೆಂಬುದು,ತತ್ವಶಾಸ್ತ್ರಾಸೆಯೆಂಬುದು,medium
ಕರ್ನಾಟಕದಲ್ಲಿರುವ,ಆಗಿನ,ಕರ್ನಾಟಕದಲ್ಲಿರುವಾಗಿನ,medium
ವಿಚಾರ,ಆಶ್ವಯುಜ,ವಿಚಾರಾಶ್ವಯುಜ,medium
ಭಗವಂತ,ಉತ್ಪನ್ನಗಳು,ಭಗವಂತೋತ್ಪನ್ನಗಳು,medium
ಪರಿವರ್ತಿತವಾಗಿದೆ,ಅಂಶವನ್ನು,ಪರಿವರ್ತಿತವಾಗಿದೆಯಂಶವನ್ನು,medium
ನಿರಾಸೆಯೆಂಬುದು,ಉರಿಲಿಂಗಪೆದ್ದಿಗಳ,ನಿರಾಸೆಯೆಂಬುದೂರಿಲಿಂಗಪೆದ್ದಿಗಳ,medium
ಲದ್ದೆಯ,ಆಕರ್ಷಿಸಿದ್ದು,ಲದ್ದೆಯಾಕರ್ಷಿಸಿದ್ದು,medium
ಮಾಡಿದ್ದರು,ಉಳಿದ,ಮಾಡಿದ್ದರೂಳಿದ,medium
ಶತಮಾನದ,ಆಯಾಮಗಳನ್ನು,ಶತಮಾನದಾಯಾಮಗಳನ್ನು,medium
ಆಂಧ್ರಪ್ರದೇಶದ,ಆರಂಭಗೊಂಡಿತು,ಆಂಧ್ರಪ್ರದೇಶದಾರಂಭಗೊಂಡಿತು,medium
ಲಿಪಿಗಳ,ಆನಂದವನ್ನು,ಲಿಪಿಗಳಾನಂದವನ್ನು,medium
ವೆಂಕಟೇಶ್,ಗ್ರಾಂಡ್,ವೆಂಕಟೇಶಗಗ್ರಾಂಡ್,medium
ಭಾಷೆಯಿಂದ,ಆಗಿದೆ,ಭಾಷೆಯಿಂದಾಗಿದೆ,medium
ವ್ಯಾಕರಣವನ್ನು,ಉರಿಮಸಾನಿ,ವ್ಯಾಕರಣವನ್ನೂರಿಮಸಾನಿ,medium
ವರ್ಣಗಳ,ಆದರಾತಿಥ್ಯವು,ವರ್ಣಗಳಾದರಾತಿಥ್ಯವು,medium
ಆರ್ಥಿಕ,ಆರಾಮವಾಗಿ,ಆರ್ಥಿಕಾರಾಮವಾಗಿ,medium
೨೧,ಇರುವ,೨೧ೇರುವ,medium
ಶಿಷ್ಟಾಚಾರವನ್ನು,ಉನ್ನತಗೊಳಿಸುತ್ತಿದೆ,ಶಿಷ್ಟಾಚಾರವನ್ನೂನ್ನತಗೊಳಿಸುತ್ತಿದೆ,medium
ಪ್ರಾದೇಶಿಕ,ಇನ್ಸ್ತ್ರುಮೆನ್ತ್ಸ್,ಪ್ರಾದೇಶಿಕೇನ್ಸ್ತ್ರುಮೆನ್ತ್ಸ್,medium
ಸಾಮರ್ಥ್ಯವನ್ನು,ಉಂಟಾಗುತ್ತವೆ,ಸಾಮರ್ಥ್ಯವನ್ನೂಂಟಾಗುತ್ತವೆ,medium
ಅಗಸನಕಟ್ಟೆ,ಅರೆಯೂರು,ಅಗಸನಕಟ್ಟೆಯರೆಯೂರು,medium
ಸ್ಮಾರಕ,ಉತ್ತರಕ್ಕೆ,ಸ್ಮಾರಕೋತ್ತರಕ್ಕೆ,medium
ಗುಮ್ಮಟ,ಉಲ್ಲೇಖಿಸುತ್ತವೆ,ಗುಮ್ಮಟೋಲ್ಲೇಖಿಸುತ್ತವೆ,medium
ಜಿಲ್ಲಾ,ಆಡಿದ,ಜಿಲ್ಲಾಡಿದ,medium
೫೧,ಇತ್ತೆಂಬುದು,೫೧ೇತ್ತೆಂಬುದು,medium
ವರಕಾವ್ಯವನ್ನು,ಉಚ್ಚಾರಣೆಯ,ವರಕಾವ್ಯವನ್ನೂಚ್ಚಾರಣೆಯ,medium
ನೇಪಾಳ,ಉದಕದೊಳಗೆ,ನೇಪಾಳೋದಕದೊಳಗೆ,medium
ವಿಶಾಲ,ಇವರಲ್ಲಿ,ವಿಶಾಲೇವರಲ್ಲಿ,medium
ವಿವಿಧ,ಆಕ್ಟರ್,ವಿವಿಧಾಕ್ಟರ್,medium
ನಡೆಯುತ್ತಿರುವ,ಇಂಗ್ಲೆಂಡಿನ,ನಡೆಯುತ್ತಿರುವೇಂಗ್ಲೆಂಡಿನ,medium
ಭಗವಾನ,ಆಸಕ್ತ,ಭಗವಾನಾಸಕ್ತ,medium
ಕೆಲಸವು,ಉಂಟು,ಕೆಲಸವೂಂಟು,medium
ಬಂಡೀಪುರ,ಉಪಯೋಗಿಸುವ,ಬಂಡೀಪುರೋಪಯೋಗಿಸುವ,medium
ನಗ್ನ,ಆಕಾಶವಾಣಿ,ನಗ್ನಾಕಾಶವಾಣಿ,medium
ನಮ್ಮೂರ,ಆದ್ದರಿಂದ,ನಮ್ಮೂರಾದ್ದರಿಂದ,medium
ಹಿಂದುಗಳಾಗಿದ್ದಾರೆ,ಅಕ್ಷರಗಳಿದ್ದು,ಹಿಂದುಗಳಾಗಿದ್ದಾರೆಯಕ್ಷರಗಳಿದ್ದು,medium
ಕಾಯಕವಲ್ಲ,ಉದಯ,ಕಾಯಕವಲ್ಲೋದಯ,medium
ಆರ್ಮ್,ಗಳೊಂದಿಗೆ,ಆರ್ಮಗಗಳೊಂದಿಗೆ,medium
ಸ್ಥಳಗಳಿಗೆ,ಅನ್ನ,ಸ್ಥಳಗಳಿಗೆಯನ್ನ,medium
ಉದಯಕ್ಕೆ,ಅಂಕುಶವನ್ನು,ಉದಯಕ್ಕೆಯಂಕುಶವನ್ನು,medium
೩೦,ಇಟ್ಟಿಗೆ,೩೦ೇಟ್ಟಿಗೆ,medium
ಇರುವ,ಇಂತಹ,ಇರುವೇಂತಹ,medium
ಪುರಾತನವಾದ,ಆಗಿದೆ,ಪುರಾತನವಾದಾಗಿದೆ,medium
ಖಾತೆಯಾಗಿದೆ,ಅಂತರರಾಷ್ಟ್ರೀಯ,ಖಾತೆಯಾಗಿದೆಯಂತರರಾಷ್ಟ್ರೀಯ,medium
ರೂಢಿಯಾಗಿದ್ದಂತೆ,ಗಳಿಸಿತು,ರೂಢಿಯಾಗಿದ್ದಂತಗಗಳಿಸಿತು,medium
ಪಡೆದವರಾಗಿದ್ದಾರೆ,ಅವು,ಪಡೆದವರಾಗಿದ್ದಾರೆಯವು,medium
ಪ್ರಜ್ಞೆಗಳೆರಡರ,ಉಪನದಿಗಳಿವೆ,ಪ್ರಜ್ಞೆಗಳೆರಡರೋಪನದಿಗಳಿವೆ,medium
ಗೋಕರ್ಣ,ಆಗಿತ್ತು,ಗೋಕರ್ಣಾಗಿತ್ತು,medium
೨೨,ಉದಯಕ್ಕೆ,೨೨ೋದಯಕ್ಕೆ,medium
ಮೈಸೂರಿನ,ಇಂದಿನ,ಮೈಸೂರಿನೇಂದಿನ,medium
ಪದಕೋಶ,ಆನಂದವನ್ನು,ಪದಕೋಶಾನಂದವನ್ನು,medium
ಪ್ರಭಾಕರ,ಆದ್ದರಿಂದ,ಪ್ರಭಾಕರಾದ್ದರಿಂದ,medium
ದಿಕ್ಕಿನಲ್ಲಿದೆ,ಅಯ್ಯರ್,ದಿಕ್ಕಿನಲ್ಲಿದೆಯಯ್ಯರ್,medium
ಅಕ್ಷರಗಳನ್ನು,ಉತ್ತಮ,ಅಕ್ಷರಗಳನ್ನೂತ್ತಮ,medium
ಮಾಡುತ್ತಾನೆ,ಅರ್ಥರ್,ಮಾಡುತ್ತಾನೆಯರ್ಥರ್,medium
ಶಿವನ,ಆದರೆ,ಶಿವನಾದರೆ,medium
ಸುಬ್ರಹ್ಮಣ್ಯ,ಆದರ್ಶಪ್ರಿಯತೆ,ಸುಬ್ರಹ್ಮಣ್ಯಾದರ್ಶಪ್ರಿಯತೆ,medium
ಕಲಿಯುಗ,ಆಳವಾಗಿ,ಕಲಿಯುಗಾಳವಾಗಿ,medium
ಸುಬ್ರಾಯ,ಆಂಧ್ರ,ಸುಬ್ರಾಯಾಂಧ್ರ,medium
೧೫೦೦,ಆಚಾರ,೧೫೦೦ಾಚಾರ,medium
ಅವಶ್ಯಕತೆ,ಗುಬ್ಬಿ,ಅವಶ್ಯಕತಗಗುಬ್ಬಿ,medium
ಮೌಢ್ಯಗಳಿಗೆ,ಅವಶ್ಯಕತೆ,ಮೌಢ್ಯಗಳಿಗೆಯವಶ್ಯಕತೆ,medium
ಕೇಂದ್ರವಾದ,ಇಂದ್ರ,ಕೇಂದ್ರವಾದೇಂದ್ರ,medium
ತನಗಿಂತ,ಇಡಲಾಗಿದೆ,ತನಗಿಂತೇಡಲಾಗಿದೆ,medium
ದೀರ್ಘ,ಆಯೋಗದಿಂದ,ದೀರ್ಘಾಯೋಗದಿಂದ,medium
ಇಪ್ಪತೊಂಬತ್ತನೆಯ,ಆಗಿದ್ದು,ಇಪ್ಪತೊಂಬತ್ತನೆಯಾಗಿದ್ದು,medium
ಸಹ,ಉರಿಲಿಂಗಪೆದ್ದಿಗಳ,ಸಹೋರಿಲಿಂಗಪೆದ್ದಿಗಳ,medium
ಆಲ್ಬಮ್,ಗೋಪಾಲಕೃಷ್ಣ,ಆಲ್ಬಮಗಗೋಪಾಲಕೃಷ್ಣ,medium
ಹೇಮಕೂಟ,ಆನಂದ್,ಹೇಮಕೂಟಾನಂದ್,medium
ತಂದುಕೊಟ್ಟವರು,ಉಪೇಂದ್ರ,ತಂದುಕೊಟ್ಟವರೂಪೇಂದ್ರ,medium
ಸಾಸಿವೆ,ಅಕ್ಷರ,ಸಾಸಿವೆಯಕ್ಷರ,medium
ಮಾರ್ಗಗಳ,ಉಷ್ಣವಲಯದ,ಮಾರ್ಗಗಳೋಷ್ಣವಲಯದ,medium
ಐದು,ಉಪನದಿಗಳಿವೆ,ಐದೂಪನದಿಗಳಿವೆ,medium
ಬಾಳೆ,ಅಕ್ಕನಿಗೆ,ಬಾಳೆಯಕ್ಕನಿಗೆ,medium
ಆರ್ಮ್,ಗಂಗಯ್ಯ,ಆರ್ಮಗಗಂಗಯ್ಯ,medium
ಶರಣರ,ಆರ್ಥಿಕ,ಶರಣರಾರ್ಥಿಕ,medium
ವಿಮರ್ಶೆ,ಅರ್ಧದಲ್ಲಿ,ವಿಮರ್ಶೆಯರ್ಧದಲ್ಲಿ,medium
ಭಾಷೆಗಳೆಂದರೆ,ಗಾಜಿನ,ಭಾಷೆಗಳೆಂದರಗಗಾಜಿನ,medium
ರಾಕೇಟ್ಗಳ,ಇತಿಹಾಸದ,ರಾಕೇಟ್ಗಳೇತಿಹಾಸದ,medium
ಸಾರ್ವಕಾಲಿಕ,ಇರುವುದರಿಂದಲೇ,ಸಾರ್ವಕಾಲಿಕೇರುವುದರಿಂದಲೇ,medium
ನಾಲ್ಕನೆಯ,ಆಳ್ವಿಕೆಯಲ್ಲಿ,ನಾಲ್ಕನೆಯಾಳ್ವಿಕೆಯಲ್ಲಿ,medium
ಕಂಪನಿಯೊಂದಿಗೆ,ಗುಡಿಯಲ್ಲಿ,ಕಂಪನಿಯೊಂದಿಗಗಗುಡಿಯಲ್ಲಿ,medium
ಲಭಿಸಿವೆ,ಅಕ್ಷರಗಳಿದ್ದು,ಲಭಿಸಿವೆಯಕ್ಷರಗಳಿದ್ದು,medium
ಯಶಸ್ವಿಯಾಗಿದೆ,ಗ್ವಾಲಿಯರ್,ಯಶಸ್ವಿಯಾಗಿದಗಗ್ವಾಲಿಯರ್,medium
ಭಗವಂತ,ಇವುಗಳಲ್ಲಿ,ಭಗವಂತೇವುಗಳಲ್ಲಿ,medium
ನಿಂದ,ಉದ್ಯೋಗ,ನಿಂದೋದ್ಯೋಗ,medium
ತೆರೆಯ,ಇವರು,ತೆರೆಯೇವರು,medium
ಪುಟ್ಟಪ್ಪನವರಿಗೆ,ಅಗತ್ಯ,ಪುಟ್ಟಪ್ಪನವರಿಗೆಯಗತ್ಯ,medium
ಸಾರಿದ,ಉದಾಹರಣೆಗಳು,ಸಾರಿದೋದಾಹರಣೆಗಳು,medium
ಸೊನ್ನೆ,ಅದ್ಭುತ,ಸೊನ್ನೆಯದ್ಭುತ,medium
ಗಂಧದ,ಇದ್ದವು,ಗಂಧದೇದ್ದವು,medium
ವಿವಿಧೆಡೆಗಳಿಗೆ,ಅನನ್ಯವಾಗಿರುವುದು,ವಿವಿಧೆಡೆಗಳಿಗೆಯನನ್ಯವಾಗಿರುವುದು,medium
ವರೆಗಿನ,ಆಗ್ನೇಯ,ವರೆಗಿನಾಗ್ನೇಯ,medium
ಕೆತ್ತಲಾಗಿರುವ,ಆಯಾಮಗಳನ್ನು,ಕೆತ್ತಲಾಗಿರುವಾಯಾಮಗಳನ್ನು,medium
ಪುಷ್ಟಿಗೊಳಿಸುತ್ತಿದೆ,ಅಳಕೆ,ಪುಷ್ಟಿಗೊಳಿಸುತ್ತಿದೆಯಳಕೆ,medium
ಕಂಠಹಾರಗಳ,ಇಂಜಿನಿಯರಿಂಗ್,ಕಂಠಹಾರಗಳೇಂಜಿನಿಯರಿಂಗ್,medium
ಸಿಕ್ಕುವುದಿಲ್ಲ,ಉಪೇಂದ್ರ,ಸಿಕ್ಕುವುದಿಲ್ಲೋಪೇಂದ್ರ,medium
ನಮ್ಮೂರ,ಇಲ್ಲವೇ,ನಮ್ಮೂರೇಲ್ಲವೇ,medium
ಕಡೆ,ಅಗತ್ಯ,ಕಡೆಯಗತ್ಯ,medium
ಕೃಷ್ಣದೇವರಾಯ,ಇದನ್ನು,ಕೃಷ್ಣದೇವರಾಯೇದನ್ನು,medium
ಪಳೆಯುಳಿಕೆಗಳು,ಉಪಭಾಷೆಗಳಾದ,ಪಳೆಯುಳಿಕೆಗಳೂಪಭಾಷೆಗಳಾದ,medium
ಮಟ್ಟದವರೆಗಿನ,ಆಸ್ಟಿನ್,ಮಟ್ಟದವರೆಗಿನಾಸ್ಟಿನ್,medium
ವರ್ಣಗಳು,ಉದ್ಯೋಗ,ವರ್ಣಗಳೂದ್ಯೋಗ,medium
ವಾಸ್ತುಶಿಲ್ಪವನ್ನು,ಉಬ್ಬಿರುವ,ವಾಸ್ತುಶಿಲ್ಪವನ್ನೂಬ್ಬಿರುವ,medium
ರೂಪನಗರ,ಉಚ್ಚರಿಸಬಹುದಾದ,ರೂಪನಗರೋಚ್ಚರಿಸಬಹುದಾದ,medium
ಆರಂಭದೊಂದಿಗೆ,ಅನನ್ಯವಾಗಿರುವುದು,ಆರಂಭದೊಂದಿಗೆಯನನ್ಯವಾಗಿರುವುದು,medium
ಎತ್ತರವಾಗಿವೆ,ಗಣಪತಿ,ಎತ್ತರವಾಗಿವಗಗಣಪತಿ,medium
ತೆಲಂಗಾಣ,ಆಫ್,ತೆಲಂಗಾಣಾಫ್,medium
ಸ್ಥಾನ,ಆನೆಗಳು,ಸ್ಥಾನಾನೆಗಳು,medium
ಒದಗಿಸುತ್ತದೆ,ಅನುಮೋದಿಸುತ್ತ,ಒದಗಿಸುತ್ತದೆಯನುಮೋದಿಸುತ್ತ,medium
ಜಯನಗರ,ಉದ್ದೇಶ,ಜಯನಗರೋದ್ದೇಶ,medium
ಅದ್ಭುತ,ಇವರಲ್ಲಿ,ಅದ್ಭುತೇವರಲ್ಲಿ,medium
ಈಸ್ಟ್,ಗುಂಬಜಿನ,ಈಸ್ಟಗಗುಂಬಜಿನ,medium
ನಗ್ನ,ಉಗಮಿಸಿವೆ,ನಗ್ನೋಗಮಿಸಿವೆ,medium
ಮಾರ್ಗಗಳು,ಉದ್ದಕ್ಕೂ,ಮಾರ್ಗಗಳೂದ್ದಕ್ಕೂ,medium
ಕಂಡ,ಉಪನದಿಗಳಿವೆ,ಕಂಡೋಪನದಿಗಳಿವೆ,medium
ಪ್ರಕಾರವಿಲ್ಲ,ಆಚರಿಸುತ್ತಾರೆ,ಪ್ರಕಾರವಿಲ್ಲಾಚರಿಸುತ್ತಾರೆ,medium
ಮೈಲಾರ,ಇನ್ನೊಂದು,ಮೈಲಾರೇನ್ನೊಂದು,medium
ಸಂಗ್ರಹಿಸುವ,ಆಡಳಿತದ,ಸಂಗ್ರಹಿಸುವಾಡಳಿತದ,medium
ಆಗರವೆಂದು,ಉಗಮಿಸಿವೆ,ಆಗರವೆಂದೂಗಮಿಸಿವೆ,medium
ಉಡುಗೆ,ಅಭಿಪ್ರಾಯಪಡುತ್ತಾರೆ,ಉಡುಗೆಯಭಿಪ್ರಾಯಪಡುತ್ತಾರೆ,medium
ವಂಶ,ಇದಕ್ಕೆ,ವಂಶೇದಕ್ಕೆ,medium
ಕರೆಯುತ್ತೇವೆ,ಗುಂಡು,ಕರೆಯುತ್ತೇವಗಗುಂಡು,medium
ದಸರಾ,ಆರ್ಯನ್,ದಸರಾರ್ಯನ್,medium
ಮುರುಡೇಶ್ವರ,ಉಲ್ಲೇಖಿಸಲಾಗುತ್ತದೆ,ಮುರುಡೇಶ್ವರೋಲ್ಲೇಖಿಸಲಾಗುತ್ತದೆ,medium
ನೀಡುತ್ತದೆ,ಗ್ವಾಲಿಯರ್,ನೀಡುತ್ತದಗಗ್ವಾಲಿಯರ್,medium
ಕುವೆಂಪುನಗರ,ಆಫ್,ಕುವೆಂಪುನಗರಾಫ್,medium
ಚಚ್ಚೌಕ,ಇಟಗಿ,ಚಚ್ಚೌಕೇಟಗಿ,medium
ಇವ,ಆಧಾರಗಳಿಂದ,ಇವಾಧಾರಗಳಿಂದ,medium
ಹಳೆಯ,ಉದಾಹರಣೆಗಳು,ಹಳೆಯೋದಾಹರಣೆಗಳು,medium
ಅಣೆಕಟ್ಟೆಯಿಂದ,ಇದರಲ್ಲಿ,ಅಣೆಕಟ್ಟೆಯಿಂದೇದರಲ್ಲಿ,medium
ಕುರಿತದ್ದಾಗಿದೆ,ಗುಲ್ಬರ್ಗಾದ,ಕುರಿತದ್ದಾಗಿದಗಗುಲ್ಬರ್ಗಾದ,medium
ಹೆಸರುಗಳು,ಉದಾ,ಹೆಸರುಗಳೂದಾ,medium
ಚೆನ್ನಕೇಶವ,ಉಗಮಗೊಂಡವು,ಚೆನ್ನಕೇಶವೋಗಮಗೊಂಡವು,medium
ಮುನ್ನ,ಆಗಿತ್ತು,ಮುನ್ನಾಗಿತ್ತು,medium
ಉಮೇಶ,ಇಂದ್ರ,ಉಮೇಶೇಂದ್ರ,medium
ಕಾದಂಬರಿಕಾರರ,ಉಳಿದಿತ್ತು,ಕಾದಂಬರಿಕಾರರೋಳಿದಿತ್ತು,medium
ನಿಧನರಾದರು,ಉಳಿದ,ನಿಧನರಾದರೂಳಿದ,medium
ಶ್ರೀರಾಮಪುರ,ಆರಂಭಿಸಿದರು,ಶ್ರೀರಾಮಪುರಾರಂಭಿಸಿದರು,medium
ವಿಮರ್ಶೆ,ಅಂತೇ,ವಿಮರ್ಶೆಯಂತೇ,medium
ಕೇಳಿಬರುತ್ತದೆ,ಅಲಂಕಾರಗಳನ್ನು,ಕೇಳಿಬರುತ್ತದೆಯಲಂಕಾರಗಳನ್ನು,medium
ದೊಡ್ಡಾಟ,ಉಪಯೋಗಿಸಲ್ಪಡುವ,ದೊಡ್ಡಾಟೋಪಯೋಗಿಸಲ್ಪಡುವ,medium
ಕನಕದಾಸನಗರ,ಉಪಯೋಗಿಸಲಾಗುವ,ಕನಕದಾಸನಗರೋಪಯೋಗಿಸಲಾಗುವ,medium
ಕಾರ್ಯಾಚರಣೆ,ಅಗಲ,ಕಾರ್ಯಾಚರಣೆಯಗಲ,medium
ದೂರದಲ್ಲಿರುವ,ಉತ್ಪಾದನೆಯ,ದೂರದಲ್ಲಿರುವೋತ್ಪಾದನೆಯ,medium
ಅಮೆರಿಕದ,ಉರಿಲಿಂಗಪೆದ್ದಿಗಳ,ಅಮೆರಿಕದೋರಿಲಿಂಗಪೆದ್ದಿಗಳ,medium
ಹೆಸರಿಗೆ,ಗಾಂಧಿಯವರ,ಹೆಸರಿಗಗಗಾಂಧಿಯವರ,medium
ಭಾರತಕ್ಕೆ,ಅಲಂಕರಿಸದ,ಭಾರತಕ್ಕೆಯಲಂಕರಿಸದ,medium
ಭಾಷಿಕ,ಉಪಯೋಗಿಸಲಾಗಿರುವ,ಭಾಷಿಕೋಪಯೋಗಿಸಲಾಗಿರುವ,medium
ಶತಮಾನದಿಂದ,ಇಂಬುಕೊಟ್ಟಿದೆ,ಶತಮಾನದಿಂದೇಂಬುಕೊಟ್ಟಿದೆ,medium
ಆರಂಭಿಸಲ್ಪಟ್ಟಿರುವ,ಆನೆಗುಂಡಿ,ಆರಂಭಿಸಲ್ಪಟ್ಟಿರುವಾನೆಗುಂಡಿ,medium
ಮಯೂರ,ಇವರಲ್ಲಿ,ಮಯೂರೇವರಲ್ಲಿ,medium
ಬೆಳೆಯಲು,ಉದ್ದವಾಗಿದೆ,ಬೆಳೆಯಲೂದ್ದವಾಗಿದೆ,medium
ಹೌದು,ಉಚ್ಚ,ಹೌದೂಚ್ಚ,medium
ನರಸಿಂಹರಾಜಪುರ,ಇಂಜಿನಿಯರಿಂಗ್,ನರಸಿಂಹರಾಜಪುರೇಂಜಿನಿಯರಿಂಗ್,medium
ಸಮುದ್ರಮಟ್ಟಕ್ಕಿಂತ,ಆಧಾರಿತ,ಸಮುದ್ರಮಟ್ಟಕ್ಕಿಂತಾಧಾರಿತ,medium
ಗಾಂಧಿನಗರ,ಇನ್ನೊಂದು,ಗಾಂಧಿನಗರೇನ್ನೊಂದು,medium
ಜನಸಂಖ್ಯೆಯುಳ್ಳ,ಉತ್ತರ,ಜನಸಂಖ್ಯೆಯುಳ್ಳೋತ್ತರ,medium
ರಾಮಚಂದ್ರ,ಆಗಿ,ರಾಮಚಂದ್ರಾಗಿ,medium
ಪಾತ್ರವು,ಉಡುಪಿ,ಪಾತ್ರವೂಡುಪಿ,medium
ಕಾರಣದಿಂದ,ಉರಿಮಸಾನಿ,ಕಾರಣದಿಂದೋರಿಮಸಾನಿ,medium
ಉಂಟಾಗುತ್ತವೆ,ಗುಡ್ದಪ್ಪ,ಉಂಟಾಗುತ್ತವಗಗುಡ್ದಪ್ಪ,medium
ವಿನ್ಯಾಸ,ಇತ್ತು,ವಿನ್ಯಾಸೇತ್ತು,medium
ಭಾರತಕ್ಕೆ,ಗುಬ್ಬಿ,ಭಾರತಕ್ಕಗಗುಬ್ಬಿ,medium
ಬಿದರಿಕಲೆಗೆ,ಅಡಿ,ಬಿದರಿಕಲೆಗೆಯಡಿ,medium
ಭದ್ರ,ಆರಂಭಿಸಲ್ಪಟ್ಟಿರುವ,ಭದ್ರಾರಂಭಿಸಲ್ಪಟ್ಟಿರುವ,medium
ಸೂರ್ಯ,ಆರ್ಕಿಯನ್,ಸೂರ್ಯಾರ್ಕಿಯನ್,medium
ಅನುಕೂಲ,ಉಡುಗೆ,ಅನುಕೂಲೋಡುಗೆ,medium
ಪ್ರಭಾಕರ,ಆಗಿರುವ,ಪ್ರಭಾಕರಾಗಿರುವ,medium
ಇದರೊಳಗಿನ,ಉರಿಲಿಂಗಪೆದ್ದಿಗಳರಸನಲ್ಲಿ,ಇದರೊಳಗಿನೋರಿಲಿಂಗಪೆದ್ದಿಗಳರಸನಲ್ಲಿ,medium
ಬೇಂದ್ರೆಯವರಿಂದ,ಇದರ,ಬೇಂದ್ರೆಯವರಿಂದೇದರ,medium
ಒರಲು,ಉಗ್ರನರಸಿಂಹ,ಒರಲೂಗ್ರನರಸಿಂಹ,medium
ನೇರ,ಉಳಿದ,ನೇರೋಳಿದ,medium
ಜನರಿಂದೆ,ಅಭಿನಯದ,ಜನರಿಂದೆಯಭಿನಯದ,medium
ಸಿದ್ಧವಾದ,ಆದಿಶೇಷನ,ಸಿದ್ಧವಾದಾದಿಶೇಷನ,medium
ನಿರ್ಮಿಸಲು,ಉದಾಹರಣೆಗಳು,ನಿರ್ಮಿಸಲೂದಾಹರಣೆಗಳು,medium
ಹೆಗ್ಗುರುತು,ಉತ್ತರ,ಹೆಗ್ಗುರುತೂತ್ತರ,medium
ಜನವಸತಿಯ,ಉಗಮಕ್ಕಾಗಿ,ಜನವಸತಿಯೋಗಮಕ್ಕಾಗಿ,medium
ಬುದ್ಧನ,ಇರುತ್ತಾರೆ,ಬುದ್ಧನೇರುತ್ತಾರೆ,medium
ವಿಶಿಷ್ಟ,ಇಟಲಿಯ,ವಿಶಿಷ್ಟೇಟಲಿಯ,medium
ಅನುಮೋದಿಸುತ್ತ,ಆಡು,ಅನುಮೋದಿಸುತ್ತಾಡು,medium
ಲಕ್ಷ್ಮಣ,ಇಂಡಿಯಾ,ಲಕ್ಷ್ಮಣೇಂಡಿಯಾ,medium
ಕಂಡ,ಇತರೆ,ಕಂಡೇತರೆ,medium
ಬೆಳಿಗ್ಗೆ,ಗೌಪ್ಯತೆಯನ್ನು,ಬೆಳಿಗ್ಗಗಗೌಪ್ಯತೆಯನ್ನು,medium
ಬಾಯಾರು,ಉಪಭಾಷೆಗಳನ್ನೊಳಗೊಂಡ,ಬಾಯಾರೂಪಭಾಷೆಗಳನ್ನೊಳಗೊಂಡ,medium
ಹುಲಿಗಿಯ,ಉಚ್ಚ,ಹುಲಿಗಿಯೋಚ್ಚ,medium
ಬೆ೦ಗಳೂರಿಗೆ,ಅಡಿಗರು,ಬೆ೦ಗಳೂರಿಗೆಯಡಿಗರು,medium
ಇದಕ್ಕೆ,ಗೋಡೆಗಳಿಂದ,ಇದಕ್ಕಗಗೋಡೆಗಳಿಂದ,medium
ಕರ್ನಾಟಕದವರಲ್ಲ,ಇವ,ಕರ್ನಾಟಕದವರಲ್ಲೇವ,medium
ಬಸವಣ್ಣನವರಿಗೆ,ಅದ್ಭುತವಾದ,ಬಸವಣ್ಣನವರಿಗೆಯದ್ಭುತವಾದ,medium
ಧಾರ್ಮಿಕ,ಆದರೆ,ಧಾರ್ಮಿಕಾದರೆ,medium
ಸ್ಪಷ್ಟವಾಗುತ್ತದೆ,ಗುಂಡು,ಸ್ಪಷ್ಟವಾಗುತ್ತದಗಗುಂಡು,medium
ಕೆಳಗಿರುವ,ಉತ್ಪಾದನೆಯ,ಕೆಳಗಿರುವೋತ್ಪಾದನೆಯ,medium
ಅಭ್ಯಾಸ,ಇರುವುದರಿಂದಲೇ,ಅಭ್ಯಾಸೇರುವುದರಿಂದಲೇ,medium
ಲಭ್ಯವಾಗುತ್ತವೆ,ಅವರ,ಲಭ್ಯವಾಗುತ್ತವೆಯವರ,medium
ರಂತಹ,ಆದುದರಿಂದ,ರಂತಹಾದುದರಿಂದ,medium
೨೫,ಇದೆ,೨೫ೇದೆ,medium
ಜಕ್ಕ,ಇಸ್ಲಾಮಿಕ್,ಜಕ್ಕೇಸ್ಲಾಮಿಕ್,medium
ಬರುವುದಿಲ್ಲ,ಆಕರ್ಷಣೀಯ,ಬರುವುದಿಲ್ಲಾಕರ್ಷಣೀಯ,medium
ಮಹಾಮನೆಯ,ಇಂದಿರಾ,ಮಹಾಮನೆಯೇಂದಿರಾ,medium
ಸಾಮ್ರಾಜ್ಯದಿಂದ,ಇಡೀ,ಸಾಮ್ರಾಜ್ಯದಿಂದೇಡೀ,medium
ಇಟ್ಟಿಗೆ,ಅಮೋಘ,ಇಟ್ಟಿಗೆಯಮೋಘ,medium
ಅಂಬೆ,ಗಿಳಿ,ಅಂಬಗಗಿಳಿ,medium
ತಲಕಾವೇರಿಯೆಂಬ,ಇತಿಹಾಸದಲ್ಲಿ,ತಲಕಾವೇರಿಯೆಂಬೇತಿಹಾಸದಲ್ಲಿ,medium
ನಗರದಿಂದ,ಇಟಗಿಯ,ನಗರದಿಂದೇಟಗಿಯ,medium
ಆಚಾರ,ಆಕರ್ಷಿಸಿದೆ,ಆಚಾರಾಕರ್ಷಿಸಿದೆ,medium
ಧ್ವನಿಮುದ್ರಣ,ಇದನ್ನು,ಧ್ವನಿಮುದ್ರಣೇದನ್ನು,medium
ಸುಧಾರಕನ,ಇವರ,ಸುಧಾರಕನೇವರ,medium
ಅರಮನೆಗಳು,ಉದ್ದೇಶ,ಅರಮನೆಗಳೂದ್ದೇಶ,medium
ಆಕರ್ಷಿಸುತ್ತಿದೆ,ಗೌಪ್ಯತೆಯನ್ನು,ಆಕರ್ಷಿಸುತ್ತಿದಗಗೌಪ್ಯತೆಯನ್ನು,medium
೧೫,ಆಲ್ಬಂ,೧೫ಾಲ್ಬಂ,medium
ಚಂಡ,ಆವೃತವಾಗಿದೆ,ಚಂಡಾವೃತವಾಗಿದೆ,medium
ಮರೆಸಿರುವ,ಇತರೆ,ಮರೆಸಿರುವೇತರೆ,medium
ತಂದೆಯ,ಇವುಗಳು,ತಂದೆಯೇವುಗಳು,medium
ಪ್ರಕಟಿಸಿದ,ಇನ್ಫೋಸಿಸ್,ಪ್ರಕಟಿಸಿದೇನ್ಫೋಸಿಸ್,medium
ಕಲೆಯ,ಆರಂಭಗೊಂಡಿತು,ಕಲೆಯಾರಂಭಗೊಂಡಿತು,medium
ಕೇಂದ್ರೀಯ,ಆಕ್ಟೀವ್,ಕೇಂದ್ರೀಯಾಕ್ಟೀವ್,medium
ಕಾಣಸಿಗುತ್ತದೆ,ಅದಕ್ಕವಳು,ಕಾಣಸಿಗುತ್ತದೆಯದಕ್ಕವಳು,medium
ಭರತ,ಆನಂದೇಶ್ವರ,ಭರತಾನಂದೇಶ್ವರ,medium
ಸಿನಿಮಾ,ಆವ,ಸಿನಿಮಾವ,medium
ಭಾರತದ,ಇಟ್ಟಿಗೆಗೂಡು,ಭಾರತದೇಟ್ಟಿಗೆಗೂಡು,medium
ನಿರ್ದೇಶಿಸಲು,ಉರಿಮಸಾನಿ,ನಿರ್ದೇಶಿಸಲೂರಿಮಸಾನಿ,medium
ಬಹುತೇಕ,ಉಲ್ಲೇಖಿಸಲಾಗುತ್ತದೆ,ಬಹುತೇಕೋಲ್ಲೇಖಿಸಲಾಗುತ್ತದೆ,medium
ಸ್ಪೆಸ್,ಗೋಪುರಗಳನ್ನು,ಸ್ಪೆಸಗಗೋಪುರಗಳನ್ನು,medium
ರವರು,ಉಳಿದಿದೆ,ರವರೂಳಿದಿದೆ,medium
ರೂಪಾಂತರ,ಉಬರಡ್ಕ,ರೂಪಾಂತರೋಬರಡ್ಕ,medium
ಈಗ,ಆಂಗ್ಲೋ,ಈಗಾಂಗ್ಲೋ,medium
ವೈವಿಧ್ಯಮಯವಾಗಿಸಿವೆ,ಗುರು,ವೈವಿಧ್ಯಮಯವಾಗಿಸಿವಗಗುರು,medium
ಉಲ್ಲೇಖಿಸಲಾಗುತ್ತದೆ,ಗಂಗ,ಉಲ್ಲೇಖಿಸಲಾಗುತ್ತದಗಗಂಗ,medium
ದರ್ಶನವನ್ನು,ಉಗಮಿಸುವ,ದರ್ಶನವನ್ನೂಗಮಿಸುವ,medium
ಜೀವನೋದ್ದೇಶದ,ಇನ್ನೂ,ಜೀವನೋದ್ದೇಶದೇನ್ನೂ,medium
ಬಣ್ಹದ,ಇನ್ಫೊಸಿಸ್,ಬಣ್ಹದೇನ್ಫೊಸಿಸ್,medium
ಸಿಕ್ಕುವುದಿಲ್ಲ,ಆಂಗ್ಲ,ಸಿಕ್ಕುವುದಿಲ್ಲಾಂಗ್ಲ,medium
ಹೊಂದುತ,ಆಯ್ದಕ್ಕಿ,ಹೊಂದುತಾಯ್ದಕ್ಕಿ,medium
ಕನ್ನಡ,ಉತ್ತರದಲ್ಲಿ,ಕನ್ನಡೋತ್ತರದಲ್ಲಿ,medium
ಪ್ರೌಢ,ಆಗ್ನೇಯದಲ್ಲಿ,ಪ್ರೌಢಾಗ್ನೇಯದಲ್ಲಿ,medium
ಆಗಿದ್ದಾರೆ,ಅಭಿಯಂತರರಲ್ಲಿ,ಆಗಿದ್ದಾರೆಯಭಿಯಂತರರಲ್ಲಿ,medium
ಜ್ಞಾನಪೀಠ,ಉದಕದೊಳಗೆ,ಜ್ಞಾನಪೀಠೋದಕದೊಳಗೆ,medium
ಚಲನಚಿತ್ರದಲ್ಲಿನ,ಉಪಯೋಗಿಸಲ್ಪಡುವ,ಚಲನಚಿತ್ರದಲ್ಲಿನೋಪಯೋಗಿಸಲ್ಪಡುವ,medium
ವಿಜಯನಗರ,ಆಯ್ಕೆಗಳಿದ್ದು,ವಿಜಯನಗರಾಯ್ಕೆಗಳಿದ್ದು,medium
ಅಥವಾ,ಆಡಳಿತಕ್ಕೊಪ್ಪಿಸಿದರು,ಅಥವಾಡಳಿತಕ್ಕೊಪ್ಪಿಸಿದರು,medium
ಗಾನ,ಉಗಮವಾಯಿತು,ಗಾನೋಗಮವಾಯಿತು,medium
ಕಾಗುಣಿತಗಳ,ಆಗ್ನೇಯ,ಕಾಗುಣಿತಗಳಾಗ್ನೇಯ,medium
ದೇವಸ್ಥಾನವಿದೆ,ಅತೀತ,ದೇವಸ್ಥಾನವಿದೆಯತೀತ,medium
ದೀಪಸ್ಥಂಬಗಳು,ಉಪಯೋಗಿಸಿ,ದೀಪಸ್ಥಂಬಗಳೂಪಯೋಗಿಸಿ,medium
ಕಲ್ಪನಾಶಕ್ತಿಯೊಂದಿಗೆ,ಗ್ರಂಥಗಳು,ಕಲ್ಪನಾಶಕ್ತಿಯೊಂದಿಗಗಗ್ರಂಥಗಳು,medium
ಮೊಹಮ್ಮದ್,ಗೋಣಿಬೀಡು,ಮೊಹಮ್ಮದಗಗೋಣಿಬೀಡು,medium
ಕಮಲಾಪುರ,ಆದಿಶೇಷನ,ಕಮಲಾಪುರಾದಿಶೇಷನ,medium
ಇತ್ತೀಚೆಗೆ,ಅರಮನೆಗಳಿರುವುದರಿಂದ,ಇತ್ತೀಚೆಗೆಯರಮನೆಗಳಿರುವುದರಿಂದ,medium
ವಿಶ್ವ,ಆಧಾರದ,ವಿಶ್ವಾಧಾರದ,medium
ಜೀವ,ಆದಿಲ್,ಜೀವಾದಿಲ್,medium
ಕಾರದಿಂದ,ಉಷ್ಣಾಂಶವಿರುವುದು,ಕಾರದಿಂದೋಷ್ಣಾಂಶವಿರುವುದು,medium
ಕಾದಂಬರಿಕಾರ,ಉಪಯೋಗಿಸಲ್ಪಡುವ,ಕಾದಂಬರಿಕಾರೋಪಯೋಗಿಸಲ್ಪಡುವ,medium
ತಗ್ಗಿನ,ಇತಿಹಾಸವು,ತಗ್ಗಿನೇತಿಹಾಸವು,medium
ಹೋದಡೆ,ಅವುಗಳೇ,ಹೋದಡೆಯವುಗಳೇ,medium
ಜಿಲ್ಲೆಯ,ಆಗಿರುವ,ಜಿಲ್ಲೆಯಾಗಿರುವ,medium
ಹೊಂದಿದ,ಉತ್ಸವವಾಗಿದ್ದು,ಹೊಂದಿದೋತ್ಸವವಾಗಿದ್ದು,medium
ಆರಂಭಿಸಲ್ಪಟ್ಟಿರುವ,ಉತ್ಪಾದನಾ,ಆರಂಭಿಸಲ್ಪಟ್ಟಿರುವೋತ್ಪಾದನಾ,medium
ಸುತ್ತಮುತ್ತಲ,ಆಸೆಯೆಂಬುದು,ಸುತ್ತಮುತ್ತಲಾಸೆಯೆಂಬುದು,medium
ಸಾಮರಸ್ಯವಿದೆ,ಅಂಜನಾದ್ರಿ,ಸಾಮರಸ್ಯವಿದೆಯಂಜನಾದ್ರಿ,medium
