word,meaning,word_type,last_sound,can_combine
ಮಹಾ,great,prefix,ಆ,yes
ಮನೆ,house,noun,ಎ,yes
ಪುಸ್ತಕ,book,noun,ಅ,yes
ಆತ್ಮ,soul,noun,ಅ,yes
ರಾಜ,king,noun,ಅ,yes
ರಾಮ,Rama,noun,ಅ,yes
ಆಲಯ,place,noun,ಅ,yes
ಗುರು,teacher,noun,ಉ,yes
ಉಪದೇಶ,advice,noun,ಅ,yes
ಇದನ್ನು,TODO,noun,ಉ,yes
ಚೌಕಾಕಾರದ,TODO,noun,ಅ,yes
ಸ್ಥಳವು,TODO,noun,ಉ,yes
ಕೆಳಗಿರುವ,TODO,noun,ಅ,yes
ಸಿರಾ,TODO,noun,ಆ,yes
ಝೀರಾ,TODO,noun,ಆ,yes
ಮಾತನಾಡುವವರ,TODO,noun,ಅ,yes
ಬುಡಕಟ್ಟು,TODO,noun,ಉ,yes
ಉಳಿದ,TODO,noun,ಅ,yes
ಭಗವತೀ,TODO,noun,ಈ,yes
ಹಾಡಿದನೆಂದರೆ,TODO,noun,ಎ,yes
ಆಕರ್ಷಿಸುತ್ತಿದೆ,TODO,noun,ಎ,yes
ಜಯನಗರ,TODO,noun,ಅ,yes
ಪ್ರಕಾರಗಳು,TODO,noun,ಉ,yes
ಕರು,TODO,noun,ಉ,yes
ವಾದರೆ,TODO,noun,ಎ,yes
ಊರಾದ,TODO,noun,ಅ,yes
ಉಪಯೋಗಿಸಲ್ಪಡುವ,TODO,noun,ಅ,yes
ಗೋಕುಲಂ,TODO,noun,ಂ,yes
ಮಾಡಿದರು,TODO,noun,ಉ,yes
ದಂಡೆಯ,TODO,noun,ಅ,yes
ಗಳು,TODO,noun,ಉ,yes
ಸಾಹಿತ್ಯ,TODO,noun,ಅ,yes
ಕವನಗಳಲ್ಲಿ,TODO,noun,ಇ,yes
ಸರಳ,TODO,noun,ಅ,yes
ಮುಳ್ಳಯ್ಯನಗಿರಿ,TODO,noun,ಇ,yes
ತೆಲಂಗಾಣ,TODO,noun,ಅ,yes
ನದಿಯ,TODO,noun,ಅ,yes
ಮ್ಯಾನ್ಷನ್,TODO,noun,ನ,yes
೧೫೨೮ರಲ್ಲಿ,TODO,noun,ಇ,yes
೦೪,TODO,noun,ಅ,yes
ವರ್ಷಗಳು,TODO,noun,ಉ,yes
ಆನೆಗುಂಡಿಯು,TODO,noun,ಉ,yes
ಹೆಸರಿಸಬಹುದಾಗಿದೆ,TODO,noun,ಎ,yes
ಮಾತ್ರವಲ್ಲ,TODO,noun,ಅ,yes
ಲೌಕಿಕ,TODO,noun,ಅ,yes
ಉಪಕರಣಗಳನ್ನು,TODO,noun,ಉ,yes
ವಿಶ್ವೆಸ್ವರಯ್ಯ,TODO,noun,ಅ,yes
ಬದಲಾವಣೆಯಾಗಿದೆ,TODO,noun,ಎ,yes
ಬಹುಕಾಲ,TODO,noun,ಅ,yes
ಉಗ್ರನರಸಿಂಹ,TODO,noun,ಅ,yes
ಹೊಟ್ಟೆ,TODO,noun,ಎ,yes
ಗೋಕರ್ಣ,TODO,noun,ಅ,yes
ಮೂರ್ತಿಗಳು,TODO,noun,ಉ,yes
ಬಾಂಬೆ,TODO,noun,ಎ,yes
ತೊಡೆಯುವಲ್ಲಿ,TODO,noun,ಇ,yes
ಕೋಟೆ,TODO,noun,ಎ,yes
ಆಶ್ರಯ,TODO,noun,ಅ,yes
ಗಂಗೋತ್ರಿಯ,TODO,noun,ಅ,yes
ಗೋವದಿಂದ,TODO,noun,ಅ,yes
ಸೀತೆ,TODO,noun,ಎ,yes
ದೇವಸ್ಥಾನ,TODO,noun,ಅ,yes
ಪ್ರಕಾರಕ್ಕೆ,TODO,noun,ಎ,yes
ವೇಬ್ಯಾಕ್,TODO,noun,ಕ,yes
ಚಿದಾನಂದಗೌಡ,TODO,noun,ಅ,yes
ದೆಹಲಿಯಲ್ಲಿ,TODO,noun,ಇ,yes
ಹೊಸಪೇಟೆ,TODO,noun,ಎ,yes
ಸಲ್ಲುತ್ತದೆ,TODO,noun,ಎ,yes
ಕಂಡು,TODO,noun,ಉ,yes
ಅವಳಿ,TODO,noun,ಇ,yes
ಸಾಹಿತ್ಯಕ,TODO,noun,ಅ,yes
ಭಾವಾವೇಶ,TODO,noun,ಅ,yes
೭೪,TODO,noun,ಅ,yes
ಭಗವಾನ,TODO,noun,ಅ,yes
ಅಗತ್ಯ,TODO,noun,ಅ,yes
ಸಂತೋಷದ,TODO,noun,ಅ,yes
ಮಧುರ,TODO,noun,ಅ,yes
ಕೂಡಿದೆ,TODO,noun,ಎ,yes
ಬಾಷೆಯಲ್ಲಿ,TODO,noun,ಇ,yes
ಧರ್ಮದ,TODO,noun,ಅ,yes
ಕಿಷ್ಕೀಂದ,TODO,noun,ಅ,yes
ಮೇಲುಕೋಟೆ,TODO,noun,ಎ,yes
ರಚಿಸಿದರು,TODO,noun,ಉ,yes
ಎತ್ತರ,TODO,noun,ಅ,yes
ಜನರಿಂದೆ,TODO,noun,ಎ,yes
ಉಪಯೋಗಿಸಲಾಗುತ್ತಿಲ್ಲ,TODO,noun,ಅ,yes
ನ೦ಬಿನಾಯಕನಹಳ್ಳಿ,TODO,noun,ಇ,yes
ತರುವಂತಹ,TODO,noun,ಅ,yes
ಬನಶಂಕರಿ,TODO,noun,ಇ,yes
ನುಗಡೋಣಿ,TODO,noun,ಇ,yes
ವಿಷಯಗಳನ್ನು,TODO,noun,ಉ,yes
ಕಾದಂಬರಿಯ,TODO,noun,ಅ,yes
ಬುದ್ಧಿಜೀವಿಗಳಿಗಾಗಿ,TODO,noun,ಇ,yes
ನುಡಿಗಳ,TODO,noun,ಅ,yes
ರೇಷ್ಮೆ,TODO,noun,ಎ,yes
ಬೆಟ್ಟ,TODO,noun,ಅ,yes
ಆದಿಶೇಷನ,TODO,noun,ಅ,yes
ಸಾಹಿತಿಗಳು,TODO,noun,ಉ,yes
ರೂಪದಲ್ಲಿ,TODO,noun,ಇ,yes
ಪ್ರಾಬಲ್ಯವನ್ನು,TODO,noun,ಉ,yes
ಭಾಷೆ,TODO,noun,ಎ,yes
ನಗನಾಣ್ಯಗಳು,TODO,noun,ಉ,yes
ಪ್ರವಾಸಿಗರಿಗೆ,TODO,noun,ಎ,yes
ಸ್ಥಾನಕ್ಕೆ,TODO,noun,ಎ,yes
ನರಸೀಪುರದಲ್ಲಿರುವ,TODO,noun,ಅ,yes
ಇತರ,TODO,noun,ಅ,yes
ಕೂಲಿಮಠದಲ್ಲಿ,TODO,noun,ಇ,yes
ಪಡೆದರು,TODO,noun,ಉ,yes
ಎಂಬುದು,TODO,noun,ಉ,yes
ಲಿಂಗದ,TODO,noun,ಅ,yes
ಪ್ರಾಚ್ಯವಸ್ತು,TODO,noun,ಉ,yes
ಸಾಗರ,TODO,noun,ಅ,yes
ಜಟಿಲವಾದ,TODO,noun,ಅ,yes
ಸೇರಿಸಲು,TODO,noun,ಉ,yes
ಮೈ,TODO,noun,ಐ,yes
ಪ್ರಾಚೀನತೆಯಿರುವ,TODO,noun,ಅ,yes
ಮಹಿ,TODO,noun,ಇ,yes
ಸುಂದರಿ,TODO,noun,ಇ,yes
ರಾಕ್ಷಸ,TODO,noun,ಅ,yes
ಕೊಡುಗೆ,TODO,noun,ಎ,yes
ಉಳಿದಿದೆ,TODO,noun,ಎ,yes
ತವರು,TODO,noun,ಉ,yes
ತಿಳಿದು,TODO,noun,ಉ,yes
ಮೀನುಗಾರರು,TODO,noun,ಉ,yes
ನಿರಾಶಾ,TODO,noun,ಆ,yes
ಕಲೆಗಳು,TODO,noun,ಉ,yes
ಸಾಮ್ರಾಜ್ಯಗಳಿಗೆ,TODO,noun,ಎ,yes
ಲೋಕಾಪುರ,TODO,noun,ಅ,yes
ಚಿಕ್ಕಮಗಳೂರು,TODO,noun,ಉ,yes
ಎಂದೊಡನೆ,TODO,noun,ಎ,yes
೯೧೧,TODO,noun,ಅ,yes
ಸಾಹಿತಿಗಳಲ್ಲಿ,TODO,noun,ಇ,yes
ಮತ್ತು,TODO,noun,ಉ,yes
ನಡುವೆ,TODO,noun,ಎ,yes
ಇತಿಹಾಸ,TODO,noun,ಅ,yes
ಪರಿವರ್ತಿತವಾಗಿದೆ,TODO,noun,ಎ,yes
ಅಂತ್ಯಗೊಳಿಸುವಲ್ಲಿ,TODO,noun,ಇ,yes
ಇದರ,TODO,noun,ಅ,yes
ಆದರ್ಶ,TODO,noun,ಅ,yes
ದರ್ಶನವನ್ನು,TODO,noun,ಉ,yes
ಬಂಡಾಯ,TODO,noun,ಅ,yes
ಕೆತ್ತನೆಯ,TODO,noun,ಅ,yes
ನರಸಿಂಹನಿಗೋಸ್ಕರ,TODO,noun,ಅ,yes
ಒಂದಾಗಿದೆ,TODO,noun,ಎ,yes
ಇದನ್ನರಿತ,TODO,noun,ಅ,yes
ಮೈಸೂರಿಗೆ,TODO,noun,ಎ,yes
ಶುರುವಾಗಿದ್ದು,TODO,noun,ಉ,yes
ನಿಂತರೆ,TODO,noun,ಎ,yes
ಆನೆಗೆ,TODO,noun,ಎ,yes
ಛಾಯಾಚಿತ್ರಗಳು,TODO,noun,ಉ,yes
ಲಿಂಗ,TODO,noun,ಅ,yes
ಆತ್ಮಸಾಕ್ಷಾತ್ಕಾರವೇ,TODO,noun,ಏ,yes
ಹೊರಗೆ,TODO,noun,ಎ,yes
ಯಾದವಗಿರಿ,TODO,noun,ಇ,yes
ಕೆಚ್ಚನ್ನೂ,TODO,noun,ಊ,yes
ಕುವೆಂಪುನಗರ,TODO,noun,ಅ,yes
ಹಾ,TODO,noun,ಆ,yes
೩೧,TODO,noun,ಅ,yes
ಹುಡುಗಿಗೆ,TODO,noun,ಎ,yes
ಅವಶೇಷಗಳಿಗೆ,TODO,noun,ಎ,yes
ಪ್ರಾರಂಭದಲ್ಲಿ,TODO,noun,ಇ,yes
ಅಗತ್ಯವಾದ,TODO,noun,ಅ,yes
ನಿರ್ಮಿಸಲಾಗಿದೆ,TODO,noun,ಎ,yes
ಸಿದ್ಧಗಂಗಾ,TODO,noun,ಆ,yes
ನಗರದಲ್ಲೇ,TODO,noun,ಏ,yes
ಹೋಲುತ್ತದೆ,TODO,noun,ಎ,yes
ಪ್ರದೇಶಗಳನ್ನು,TODO,noun,ಉ,yes
ಆಕಾರದ,TODO,noun,ಅ,yes
ತೊಡಗಿದವರು,TODO,noun,ಉ,yes
ಶೈಲಿಯ,TODO,noun,ಅ,yes
ಹುಬ್ಬಳ್ಳಿ,TODO,noun,ಇ,yes
ಜಾತೀಯತೆಯನ್ನು,TODO,noun,ಉ,yes
ಕೊಡಬಹುದಾದಂತಹ,TODO,noun,ಅ,yes
ಎಂಬ,TODO,noun,ಅ,yes
ನೋಡಬಹುದಾಗಿದೆ,TODO,noun,ಎ,yes
ನಂಬಿದ,TODO,noun,ಅ,yes
ಹೆದ್ದಾರಿಗಳು,TODO,noun,ಉ,yes
ನದಿ,TODO,noun,ಇ,yes
ಇರುವ,TODO,noun,ಅ,yes
ಬಳಿಕ,TODO,noun,ಅ,yes
ಕಿಟಕಿಗಳಿವೆ,TODO,noun,ಎ,yes
ಹೊಂದಿರುವುದು,TODO,noun,ಉ,yes
ನೀಡಲಾಯಿತು,TODO,noun,ಉ,yes
ಯಲ್ಲಿ,TODO,noun,ಇ,yes
ಹೊನ್ನೂರು,TODO,noun,ಉ,yes
ಹಂಪಿಯಲ್ಲಿದ್ದ,TODO,noun,ಅ,yes
ಮಲ್ಲಿಗೆ,TODO,noun,ಎ,yes
ಇಡಲಾಗಿದೆ,TODO,noun,ಎ,yes
ಕಿಲೋ,TODO,noun,ಓ,yes
ಭಾವಗೀತೆಗಳು,TODO,noun,ಉ,yes
ಓಡಾಡುತ್ತಿವೆ,TODO,noun,ಎ,yes
ನರಸಿಂಹರಾಜಪುರ,TODO,noun,ಅ,yes
ಕುಶಲಿಗಳಿಂದ,TODO,noun,ಅ,yes
ಜನಪ್ರಿಯತೆ,TODO,noun,ಎ,yes
ಬಹಳ,TODO,noun,ಅ,yes
ನಿರ್ವಹಣೆ,TODO,noun,ಎ,yes
ಪ್ರದೇಶವು,TODO,noun,ಉ,yes
ಇತ್ತು,TODO,noun,ಉ,yes
ಬನುಮಯ್ಯ,TODO,noun,ಅ,yes
ಹೆಸರಿನಲ್ಲಿ,TODO,noun,ಇ,yes
ಗೋಪುರವನ್ನು,TODO,noun,ಉ,yes
ಹೊತ್ತಿನಲ್ಲಿ,TODO,noun,ಇ,yes
ಕೆತ್ತಲಾದ,TODO,noun,ಅ,yes
ಪಂಪ,TODO,noun,ಅ,yes
ಅಭಯಾರಣ್ಯಗಳ,TODO,noun,ಅ,yes
ಹಿಂದೂಸ್ಥಾನಿ,TODO,noun,ಇ,yes
ಈಗ,TODO,noun,ಅ,yes
ಮಾಡಲ್ಪಡುತ್ತಿತ್ತು,TODO,noun,ಉ,yes
ವಿವರಿಸಲಾರದು,TODO,noun,ಉ,yes
ಹೆಸರಾದ,TODO,noun,ಅ,yes
ಬರುವ,TODO,noun,ಅ,yes
ರಾಜ್ಯಕ್ಕೆ,TODO,noun,ಎ,yes
ಆಶ್ವಯುಜ,TODO,noun,ಅ,yes
ಏಕಾಂತ,TODO,noun,ಅ,yes
ಮಟ್ಟದಿಂದ,TODO,noun,ಅ,yes
ಲೋಕೇಶ,TODO,noun,ಅ,yes
ಪರಿಣಾಮ,TODO,noun,ಅ,yes
ಪ್ರದೇಶದ,TODO,noun,ಅ,yes
ಕೇಂದ್ರಗಳು,TODO,noun,ಉ,yes
ಮಹಿಸೂರು,TODO,noun,ಉ,yes
ಚಿಕ್ಕಂದಿನಿಂದಲೇ,TODO,noun,ಏ,yes
ವಿಜಯಪುರ,TODO,noun,ಅ,yes
ಧರ್ಮಸ್ಥಳ,TODO,noun,ಅ,yes
ಅನ್ನು,TODO,noun,ಉ,yes
ದೋಷಗಳಿದ್ದರೂ,TODO,noun,ಊ,yes
ಹನುಮಂತೇಶ್ವರ,TODO,noun,ಅ,yes
ನಡೆದದ್ದು,TODO,noun,ಉ,yes
ರಾಜ್ಯದಲ್ಲಿರುವ,TODO,noun,ಅ,yes
ಕಟ್ಟುವ,TODO,noun,ಅ,yes
ಇರುವುದರಿಂದಲೇ,TODO,noun,ಏ,yes
ವೀರನಗೆರೆ,TODO,noun,ಎ,yes
ಶೈಲಿಯನ್ನು,TODO,noun,ಉ,yes
ಉನ್ನತ,TODO,noun,ಅ,yes
ಚಿಕ್ಕದಾದ,TODO,noun,ಅ,yes
ರಸಪ್ರವಾಹ,TODO,noun,ಅ,yes
ಕುಮಾರವ್ಯಾಸನು,TODO,noun,ಉ,yes
ಅಲಂಕಾರಗಳನ್ನು,TODO,noun,ಉ,yes
ಕಾಲಕ್ಕೆ,TODO,noun,ಎ,yes
ರಾಜ್ಯಗಳಿಂದ,TODO,noun,ಅ,yes
ಮೂರನೆ,TODO,noun,ಎ,yes
೭ನೇ,TODO,noun,ಏ,yes
ಇಪ್ಪತ್ತನೆ,TODO,noun,ಎ,yes
ಸಾಹಿತಿ,TODO,noun,ಇ,yes
ವಿವೇಕಾನಂದನಗರ,TODO,noun,ಅ,yes
ವಿಶಿಷ್ಟವಾದ,TODO,noun,ಅ,yes
ಮೈಲಿಗಳ,TODO,noun,ಅ,yes
ಮುಖ್ಯವಾಗಿ,TODO,noun,ಇ,yes
ಗಿಂತಲೂ,TODO,noun,ಊ,yes
ಕಟ್ಟಿಸಿ,TODO,noun,ಇ,yes
ನಾಲ್ಕನೆ,TODO,noun,ಎ,yes
ಬ್ಯಾಂಕಿಂಗ್ನ,TODO,noun,ಅ,yes
ಅಗ್ರಮಾನ್ಯ,TODO,noun,ಅ,yes
ಎಂದರೆ,TODO,noun,ಎ,yes
ಚರ್ಚ್,TODO,noun,ಚ,yes
೧೮೯೭,TODO,noun,ಅ,yes
ವಿಜಯನಗರದ,TODO,noun,ಅ,yes
ನೆಯ,TODO,noun,ಅ,yes
ಇಪ್ಪತ್ತನೆಯ,TODO,noun,ಅ,yes
ವಿದ್ಯಾರಣ್ಯಪುರಂ,TODO,noun,ಂ,yes
ಭಾಗದಲ್ಲಿದ್ದು,TODO,noun,ಉ,yes
ವಾಸ್ತುಶಿಲ್ಪಿಗಳು,TODO,noun,ಉ,yes
ಪ್ರದೇಶದಿಂದ,TODO,noun,ಅ,yes
ಪಾಳೇಗಾರರು,TODO,noun,ಉ,yes
೧೯೩೨ರಲ್ಲಿ,TODO,noun,ಇ,yes
ಹತನಾಗುತ್ತಾನೆ,TODO,noun,ಎ,yes
ಗುರಗುಂಜಿ,TODO,noun,ಇ,yes
ಕಂಬಗಳುಳ್ಳ,TODO,noun,ಅ,yes
ಸಿಂಗರಿಸಿ,TODO,noun,ಇ,yes
ವಿಗ್ರಹ,TODO,noun,ಅ,yes
ತಾರತಮ್ಯಗಳಿಂದ,TODO,noun,ಅ,yes
ಅವಧಿಯ,TODO,noun,ಅ,yes
ಸುತ್ತ,TODO,noun,ಅ,yes
ಕೇಶವ,TODO,noun,ಅ,yes
ಅಧ್ಯಯನಾಂಗ,TODO,noun,ಅ,yes
ಆನೆಗೊಂದಿ,TODO,noun,ಇ,yes
ಬೆ೦ಗಳೂರಿಗೆ,TODO,noun,ಎ,yes
ನೃಸಿಂಹಸ್ವಾಮಿ,TODO,noun,ಇ,yes
ಜನಗಣತಿಯ,TODO,noun,ಅ,yes
ಭಾಷೆಯಿಂದ,TODO,noun,ಅ,yes
ಪ್ರದೇಶಗಳು,TODO,noun,ಉ,yes
ದೇವಸ್ಥಾನದ,TODO,noun,ಅ,yes
ಇವರಿಗೆ,TODO,noun,ಎ,yes
ಸಲ್ಲಿಸಿದರು,TODO,noun,ಉ,yes
ಗಳಿಸಿದ,TODO,noun,ಅ,yes
ಬರೆಸಿ,TODO,noun,ಇ,yes
ಮಿಂಚಿನ,TODO,noun,ಅ,yes
ಮಲೆಗಳಲ್ಲಿ,TODO,noun,ಇ,yes
ಹಿತರಕ್ಷಣೆಗಾಗಿ,TODO,noun,ಇ,yes
ಸಂಗ್ರಹಾಲಯದಲ್ಲಿ,TODO,noun,ಇ,yes
ನಡುಹೊಳೆ,TODO,noun,ಎ,yes
ಹಲವು,TODO,noun,ಉ,yes
ಒಂಬತ್ತು,TODO,noun,ಉ,yes
ತನ್ನೊಡಲಲ್ಲಿ,TODO,noun,ಇ,yes
ಶುಷ್ಕ,TODO,noun,ಅ,yes
ಬಡವಿಲಿಂಗ,TODO,noun,ಅ,yes
ಮಧ್ಯದಲ್ಲಿ,TODO,noun,ಇ,yes
ಚಂದ್ರಗಿರಿಯ,TODO,noun,ಅ,yes
ಅಂಕುಶವನ್ನು,TODO,noun,ಉ,yes
ಕರೆಯಲಾಗುತ್ತದೆ,TODO,noun,ಎ,yes
ಡಿ,TODO,noun,ಇ,yes
ದೇವಸ್ಥಾನವಿದೆ,TODO,noun,ಎ,yes
ಒಂದು,TODO,noun,ಉ,yes
ಉತ್ತರ,TODO,noun,ಅ,yes
೧೫೦೦,TODO,noun,ಅ,yes
ಆಗಸ್ಟ್,TODO,noun,ಟ,yes
ಆಗಿತ್ತು,TODO,noun,ಉ,yes
ದೋಸೆ,TODO,noun,ಎ,yes
ಹುಟ್ಟಿ,TODO,noun,ಇ,yes
ಮಾಡಿವೆ,TODO,noun,ಎ,yes
ಜನಪ್ರಿಯವಾದ,TODO,noun,ಅ,yes
ಶಿವರಾತ್ರಿಯಾದ,TODO,noun,ಅ,yes
ನಾಗರಹೊಳೆ,TODO,noun,ಎ,yes
ಸಂಶೋಧನಾಂಗ,TODO,noun,ಅ,yes
ರಾಯಲ್,TODO,noun,ಲ,yes
ಮೊದಲಿನಿಂದಲೂ,TODO,noun,ಊ,yes
ತಿಳಿದುಬರುತ್ತದೆ,TODO,noun,ಎ,yes
ಹಳ್ಳಿಯು,TODO,noun,ಉ,yes
ಶಿವಮೊಗ್ಗ,TODO,noun,ಅ,yes
ಎಂದಾಗುತ್ತದೆ,TODO,noun,ಎ,yes
ಅನುಕೂಲ,TODO,noun,ಅ,yes
ಬಸವಕಲ್ಯಾಣ,TODO,noun,ಅ,yes
ವೆಅಲ್ಥ್,TODO,noun,ಥ,yes
ಚಾರಗಳಿಗೆ,TODO,noun,ಎ,yes
ಮೂಲತಃ,TODO,noun,ಃ,yes
ಆಕಾಂಕ್ಷೆ,TODO,noun,ಎ,yes
ಈಡೇರಿಸಲು,TODO,noun,ಉ,yes
ಕಲ್ಲಿನಿಂದ,TODO,noun,ಅ,yes
ಕಿಲೋಮೀಟರ್,TODO,noun,ರ,yes
ಕನ್ನಡದ,TODO,noun,ಅ,yes
ತವರೂರಾದ,TODO,noun,ಅ,yes
ಕೇರಳದಿಂದ,TODO,noun,ಅ,yes
ನಿರ್ದಿಷ್ಟ,TODO,noun,ಅ,yes
ಸುಜನಾ,TODO,noun,ಆ,yes
ನಿಧಾನವಾಗಿ,TODO,noun,ಇ,yes
ಅಂತೇ,TODO,noun,ಏ,yes
ಐಸಿರಿ,TODO,noun,ಇ,yes
ಶಿಲ್ಪಗಳು,TODO,noun,ಉ,yes
ಮೀಟರ್,TODO,noun,ರ,yes
ನವಿರೇಳಿಸುವ,TODO,noun,ಅ,yes
ಪ್ರತಿರೂಪ,TODO,noun,ಅ,yes
ಒಬ್ಬರಾಗಿದ್ದಾರೆ,TODO,noun,ಎ,yes
ವಿರಮಿಸುವವರು,TODO,noun,ಉ,yes
ದೇಶದಿಂದ,TODO,noun,ಅ,yes
ನಾಡು,TODO,noun,ಉ,yes
ಚಟುವಟಿಕೆ,TODO,noun,ಎ,yes
ಕನ್ನಡದಲ್ಲಿ,TODO,noun,ಇ,yes
ಮಾಡಿದಾಗ,TODO,noun,ಅ,yes
ಬಾಳಿನಲ್ಲಿ,TODO,noun,ಇ,yes
ಜಿಲ್ಲೆಗಳ,TODO,noun,ಅ,yes
ಸಹೃದಯರನ್ನು,TODO,noun,ಉ,yes
ಪುರಾಣದಲ್ಲಿ,TODO,noun,ಇ,yes
ಜಿಲ್ಲೆಗಳಾದ,TODO,noun,ಅ,yes
ಮೋಹಲ್ಲ,TODO,noun,ಅ,yes
ಸಮನ್ವಯದಿಂದ,TODO,noun,ಅ,yes
ಇದ್ದು,TODO,noun,ಉ,yes
ಕೆತ್ತಲಾಗಿದೆ,TODO,noun,ಎ,yes
ಇದುವರೆಗೆ,TODO,noun,ಎ,yes
ಭಾರತಾದಾದ್ಯಂತ,TODO,noun,ಅ,yes
ತಿನಿಸುಗಳ,TODO,noun,ಅ,yes
ದೇವಾಲಯ,TODO,noun,ಅ,yes
ಆವರಣದಲ್ಲಿ,TODO,noun,ಇ,yes
ದಂಡನಾಯಕ,TODO,noun,ಅ,yes
ಅರಮನೆಗಳು,TODO,noun,ಉ,yes
ಮತ್ತಾವ,TODO,noun,ಅ,yes
ತಿಳಿಯಬಹುದು,TODO,noun,ಉ,yes
ಆದರೂ,TODO,noun,ಊ,yes
ಶೂದ್ರ,TODO,noun,ಅ,yes
ತಿದ್ದುತ್ತಿದೆ,TODO,noun,ಎ,yes
ಕಡಿಮೆ,TODO,noun,ಎ,yes
ಮಾತ್ರ,TODO,noun,ಅ,yes
ಸುಬ್ರಹ್ಮಣ್ಯ,TODO,noun,ಅ,yes
ಯಾರು,TODO,noun,ಉ,yes
ಕಾಣುವ,TODO,noun,ಅ,yes
ಶಾಂತಿ,TODO,noun,ಇ,yes
ನೀಡಿದವರು,TODO,noun,ಉ,yes
ನಿಜವಾದ,TODO,noun,ಅ,yes
ನಕ್ಷತ್ರದ,TODO,noun,ಅ,yes
ಮೌಢ್ಯಗಳಿಗೆ,TODO,noun,ಎ,yes
ಬಾಳ,TODO,noun,ಅ,yes
ಹಾಡುಗಳನ್ನು,TODO,noun,ಉ,yes
ಹಿಂಬದಿಯಲ್ಲಿದ್ದು,TODO,noun,ಉ,yes
ಮಾತನಾಡುವವರು,TODO,noun,ಉ,yes
ಮಾದರಿಗಳು,TODO,noun,ಉ,yes
ರಚನೆಗಳಿದ್ದು,TODO,noun,ಉ,yes
ಬಾಳೆ,TODO,noun,ಎ,yes
ಬಂಡೀಪುರ,TODO,noun,ಅ,yes
ಇಂಬುಕೊಟ್ಟಿದೆ,TODO,noun,ಎ,yes
ಮ೦ಡಕಳ್ಳಿ,TODO,noun,ಇ,yes
ಮಹಿಳೆಯರು,TODO,noun,ಉ,yes
ಮಹತ್ತರವಾದ,TODO,noun,ಅ,yes
ನೈತಿಕ,TODO,noun,ಅ,yes
ಸುಗ್ರೀವನ,TODO,noun,ಅ,yes
ಪ್ರಸ್ತುತ,TODO,noun,ಅ,yes
ದಿನಗಳ,TODO,noun,ಅ,yes
ಹಿತಕಾರ್ಯದಿಂದ,TODO,noun,ಅ,yes
೧೯೭೩ಕ್ಕೆ,TODO,noun,ಎ,yes
ಜನ್ಮ,TODO,noun,ಅ,yes
ಧಾರವಾಡ,TODO,noun,ಅ,yes
ಮಾತನಾಡುವ,TODO,noun,ಅ,yes
ಹಂಪಿಯಲ್ಲಿ,TODO,noun,ಇ,yes
ಬಹುತೇಕ,TODO,noun,ಅ,yes
೨೦೦೧,TODO,noun,ಅ,yes
ಗೇಮ್ಸ್,TODO,noun,ಸ,yes
ಪ್ರಚಲಿತವಾಗಿರುವ,TODO,noun,ಅ,yes
ಚಾಮುಂಡೇಶ್ವರಿಯನ್ನು,TODO,noun,ಉ,yes
ವಿರಳರ,TODO,noun,ಅ,yes
ಮಿಷನ್,TODO,noun,ನ,yes
ಸೌಂದರ್ಯಯುಕ್ತ,TODO,noun,ಅ,yes
ಉತ್ತರದಲ್ಲಿ,TODO,noun,ಇ,yes
ಹೊಸ,TODO,noun,ಅ,yes
ಕೆರೆಸಂತೆ,TODO,noun,ಎ,yes
ದೇಶ,TODO,noun,ಅ,yes
ಚಿರಪರಿಚಿತವಾಗಿದೆ,TODO,noun,ಎ,yes
ವಿಮುಖರಾಗಿಲ್ಲ,TODO,noun,ಅ,yes
ಮೂಡಬೂಳ,TODO,noun,ಅ,yes
ಮುಂಡರೆಂಬ,TODO,noun,ಅ,yes
ಲಕ್ಕಮ್ಮ,TODO,noun,ಅ,yes
ಉಗ್ರ,TODO,noun,ಅ,yes
ನಿರ್ಮಿಸಿ,TODO,noun,ಇ,yes
ದರ್ಗ,TODO,noun,ಅ,yes
ನಿಧನರಾದರು,TODO,noun,ಉ,yes
ಉಂಟಾಗಿತ್ತು,TODO,noun,ಉ,yes
ಆವರಣವನ್ನು,TODO,noun,ಉ,yes
ವಿನ್ಯಾಸಗಳ,TODO,noun,ಅ,yes
ಡಿಸೆಂಬರ್,TODO,noun,ರ,yes
ವಾಗಿದೆ,TODO,noun,ಎ,yes
ಛಾಯಾದೇವಿ,TODO,noun,ಇ,yes
ಜೊತೆಗೆ,TODO,noun,ಎ,yes
ರಾಜ್ಯದಲ್ಲಿ,TODO,noun,ಇ,yes
ಅರ್ಪಿಸಿದ,TODO,noun,ಅ,yes
ಇಂತಹ,TODO,noun,ಅ,yes
ಪದವಿಯನ್ನೂ,TODO,noun,ಊ,yes
ಕನ್ನಡ,TODO,noun,ಅ,yes
ತಮಿಳುನಾಡು,TODO,noun,ಉ,yes
ಮಾತೃದೇವತೆಯ,TODO,noun,ಅ,yes
ಮುತ್ತಲ,TODO,noun,ಅ,yes
ಗುಡಿಯಲ್ಲಿ,TODO,noun,ಇ,yes
ಭಾಗದಲ್ಲಿ,TODO,noun,ಇ,yes
ಜಂಕ್ಷನ್,TODO,noun,ನ,yes
ಹೊಳೆ,TODO,noun,ಎ,yes
ಕಲ್ಲುಗಳು,TODO,noun,ಉ,yes
ಕಳೆಯಿತು,TODO,noun,ಉ,yes
ಗೋಪಾಲಕೃಷ್ಣ,TODO,noun,ಅ,yes
ದೇವಸ್ಥಾನಕರ್ನಾಟಕದ,TODO,noun,ಅ,yes
ಮಾಡಲಾಗಿದೆ,TODO,noun,ಎ,yes
ವಿಷಯದಲ್ಲಿ,TODO,noun,ಇ,yes
ವೀಳ್ಯದ,TODO,noun,ಅ,yes
೧೫೦೬ರಲ್ಲಿ,TODO,noun,ಇ,yes
೭೦೦ನೇ,TODO,noun,ಏ,yes
ಹೌಸ್ನಲ್ಲಿ,TODO,noun,ಇ,yes
ತಾಣ,TODO,noun,ಅ,yes
ತನ್ನ,TODO,noun,ಅ,yes
ಚಾಮರಾಜನಗರಕ್ಕೆ,TODO,noun,ಎ,yes
ಒಳಭಾಗದಲ್ಲಿದ್ದು,TODO,noun,ಉ,yes
ಸಾಮಾನ್ಯ,TODO,noun,ಅ,yes
ಕಂಡಿತು,TODO,noun,ಉ,yes
ಎಲ್ಲಕ್ಕಿಂತ,TODO,noun,ಅ,yes
ನಡೆಯುತ್ತಿರುವ,TODO,noun,ಅ,yes
ತಪ್ಪಿಲ್ಲದಿದ್ದರೂ,TODO,noun,ಊ,yes
ವಾರ್ಷಿಕೋತ್ಸವವು,TODO,noun,ಉ,yes
ಭಾಗಗಳನ್ನಾಗಿ,TODO,noun,ಇ,yes
ಮಾಡಿದ್ದಳು,TODO,noun,ಉ,yes
ದೇವರಗುಡ್ಡ,TODO,noun,ಅ,yes
ನಾಮಕರಣ,TODO,noun,ಅ,yes
ಮತ್ತೆ,TODO,noun,ಎ,yes
ಬೆಟ್ಟವು,TODO,noun,ಉ,yes
ಪುರಾಣ,TODO,noun,ಅ,yes
ಪಡಿಸಲು,TODO,noun,ಉ,yes
ನವರಾತ್ರಿ,TODO,noun,ಇ,yes
ಪೂರ್ವ,TODO,noun,ಅ,yes
ಪ್ರಶಸ್ತಿ,TODO,noun,ಇ,yes
ಪಿ,TODO,noun,ಇ,yes
ವಿವಿಧೆಡೆಗಳಿಗೆ,TODO,noun,ಎ,yes
ತೋಟಗಳು,TODO,noun,ಉ,yes
ಇವುಗಳ,TODO,noun,ಅ,yes
ದೊಡ್ಡದೇವರಾಜ,TODO,noun,ಅ,yes
ಗಾಡಿಗಳು,TODO,noun,ಉ,yes
ಸಂಪ್ರದಾಯಗಳಿಗೆ,TODO,noun,ಎ,yes
ಕಿ೦ಗ್ಫಫಿಶರ್,TODO,noun,ರ,yes
ಕೆಲಸವು,TODO,noun,ಉ,yes
ಶೋಷಣೆ,TODO,noun,ಎ,yes
ಗಾಣಗಾಪುರ,TODO,noun,ಅ,yes
೧೯೯೪,TODO,noun,ಅ,yes
ಸಾಹಿತ್ಯಕ್ಕೆ,TODO,noun,ಎ,yes
ಕೂಡಿರುವ,TODO,noun,ಅ,yes
ಬ್ಯಾಂಕುಗಳನ್ನು,TODO,noun,ಉ,yes
ವಿಂಗಡಿಸಬಹುದು,TODO,noun,ಉ,yes
ಅಭಿಮಾನದ,TODO,noun,ಅ,yes
ಕೊಡಗು,TODO,noun,ಉ,yes
ವ್ಯಷ್ಠಿ,TODO,noun,ಇ,yes
ರೂಪ,TODO,noun,ಅ,yes
ನಾಶ,TODO,noun,ಅ,yes
ಸ್ಮಾರಕವಾಗಿದೆ,TODO,noun,ಎ,yes
ಯುಗ,TODO,noun,ಅ,yes
ಕವಿಗಳು,TODO,noun,ಉ,yes
ಜಿಲ್ಲೆಗಳಿವೆ,TODO,noun,ಎ,yes
ಶಿಕ್ಷಣ,TODO,noun,ಅ,yes
ಮೆಷಿನ್,TODO,noun,ನ,yes
ಆಸಕ್ತಿ,TODO,noun,ಇ,yes
ಸ್ಮಾರಕಗಳನ್ನು,TODO,noun,ಉ,yes
ಹಿಂದು,TODO,noun,ಉ,yes
ನಿಂತದ್ದು,TODO,noun,ಉ,yes
ಎಂ,TODO,noun,ಂ,yes
ಕವಿ,TODO,noun,ಇ,yes
ಸಂಜೀವನಶಕ್ತಿಯಾಗಿ,TODO,noun,ಇ,yes
ಪಿಂಗಾಣಿ,TODO,noun,ಇ,yes
ಬಾಳಾಸಾಹೇಬ,TODO,noun,ಅ,yes
ಹರಿದು,TODO,noun,ಉ,yes
ತಣಿಸುತ್ತಾ,TODO,noun,ಆ,yes
ಸತಿ,TODO,noun,ಇ,yes
ಕತೆ,TODO,noun,ಎ,yes
ಕೇಳಿತು,TODO,noun,ಉ,yes
ಕಲ್ಪವೃಕ್ಷ,TODO,noun,ಅ,yes
ಮಂಚೇಗೌಡನಕೊಪ್ಪಲು,TODO,noun,ಉ,yes
ಬಹುಪಾಲು,TODO,noun,ಉ,yes
ಪ್ರಮುಖ,TODO,noun,ಅ,yes
ಇರುತ್ತಾರೆ,TODO,noun,ಎ,yes
ಸಪ್ತಸ್ವರ,TODO,noun,ಅ,yes
ಬಡಗ,TODO,noun,ಅ,yes
ಸರಕಾರಗಳು,TODO,noun,ಉ,yes
ಲಾಯ,TODO,noun,ಅ,yes
ಆದರ್ಶಪ್ರಿಯತೆ,TODO,noun,ಎ,yes
೧೯೫೦,TODO,noun,ಅ,yes
ಕಮಲಾಪುರ,TODO,noun,ಅ,yes
ಉಪಾಧಿಗಳೂ,TODO,noun,ಊ,yes
ಆಚರಿಸುವುದಾಗಿ,TODO,noun,ಇ,yes
ಆನೆಗುಂಡಿ,TODO,noun,ಇ,yes
ಉತ್ತಮ,TODO,noun,ಅ,yes
ಭಕ್ತವೃಂದಕ್ಕೆ,TODO,noun,ಎ,yes
ವೈಚಾರಿಕತೆಯ,TODO,noun,ಅ,yes
ನೀಡಲಾಗಿದೆ,TODO,noun,ಎ,yes
ಆರಂಭಿಸಿದರು,TODO,noun,ಉ,yes
ಬೇಂದ್ರೆ,TODO,noun,ಎ,yes
ಕಿರಣಗಳು,TODO,noun,ಉ,yes
ಪಡೆದವರಾಗಿದ್ದಾರೆ,TODO,noun,ಎ,yes
ಲಿಂಗವು,TODO,noun,ಉ,yes
ಮಿತಿ,TODO,noun,ಇ,yes
ನೀಡಲೇ,TODO,noun,ಏ,yes
ತೀರದಲ್ಲಿ,TODO,noun,ಇ,yes
ತಮ್ಮನ್ನು,TODO,noun,ಉ,yes
ಹಲವೆಡೆ,TODO,noun,ಎ,yes
ಪಟ್ಟಣಗಳನ್ನು,TODO,noun,ಉ,yes
೧೪,TODO,noun,ಅ,yes
ನೇ,TODO,noun,ಏ,yes
ಹಲವಂದದಲಿ,TODO,noun,ಇ,yes
ಇಲ್ಲಿನ,TODO,noun,ಅ,yes
ಪೀಠ,TODO,noun,ಅ,yes
ದೇವಾಲಯದಲ್ಲಿರುವ,TODO,noun,ಅ,yes
ರಾಜಾ,TODO,noun,ಆ,yes
ಕೋಟಿ,TODO,noun,ಇ,yes
ನಿರ್ಮಿಸಲ್ಪಟ್ಟಿತ್ತು,TODO,noun,ಉ,yes
ಕಟ್ಟಿದನೆಂಬುದು,TODO,noun,ಉ,yes
೩೪೩,TODO,noun,ಅ,yes
ಗ್ರಾನೈಟ್,TODO,noun,ಟ,yes
ರಾಜ್ಯ,TODO,noun,ಅ,yes
ಕಿಷ್ಕಿಂಧೆ,TODO,noun,ಎ,yes
ಎಂದರೂ,TODO,noun,ಊ,yes
ಎಡ,TODO,noun,ಅ,yes
ಜಗನ್,TODO,noun,ನ,yes
ಆರಂಭಿಕ,TODO,noun,ಅ,yes
ಬನವಾಸಿ,TODO,noun,ಇ,yes
ಉಬ್ಬಿರುವ,TODO,noun,ಅ,yes
ರೂಪನಗರ,TODO,noun,ಅ,yes
ಕಂಠೀರವ,TODO,noun,ಅ,yes
ಸ್ಥಳಗಳಿಗೆ,TODO,noun,ಎ,yes
ಸ್ತೂಪಗಳನ್ನು,TODO,noun,ಉ,yes
ಗಂಗೋತ್ರಿಯನ್ನು,TODO,noun,ಉ,yes
ವಾದಿ,TODO,noun,ಇ,yes
೧೯೯೧,TODO,noun,ಅ,yes
ಮಾದಿಕೊಟ್ಟಿವೆ,TODO,noun,ಎ,yes
ಕಂಬಗಳ,TODO,noun,ಅ,yes
ಮುಸ್ಲಿಂ,TODO,noun,ಂ,yes
ಅನ್ಯಾಯಗಳ,TODO,noun,ಅ,yes
ಸೇರ್ಪಡೆಗೊಂಡಿದ್ದರೆ,TODO,noun,ಎ,yes
ನೀಡುತ್ತದೆ,TODO,noun,ಎ,yes
ಕರೆಯಲಾಯಿತು,TODO,noun,ಉ,yes
ಒಡೆಯರ್,TODO,noun,ರ,yes
ಎಲ್ಲೆಡೆ,TODO,noun,ಎ,yes
ವ್ಯುತ್ಪತ್ತಿಯನ್ನು,TODO,noun,ಉ,yes
ಶಿಷ್ಟರಕ್ಷಕಿಯಾಗಿ,TODO,noun,ಇ,yes
ಹೊರಬಂದರು,TODO,noun,ಉ,yes
ಕೋ,TODO,noun,ಓ,yes
ವಿರುದ್ಧವಾಗಿ,TODO,noun,ಇ,yes
ಚಿತ್ರಿಸಲಾಗಿರುವ,TODO,noun,ಅ,yes
ಕಲ್ಲುಗಳಿಂದ,TODO,noun,ಅ,yes
ಗಣೇಶನು,TODO,noun,ಉ,yes
ಅಂದರೆ,TODO,noun,ಎ,yes
ಮುಕ್ತಿ,TODO,noun,ಇ,yes
ಹೆಸರುವಾಸಿಯಾಗಿದೆ,TODO,noun,ಎ,yes
ವಿಶ್ವವಿದ್ಯಾಲಯದ,TODO,noun,ಅ,yes
ಮಂಡಕಳ್ಳಿ,TODO,noun,ಇ,yes
ಏಳನೆಯವಳು,TODO,noun,ಉ,yes
ವೆಸ್ಲಿಯನ್,TODO,noun,ನ,yes
ಪ್ರವೃತ್ತಿ,TODO,noun,ಇ,yes
ಹಾಗೂ,TODO,noun,ಊ,yes
ಮಾನ್ಯತೆಯನ್ನು,TODO,noun,ಉ,yes
ಪ್ರಸ್ತಭೂಮಿಯ,TODO,noun,ಅ,yes
ಸ್ಥಳ,TODO,noun,ಅ,yes
ತಿಂದಿದ್ದರ,TODO,noun,ಅ,yes
ತಮ್ಮ,TODO,noun,ಅ,yes
ಮೀಸಲಾಗಿದ್ದುದರಿಂದ,TODO,noun,ಅ,yes
ಸಂಶಯವೂ,TODO,noun,ಊ,yes
ವೀಕ್ಷಿಸುತ್ತಿದ್ದರು,TODO,noun,ಉ,yes
ಕಾಮಧೇನು,TODO,noun,ಉ,yes
ಪ್ರಸಿದ್ಧಿ,TODO,noun,ಇ,yes
ನರಸೀಪುರವುಕಾವೇರಿ,TODO,noun,ಇ,yes
ಗುಂಡು,TODO,noun,ಉ,yes
ಪ್ರಬಲ,TODO,noun,ಅ,yes
ಶ್ರೇಷ್ಠತೆಯಿರುವುದು,TODO,noun,ಉ,yes
ರಾಮಾಯಣ,TODO,noun,ಅ,yes
ಕುಪ್ಪಳಿಯಲ್ಲಿರುವ,TODO,noun,ಅ,yes
ಹಂಪೆಯನ್ನು,TODO,noun,ಉ,yes
ಕ್ಯಾತಮಾರನಹಳ್ಳಿ,TODO,noun,ಇ,yes
ಹೈದರಾಬಾದ್,TODO,noun,ದ,yes
ಸಂಸ್ಕೃತಿ,TODO,noun,ಇ,yes
ಸತ್ಯವನ್ನೂ,TODO,noun,ಊ,yes
ಜನಗಣತಿ,TODO,noun,ಇ,yes
ನಿರಂಕುಶ,TODO,noun,ಅ,yes
ಕುಮಾರವ್ಯಾಸನ,TODO,noun,ಅ,yes
ಗುಂಜಾನರಸಿಂಹ,TODO,noun,ಅ,yes
ಮೈಲಾರ,TODO,noun,ಅ,yes
ಲೋಕ,TODO,noun,ಅ,yes
ಏಕೀಕರಣದ,TODO,noun,ಅ,yes
ತಂದೆಯ,TODO,noun,ಅ,yes
ಎರಡನೆ,TODO,noun,ಎ,yes
ಒದಗಿಸುತ್ತವೆ,TODO,noun,ಎ,yes
ದೇವಾಲಯದ,TODO,noun,ಅ,yes
ಅಂತ್ಯ,TODO,noun,ಅ,yes
ಚಮತ್ಕಾರಗಳ,TODO,noun,ಅ,yes
ಬೆಂಗಳೂರಿನಿಂದ,TODO,noun,ಅ,yes
ಪ್ರಸಾರಾಂಗ,TODO,noun,ಅ,yes
ಪಂಪಾಪತಿ,TODO,noun,ಇ,yes
ವರ್ಣದ,TODO,noun,ಅ,yes
ಪ್ಯಾಲೇಸ್,TODO,noun,ಸ,yes
ಮಾಡಿದ್ದು,TODO,noun,ಉ,yes
ಸಾಮಾಜಿಕ,TODO,noun,ಅ,yes
ಪ್ರತಿಸ್ಪರ್ಧಿಯಾಯಿತೆಂಬುದೇ,TODO,noun,ಏ,yes
ರಾಜ್ಯಭಾರ,TODO,noun,ಅ,yes
ಹಂಪಿಯಿಂದ,TODO,noun,ಅ,yes
ಅಳಿಯ,TODO,noun,ಅ,yes
ನಗರಗಳೆಂದರೆ,TODO,noun,ಎ,yes
ವೃಕ್ಷ,TODO,noun,ಅ,yes
ತೋರಿಸಬಹುದಾದರೂ,TODO,noun,ಊ,yes
ಕಾವ್ಯಶಕ್ತಿ,TODO,noun,ಇ,yes
ಮೂಲ,TODO,noun,ಅ,yes
ತಾರಿಣಿ,TODO,noun,ಇ,yes
ಆಳುತ್ತಿದ್ದ,TODO,noun,ಅ,yes
ಮಹಲುಗಳು,TODO,noun,ಉ,yes
ಅಲಂಕಾರಿಕ,TODO,noun,ಅ,yes
ಬೆಟ್ಟದಲ್ಲಿರುವ,TODO,noun,ಅ,yes
ರೊಮ್ಯಾಂಟಿಕ್,TODO,noun,ಕ,yes
ಹಾರಿ,TODO,noun,ಇ,yes
ರಾಜ್ಯದಿಂದ,TODO,noun,ಅ,yes
ಗುರುಗಳಾಗಿದ್ದರು,TODO,noun,ಉ,yes
ಸರ್ಪ,TODO,noun,ಅ,yes
ಆಯೋಜಿಸುವ,TODO,noun,ಅ,yes
ಲಭಿಸಿವೆ,TODO,noun,ಎ,yes
ಒಡೆಯುವಂತಾಗಿ,TODO,noun,ಇ,yes
ನಿರ್ವಹಿಸಲ್ಪಡುತ್ತಿದ್ದವು,TODO,noun,ಉ,yes
೧೦,TODO,noun,ಅ,yes
ಅಂಕಿ,TODO,noun,ಇ,yes
ಮಹಾರಾಣಿ,TODO,noun,ಇ,yes
ಪೆಡಸುಕಲ್ಲುಗಳು,TODO,noun,ಉ,yes
ದಡದಲ್ಲಿರುವ,TODO,noun,ಅ,yes
ರಕ್ಷಣೆಯು,TODO,noun,ಉ,yes
ಸಾರಿದ,TODO,noun,ಅ,yes
ಕಾವ್ಯದ,TODO,noun,ಅ,yes
ಹುಲಿಗೆಮ್ಮ,TODO,noun,ಅ,yes
ವಾಯವ್ಯದಲ್ಲಿ,TODO,noun,ಇ,yes
ಆಳಿದ್ದು,TODO,noun,ಉ,yes
ಪಿತಾಮಹರೆಂದರೆ,TODO,noun,ಎ,yes
ಕುಳಿತಿರುವ,TODO,noun,ಅ,yes
ಚಟುವಟಿಕೆಗಳನ್ನು,TODO,noun,ಉ,yes
ಟ್ರ್ಯಾಪ್ಸಲ್ಲಿರುವ,TODO,noun,ಅ,yes
ಅರಮನೆಗಳಿರುವುದರಿಂದ,TODO,noun,ಅ,yes
ಯೇಸುಕ್ರಿಸ್ತನ,TODO,noun,ಅ,yes
೧೫,TODO,noun,ಅ,yes
ನೀರಿನ,TODO,noun,ಅ,yes
ದೈತ್ಯ,TODO,noun,ಅ,yes
ಮಾಡಲ್ಪಟ್ಟಿದ್ದು,TODO,noun,ಉ,yes
ನೋಡಲೆ,TODO,noun,ಎ,yes
ಕೂಡಲ,TODO,noun,ಅ,yes
ವಿಸ್ತಾರವಾದ,TODO,noun,ಅ,yes
ಮಂಡ್ಯದ,TODO,noun,ಅ,yes
ಪ್ರೇಮ,TODO,noun,ಅ,yes
ಹೇಮಕೂಟ,TODO,noun,ಅ,yes
ಧ್ವನಿ,TODO,noun,ಇ,yes
ಕಾರ್ಯಾರಂಭ,TODO,noun,ಅ,yes
ಶಿಲಾಯುಗದಷ್ಟು,TODO,noun,ಉ,yes
ಜನ್ಮೋದ್ದೇಶವಾದ,TODO,noun,ಅ,yes
ಬರೆಯಬಲ್ಲರು,TODO,noun,ಉ,yes
ಜನಸಂಪರ್ಕದಿಂದ,TODO,noun,ಅ,yes
ಕೋಣ,TODO,noun,ಅ,yes
ಕೇಂದ್ರವಾಗಿದ್ದು,TODO,noun,ಉ,yes
ವಾಗಿದ್ದು,TODO,noun,ಉ,yes
ತಲೆಮಾರಿನ,TODO,noun,ಅ,yes
ಭದ್ರವಾಗಿದೆಯೆಂಬುದರಲ್ಲಿ,TODO,noun,ಇ,yes
ಜೀವವಿಲ್ಲದ,TODO,noun,ಅ,yes
೧೯೦೪,TODO,noun,ಅ,yes
ಭಾರತೀಯರ,TODO,noun,ಅ,yes
ದೇವತೆಯು,TODO,noun,ಉ,yes
ತಲುಪಿದಾಗ,TODO,noun,ಅ,yes
ತಮಗೆ,TODO,noun,ಎ,yes
ಸಾರ್ವಕಾಲಿಕ,TODO,noun,ಅ,yes
ಮಹಿಷಾಸುರ,TODO,noun,ಅ,yes
ಜನಾಂಗ,TODO,noun,ಅ,yes
ಯಾಗಿದೆ,TODO,noun,ಎ,yes
ಸ್ಥಳೀಯ,TODO,noun,ಅ,yes
ಎಂದು,TODO,noun,ಉ,yes
ಬಿದರಿಕಲೆಗೆ,TODO,noun,ಎ,yes
ಕ್ರಮದಲ್ಲಿ,TODO,noun,ಇ,yes
ಮೂಲಸ್ಥಾನೇಶ್ವರ,TODO,noun,ಅ,yes
ಮಹಾಸಂಸ್ಥಾನವನ್ನು,TODO,noun,ಉ,yes
ಆದಿಯಲ್ಲಿ,TODO,noun,ಇ,yes
ದೇವತೆ,TODO,noun,ಎ,yes
ಬೇರ್ಪಟ್ಟು,TODO,noun,ಉ,yes
ಧ್ರುವತಾರೆಯಾಗಿ,TODO,noun,ಇ,yes
ಕೊಡಮಾಡುವ,TODO,noun,ಅ,yes
ಭಾಷೆಯಲ್ಲಾದರೂ,TODO,noun,ಊ,yes
ಸರ್ಪವನ್ನು,TODO,noun,ಉ,yes
ಟ್ರಸ್ಟ್,TODO,noun,ಟ,yes
ಗ್ರಾಮ,TODO,noun,ಅ,yes
ಕಟೀಲು,TODO,noun,ಉ,yes
ಸೃಷ್ಟಿಯಲ್ಲಿ,TODO,noun,ಇ,yes
ವಾಗಲೆಂದು,TODO,noun,ಉ,yes
ಇದಕ್ಕೆ,TODO,noun,ಎ,yes
ಕುಂಬಾರ,TODO,noun,ಅ,yes
ಆಗಿದ್ದರು,TODO,noun,ಉ,yes
ಲಕ್ಷ್ಮಿನರಸಿಂಹ,TODO,noun,ಅ,yes
ತುಂಬಾ,TODO,noun,ಆ,yes
ಮಹಿಷೂರಿನ,TODO,noun,ಅ,yes
ಹಿರಿಯ,TODO,noun,ಅ,yes
ಇಟ್ಟಿಗೆಗೂಡು,TODO,noun,ಉ,yes
ಭಾರತ,TODO,noun,ಅ,yes
ತಾಯಿಯ,TODO,noun,ಅ,yes
ತಮಿಳುನಾಡಿ,TODO,noun,ಇ,yes
ಮಹಿಷನ,TODO,noun,ಅ,yes
ಎತ್ತರದ,TODO,noun,ಅ,yes
ಹೊಂದಿದ,TODO,noun,ಅ,yes
ಶಿವರಾಮಪೇಟೆ,TODO,noun,ಎ,yes
ಗುಡಿಯನ್ನು,TODO,noun,ಉ,yes
ಮಣ್ಣಿನ,TODO,noun,ಅ,yes
ಕಾವ್ಯತಂತ್ರ,TODO,noun,ಅ,yes
ಹೊಸಗನ್ನಡ,TODO,noun,ಅ,yes
ಅಮೃತತ್ವದ,TODO,noun,ಅ,yes
ಆದ್ದರಿಂದ,TODO,noun,ಅ,yes
ರಾಜ್ಯದ,TODO,noun,ಅ,yes
ಪುರೋಹಿತ,TODO,noun,ಅ,yes
ಇಲ್ಲವೇ,TODO,noun,ಏ,yes
ಸಂಪ್ರದಾಯ,TODO,noun,ಅ,yes
ನುಡಿಗಟ್ಟು,TODO,noun,ಉ,yes
೧೫೧೦,TODO,noun,ಅ,yes
ಆಕರ್ಷಣೆಯಾಗಿದೆ,TODO,noun,ಎ,yes
ಜಿಲ್ಲೆಯಲ್ಲಿ,TODO,noun,ಇ,yes
೧೯೮೬ರಂದು,TODO,noun,ಉ,yes
ಉಪಯೋಗಿಸಲ್ಪಡುತ್ತಿದ್ದ,TODO,noun,ಅ,yes
ಮೈಸೂರನ್ನು,TODO,noun,ಉ,yes
ದ್ರಾವಿಡಿಯನ್,TODO,noun,ನ,yes
ಮಾ,TODO,noun,ಆ,yes
ಪ್ರತಿಪಾದಿಸಲ್ಪಟ್ಟಿವೆ,TODO,noun,ಎ,yes
ಸಂಧಿಸಿ,TODO,noun,ಇ,yes
ಆಕರ್ಷಿಸುತ್ತದೆ,TODO,noun,ಎ,yes
ಮೂಲಕ,TODO,noun,ಅ,yes
ಕಲ್ಪಿಸಿದ್ದು,TODO,noun,ಉ,yes
ಕವಿಗಳಲ್ಲೊಬ್ಬರಾಗಿದ್ದಾರೆ,TODO,noun,ಎ,yes
ಮೆಟ್ಟಿಲುಗಳನ್ನು,TODO,noun,ಉ,yes
ಎಂಬಲ್ಲಿ,TODO,noun,ಇ,yes
ಪಡೆಯಲು,TODO,noun,ಉ,yes
ಆಗ್ನೇಯ,TODO,noun,ಅ,yes
ಇಂದುಕಲಾ,TODO,noun,ಆ,yes
ನೆರವಾದುದು,TODO,noun,ಉ,yes
ಗುರುತಿಸಿಕೊಂಡರು,TODO,noun,ಉ,yes
ಅಪ್ರತಿಷ್ಠಿತ,TODO,noun,ಅ,yes
ಆನೆಗಳು,TODO,noun,ಉ,yes
ಪ್ರಜ್ಞೆಗಳೆರಡರ,TODO,noun,ಅ,yes
ಸಂತಸವನ್ನು,TODO,noun,ಉ,yes
ದೇವಾಲಯಕ್ಕೆ,TODO,noun,ಎ,yes
ಸಂಗೀತ,TODO,noun,ಅ,yes
ಮುಖಾಮುಖಿಯಾದ,TODO,noun,ಅ,yes
ಶೃಂಗೇರಿ,TODO,noun,ಇ,yes
ಪೂರ್ಣಚಂದ್ರ,TODO,noun,ಅ,yes
ಬೆಟ್ಟದ,TODO,noun,ಅ,yes
ಪೂಜಿಸುತ್ತಾರೆ,TODO,noun,ಎ,yes
ದಂತಕಥೆಯ,TODO,noun,ಅ,yes
ವ್ಯುತ್ಪತ್ತಿಗಳು,TODO,noun,ಉ,yes
ಏಕೆಂದರೆ,TODO,noun,ಎ,yes
ಧರ್ಮದಲ್ಲಿ,TODO,noun,ಇ,yes
ಮೇಳೈಸಿ,TODO,noun,ಇ,yes
ಕಮಲ,TODO,noun,ಅ,yes
ಕ್ವೀನ್ಸ್,TODO,noun,ಸ,yes
ಸಂಗಾತಿ,TODO,noun,ಇ,yes
ನಂದಿ,TODO,noun,ಇ,yes
ಸೇರುತ್ತದೆ,TODO,noun,ಎ,yes
ನಾಲ್ಕು,TODO,noun,ಉ,yes
ಸೋಮನಾಥಪುರದಲ್ಲಿರುವ,TODO,noun,ಅ,yes
ಈಡೇರಿಸಿದರೆ,TODO,noun,ಎ,yes
ವಿಶ್ವಮಾನವ,TODO,noun,ಅ,yes
ಸಾಮಗ್ರಿಗಳ,TODO,noun,ಅ,yes
ರಾಜಮನೆತನದ,TODO,noun,ಅ,yes
ಆಸೆಗಳನ್ನು,TODO,noun,ಉ,yes
ಆವೃತವಾಗಿದೆ,TODO,noun,ಎ,yes
ಮುರು,TODO,noun,ಉ,yes
ಶಿಲಾಯುಗದ,TODO,noun,ಅ,yes
ಶಿಕ್ಷಕಿ,TODO,noun,ಇ,yes
ಸ್ಥಾಪಿಸಿದ್ದಾರೆ,TODO,noun,ಎ,yes
ವಿರುಪಾಕ್ಷಪುರ,TODO,noun,ಅ,yes
ಭಂಗಿಯಲ್ಲಿದ್ದು,TODO,noun,ಉ,yes
ಅಂಬೆ,TODO,noun,ಎ,yes
ಭೂರಚನೆಯ,TODO,noun,ಅ,yes
ಫಲವತ್ತತೆಯ,TODO,noun,ಅ,yes
ಶಿಲಾಕೃತಿಗಳನ್ನು,TODO,noun,ಉ,yes
ದುರ್ಗೆ,TODO,noun,ಎ,yes
ಬದುಕಿ,TODO,noun,ಇ,yes
ಶಕ್ತಿ,TODO,noun,ಇ,yes
ಸೈನಿಕರು,TODO,noun,ಉ,yes
ತಾಲ್ಲೂಕು,TODO,noun,ಉ,yes
ಸೆಂಟರನ,TODO,noun,ಅ,yes
ತೊಡೆಯಲ್ಲಿ,TODO,noun,ಇ,yes
ದೂರದಿಂದ,TODO,noun,ಅ,yes
ಜಯಲಕ್ಷ್ಮೀ,TODO,noun,ಈ,yes
ವಿಜಯನಗರ,TODO,noun,ಅ,yes
ವ್ಯುತ್ಪತ್ತಿ,TODO,noun,ಇ,yes
ಕರೆಯಲ್ಪಡುವ,TODO,noun,ಅ,yes
ನೆರೆಯ,TODO,noun,ಅ,yes
ಸಂಸ್ಕಾರ,TODO,noun,ಅ,yes
ಕಥೆಗಳು,TODO,noun,ಉ,yes
ಮಾದರಿಯ,TODO,noun,ಅ,yes
ಲೊಟಸ್,TODO,noun,ಸ,yes
ದ್ದಾಳೆ,TODO,noun,ಎ,yes
೧೨೫೮,TODO,noun,ಅ,yes
ಈಕೆ,TODO,noun,ಎ,yes
ಯಾಗಿದ್ದಾಳೆಂಬುದು,TODO,noun,ಉ,yes
ಆಗಿದೆ,TODO,noun,ಎ,yes
ಸ್ವಾಮಿ,TODO,noun,ಇ,yes
ಹತ್ತು,TODO,noun,ಉ,yes
ಚಾಮುಂಡೇಶ್ವರಿ,TODO,noun,ಇ,yes
ದೂರವುಳಿದರೂ,TODO,noun,ಊ,yes
ರಾಮಾಯಣದ,TODO,noun,ಅ,yes
ಸರೋವರಗಳು,TODO,noun,ಉ,yes
ಕೊಡಲಾಗಿತ್ತು,TODO,noun,ಉ,yes
ನದಿಗಳು,TODO,noun,ಉ,yes
ಮುಖಾಂತರ,TODO,noun,ಅ,yes
ತುಳುನಾಡು,TODO,noun,ಉ,yes
ಸಾಹಿತ್ಯವನ್ನು,TODO,noun,ಉ,yes
ಬಳಸುವ,TODO,noun,ಅ,yes
ಮಹಿಷಪುರಿ,TODO,noun,ಇ,yes
ತೋಟಗೇರಿ,TODO,noun,ಇ,yes
ಒಪ್ಪಲ್ಪಟ್ಟಿರುವ,TODO,noun,ಅ,yes
ಶ್ರೀ,TODO,noun,ಈ,yes
ಪಡೆದಿದ್ದ,TODO,noun,ಅ,yes
ಐತಿಹಾಸಿಕವಾಗಿ,TODO,noun,ಇ,yes
ಹಿರೇಕೊಡಿಗೆ,TODO,noun,ಎ,yes
ನಿರ್ಮಾಣ,TODO,noun,ಅ,yes
ಗೋಥಿಕ್,TODO,noun,ಕ,yes
ಬೀದರ್,TODO,noun,ರ,yes
ಆಭರಣಗಳಿಂದ,TODO,noun,ಅ,yes
ಬಳ್ಳಾರಿ,TODO,noun,ಇ,yes
ವನ್ಯ,TODO,noun,ಅ,yes
ಜನಿಸಿದ,TODO,noun,ಅ,yes
ಇತರೆ,TODO,noun,ಎ,yes
ಅಂಬಾ,TODO,noun,ಆ,yes
ಭಿಕ್ಷೇಶ್ವರ,TODO,noun,ಅ,yes
ಉದ್ದೇಶಗಳನ್ನು,TODO,noun,ಉ,yes
ಸ್ನೇಹಪರರು,TODO,noun,ಉ,yes
ಮೂಗೂರು,TODO,noun,ಉ,yes
ದುಷ್ಟರಿಂದ,TODO,noun,ಅ,yes
ನಿರ್ಮಿಸಲಾಗಿತ್ತು,TODO,noun,ಉ,yes
ತರಗತಿಗಳನ್ನು,TODO,noun,ಉ,yes
ಪರಂಪರೆಗಳಾದ,TODO,noun,ಅ,yes
ನೋಡು,TODO,noun,ಉ,yes
ನಿರ್ಭಯವಾಗಿ,TODO,noun,ಇ,yes
ಅಡಿ,TODO,noun,ಇ,yes
ಚಿರಂಜೀವಿಯಾಗಿ,TODO,noun,ಇ,yes
ಭಾಗಗಳು,TODO,noun,ಉ,yes
ಬಾರಿಗೆ,TODO,noun,ಎ,yes
ಕರ್ನಾಟಕದವರಲ್ಲ,TODO,noun,ಅ,yes
ಮೈಲಾರಿ,TODO,noun,ಇ,yes
ಬಾದ್,TODO,noun,ದ,yes
ಪಂಚಾಯತ್,TODO,noun,ತ,yes
ಜಿಲ್ಲೆಗಳು,TODO,noun,ಉ,yes
ಸಹಿಸಲಾರದೆ,TODO,noun,ಎ,yes
ಅಂಶಗಳಿಗೂ,TODO,noun,ಊ,yes
ದುಃಖ,TODO,noun,ಅ,yes
ನಾಡಿಯನ್ನು,TODO,noun,ಉ,yes
ಪ್ರವೇಶ,TODO,noun,ಅ,yes
ಹೆಸರಿನಿಂದಲೂ,TODO,noun,ಊ,yes
ಈಕೆಯು,TODO,noun,ಉ,yes
ನಿಲ್ದಾಣವು,TODO,noun,ಉ,yes
ಕೇವಲ,TODO,noun,ಅ,yes
ಮಹಿಳೆಯರ,TODO,noun,ಅ,yes
ಯಾವೂಂದು,TODO,noun,ಉ,yes
ಶಾರದದೇವಿನಗರ,TODO,noun,ಅ,yes
ಖಿಳೆಗಾಂವ,TODO,noun,ಅ,yes
ವಿಧಿವಿಧಾನಗಳನ್ನು,TODO,noun,ಉ,yes
ಒಮ್ಮೆ,TODO,noun,ಎ,yes
ಕರೆಯಲ್ಪಟ್ಟಿತು,TODO,noun,ಉ,yes
ಇತ್ಯಾದಿ,TODO,noun,ಇ,yes
ಸರ್ವಜನಮಾನ್ಯತೆ,TODO,noun,ಎ,yes
ಆದರು,TODO,noun,ಉ,yes
ಭಕ್ತರನ್ನು,TODO,noun,ಉ,yes
ಹೊರಡಿಸಿತು,TODO,noun,ಉ,yes
ರೈಲ್ವೆ,TODO,noun,ಎ,yes
ಎಂಬುದನ್ನು,TODO,noun,ಉ,yes
ಕೄಷ್ಣದೇವರಾಯನ,TODO,noun,ಅ,yes
ಹೆಚ್ಚಳ,TODO,noun,ಅ,yes
ಹೋಗಲಿಕ್ಕಲ್ಲ,TODO,noun,ಅ,yes
ವಿವಾಹವಾದರು,TODO,noun,ಉ,yes
ಆನೆಗುಂಡಿಯನ್ನು,TODO,noun,ಉ,yes
ಅಗ್ನಿ,TODO,noun,ಇ,yes
ಸುತ್ತುವರಿದಿದೆ,TODO,noun,ಎ,yes
ಬಿಂಬಿಸುವಂತಹ,TODO,noun,ಅ,yes
ಮಾರಮ್ಮ,TODO,noun,ಅ,yes
ಬೆಂಗಳೂರಿಗೆ,TODO,noun,ಎ,yes
ಯಶಸ್ವಿಯಾಗಿದೆ,TODO,noun,ಎ,yes
ಬಿದರಿ,TODO,noun,ಇ,yes
ಹಂಪಿಗೆ,TODO,noun,ಎ,yes
ಕಣ್ಣಲಿ,TODO,noun,ಇ,yes
ದಿನಗಳಂದು,TODO,noun,ಉ,yes
ಎರಡನೇ,TODO,noun,ಏ,yes
ಪ್ರಾಚೀನ,TODO,noun,ಅ,yes
ಸಿದ್ಧವಾದ,TODO,noun,ಅ,yes
ತೀರದಲ್ಲಿದೆ,TODO,noun,ಎ,yes
ಉಕ್ತಿ,TODO,noun,ಇ,yes
ಉನ್ನತಗೊಳಿಸುತ್ತಿದೆ,TODO,noun,ಎ,yes
ವಿಭಾಗಿಸಿದರು,TODO,noun,ಉ,yes
ಕಂಡ,TODO,noun,ಅ,yes
ಸಮರ್ಪಿತವಾಗಿದ್ದು,TODO,noun,ಉ,yes
ನಪುಂಸಕ,TODO,noun,ಅ,yes
ಲೇಖಕರು,TODO,noun,ಉ,yes
ಪ್ರಶಸ್ತಿಯನ್ನೂ,TODO,noun,ಊ,yes
ಅಲ್ಲಿ,TODO,noun,ಇ,yes
ತಲುಪಬಹುದಾಗಿದೆ,TODO,noun,ಎ,yes
ಪರಂಪರೆ,TODO,noun,ಎ,yes
ಭಾರತದಲ್ಲಿ,TODO,noun,ಇ,yes
ಶಿವ,TODO,noun,ಅ,yes
ದಸರಾ,TODO,noun,ಆ,yes
ಇಂಡೊ,TODO,noun,ಒ,yes
ನದಿಗೆ,TODO,noun,ಎ,yes
ಹೆಚ್ಚಾಗಿ,TODO,noun,ಇ,yes
ಹೆದ್ದಾರಿಗಳನ್ನು,TODO,noun,ಉ,yes
ಗೋಡೆಗಳಿಂದ,TODO,noun,ಅ,yes
ಅರಬ್ಬೀ,TODO,noun,ಈ,yes
ಚಂದದ,TODO,noun,ಅ,yes
ಸುಸಜ್ಜಿತವಾಗಿ,TODO,noun,ಇ,yes
ವೇದಿಕೆಯಾಗಿದೆ,TODO,noun,ಎ,yes
ಪ್ರತಿ,TODO,noun,ಇ,yes
ಜೆನಾನಾ,TODO,noun,ಆ,yes
ದೇವಾಲಯವೆಂದೂ,TODO,noun,ಊ,yes
ಕೈವಶ,TODO,noun,ಅ,yes
ಎಂದಿದ್ದಾರೆ,TODO,noun,ಎ,yes
ಮುಂದುವರಿಸಿದರು,TODO,noun,ಉ,yes
ಇರಿಸಲಾಗಿದೆ,TODO,noun,ಎ,yes
ದೇವಸ್ಥಾನಗಳನ್ನು,TODO,noun,ಉ,yes
ವ್ಯವಸ್ಥೆ,TODO,noun,ಎ,yes
ಸೈನಿಕರಿಂದ,TODO,noun,ಅ,yes
ಬಡವಿ,TODO,noun,ಇ,yes
ಬಳಕೆ,TODO,noun,ಎ,yes
ನೀತಿಗೆ,TODO,noun,ಎ,yes
ನೆಲೆಗೊಂಡಿ,TODO,noun,ಇ,yes
ಪಡೆದಿದೆ,TODO,noun,ಎ,yes
ಕಣ್ಣುಗಳನ್ನು,TODO,noun,ಉ,yes
ಸ್ವರೂಪವನ್ನು,TODO,noun,ಉ,yes
ಪ್ರವಾಸಿಗರಲ್ಲಿ,TODO,noun,ಇ,yes
ಚಳುವಳಿಗಳು,TODO,noun,ಉ,yes
ನೀರಿನಿಂದ,TODO,noun,ಅ,yes
ಷೂರು,TODO,noun,ಉ,yes
ಮೈಯಲಿ,TODO,noun,ಇ,yes
ಬೇಡಿಕೆ,TODO,noun,ಎ,yes
ಚಾಮರಾಜನಗರ,TODO,noun,ಅ,yes
ಬಾಲ್ಯ,TODO,noun,ಅ,yes
ಸಹಜವಾದದ್ದು,TODO,noun,ಉ,yes
ಸ್ಟೇಬಲ್ಸ್,TODO,noun,ಸ,yes
ಮರುದಿನ,TODO,noun,ಅ,yes
ಪ್ರಶಸ್ತಿಯನ್ನು,TODO,noun,ಉ,yes
ರಾಜ್ಯದಲ್ಲಿನ,TODO,noun,ಅ,yes
ಪ್ರವಾಸೋದ್ಯಮವನ್ನು,TODO,noun,ಉ,yes
ಅಥವಾ,TODO,noun,ಆ,yes
ಬನ್ನೇರುಘಟ್ಟ,TODO,noun,ಅ,yes
ಜನರಲ್,TODO,noun,ಲ,yes
ತಿ,TODO,noun,ಇ,yes
ತಿಂಗಳಲ್ಲಿ,TODO,noun,ಇ,yes
ಕೆತ್ತನೆಗಳು,TODO,noun,ಉ,yes
ಇಳಿಯುತ್ತದೆ,TODO,noun,ಎ,yes
ನಗರಿ,TODO,noun,ಇ,yes
ಮೋಹನ,TODO,noun,ಅ,yes
ಕೊಪ್ಪ,TODO,noun,ಅ,yes
ನೆಲಮಹಡಿಯು,TODO,noun,ಉ,yes
ಉಡುಪಿ,TODO,noun,ಇ,yes
ಹಾಸನ,TODO,noun,ಅ,yes
ಯಶಸ್ಸನ್ನು,TODO,noun,ಉ,yes
ಉತ್ತರಕ್ಕೆ,TODO,noun,ಎ,yes
ಹೆಸರಿನ,TODO,noun,ಅ,yes
ಎಂಬುದಾಗಿ,TODO,noun,ಇ,yes
ಹೊಯ್ಸಳ,TODO,noun,ಅ,yes
ಕಾವ್ಯಾಲಂಕಾರ,TODO,noun,ಅ,yes
ಮರೆಸಿರುವ,TODO,noun,ಅ,yes
ಮೈಸೂರನ್ನ,TODO,noun,ಅ,yes
ಸಂಮಿತಿಯ,TODO,noun,ಅ,yes
ಬಳಗಕ್ಕೆ,TODO,noun,ಎ,yes
ಮುಗಿದ,TODO,noun,ಅ,yes
ರಾಜ್ಯಗಳ,TODO,noun,ಅ,yes
ಚಾಮುಂಡೇಶ್ವರಿಯು,TODO,noun,ಉ,yes
ನಿಲ್ದಾಣದಿಂದ,TODO,noun,ಅ,yes
ಜನಗಣತಿಯು,TODO,noun,ಉ,yes
೧೫೬೫,TODO,noun,ಅ,yes
ಅಗಸ್ತ್ಯೇಶ್ವರ,TODO,noun,ಅ,yes
ಯಲಗೂರು,TODO,noun,ಉ,yes
ಅವಳು,TODO,noun,ಉ,yes
ಮೃದುವಾದ,TODO,noun,ಅ,yes
ಪ್ರಶಸ್ತಿಗಳು,TODO,noun,ಉ,yes
ಮೈಸೂರು,TODO,noun,ಉ,yes
ಯಾವುದೇ,TODO,noun,ಏ,yes
ಕರ್ನಾಟಕದ,TODO,noun,ಅ,yes
ಅದ್ಭುತವಾದ,TODO,noun,ಅ,yes
ದೃಶ್ಯ,TODO,noun,ಅ,yes
ಭಾವಗಿತೆಗಳು,TODO,noun,ಉ,yes
ಚಿಂತಕರಾಗಿದ್ದರು,TODO,noun,ಉ,yes
ಇಚ್ಛೆಯನ್ನು,TODO,noun,ಉ,yes
ಕಪಿಲಾ,TODO,noun,ಆ,yes
೨೯,TODO,noun,ಅ,yes
ಕುದಿಯುತ್ತಿದ್ದ,TODO,noun,ಅ,yes
ಆತ್ಮಗೌರವನ್ನೂ,TODO,noun,ಊ,yes
ಜನಸಂಖ್ಯೆ,TODO,noun,ಎ,yes
ಅಳೆದು,TODO,noun,ಉ,yes
ಆವೃತವಾಗಿರುತ್ತದೆ,TODO,noun,ಎ,yes
ಚಲನೆ,TODO,noun,ಎ,yes
ಚಾಮರಾಜ,TODO,noun,ಅ,yes
ಕಟ್ಟಿಕೊಟ್ಟ,TODO,noun,ಅ,yes
ಇವು,TODO,noun,ಉ,yes
ಹುಲಿಗಿಯ,TODO,noun,ಅ,yes
ಲಕ್ಷ್ಮಿ,TODO,noun,ಇ,yes
ಮಾದರಿಯು,TODO,noun,ಉ,yes
ದೇವತೆಯೂ,TODO,noun,ಊ,yes
ಸಮೀಪವೆ,TODO,noun,ಎ,yes
ಜಾತಿಪದ್ಧತಿಯ,TODO,noun,ಅ,yes
ಚರ್ಚುಗಳು,TODO,noun,ಉ,yes
ಕಿರುಕುಳ,TODO,noun,ಅ,yes
ಪ್ರಖ್ಯಾತಿಯನ್ನೂ,TODO,noun,ಊ,yes
ಮಸೂರು,TODO,noun,ಉ,yes
ಸಾಮರ್ಥ್ಯದ,TODO,noun,ಅ,yes
ಒದಗಿಸುವ,TODO,noun,ಅ,yes
ಕಲ್ಲಿಗೆ,TODO,noun,ಎ,yes
ಸ್ಥಳಗಳು,TODO,noun,ಉ,yes
ಕಾವ್ಯವನ್ನು,TODO,noun,ಉ,yes
ಮಾಡಿಕೊಂಡು,TODO,noun,ಉ,yes
ಅವುಗಳೇ,TODO,noun,ಏ,yes
ಸಾಸಿವೆಕಾಳು,TODO,noun,ಉ,yes
ಕಂಟಕರಾಗಿದ್ದ,TODO,noun,ಅ,yes
ಮಾಡುವಲ್ಲಿ,TODO,noun,ಇ,yes
ನಿಲ್ದಾಣವನ್ನು,TODO,noun,ಉ,yes
ರಾಕೇಟ್ಗಳ,TODO,noun,ಅ,yes
ಜೀವನದಲ್ಲಿ,TODO,noun,ಇ,yes
ಸಾಸಿವೆ,TODO,noun,ಎ,yes
ನೀಡಬಹುದು,TODO,noun,ಉ,yes
ಕರ್ನಾಟಕವು,TODO,noun,ಉ,yes
ತೊಣಚಿಕೊಪ್ಪಲು,TODO,noun,ಉ,yes
ಅರಮನೆಗಳ,TODO,noun,ಅ,yes
ಕೆತ್ತಲಾಗಿದ್ದು,TODO,noun,ಉ,yes
ಕುಟುಂಬದಿಂದ,TODO,noun,ಅ,yes
ಹೇಮಾವತಿ,TODO,noun,ಇ,yes
ಮಹಿಷೂರು,TODO,noun,ಉ,yes
ಹೇಳಬಹುದು,TODO,noun,ಉ,yes
ಲೇಖಕ,TODO,noun,ಅ,yes
ಗೌರವ,TODO,noun,ಅ,yes
ಸಂಗಮರು,TODO,noun,ಉ,yes
ಬಡಾವಣೆ,TODO,noun,ಎ,yes
ಅಕಾಡೆಮಿ,TODO,noun,ಇ,yes
ಅಭಿವೃದ್ಧಿ,TODO,noun,ಇ,yes
ಸಾಮ್ರಾಜ್ಯಶಾಹಿಯನ್ನು,TODO,noun,ಉ,yes
ಭಾಷೆಗಳನ್ನು,TODO,noun,ಉ,yes
ಸಂಗಮದ,TODO,noun,ಅ,yes
ಹಿಂದಿ,TODO,noun,ಇ,yes
ಪ್ರತೀತಿ,TODO,noun,ಇ,yes
ರೋಮಾಂಚನಗೊಳಿಸಿ,TODO,noun,ಇ,yes
ಪದಬಂಧ,TODO,noun,ಅ,yes
೧೩೩೬,TODO,noun,ಅ,yes
ಚಾಮುಂಡೇಶ್ವರಿಯಿಂದ,TODO,noun,ಅ,yes
ಆಧರಿಸಿದ್ದು,TODO,noun,ಉ,yes
ಸಚ್ಚಿದಾನಂದನ್,TODO,noun,ನ,yes
ಹಂಪಿಯ,TODO,noun,ಅ,yes
ಅಂಗಳದಲ್ಲಿ,TODO,noun,ಇ,yes
ನಗರದಿಂದ,TODO,noun,ಅ,yes
ಮಾನಸ,TODO,noun,ಅ,yes
ಆತ್ಮಜ್ಞಾನ,TODO,noun,ಅ,yes
ಅಂಬಾವಿಲಾಸ,TODO,noun,ಅ,yes
ಸರ್ಕಾರವು,TODO,noun,ಉ,yes
ಜಿ,TODO,noun,ಇ,yes
ಸ್ಥಾಪನೆ,TODO,noun,ಎ,yes
ಈಶ್ವರನಿಗೆ,TODO,noun,ಎ,yes
ಗುರುದ್ವಾರ,TODO,noun,ಅ,yes
ದೇಗುಲಗಳನ್ನು,TODO,noun,ಉ,yes
ಹುರಿದುಂಬಿಸುತ್ತಾ,TODO,noun,ಆ,yes
ಮಾತು,TODO,noun,ಉ,yes
ಶೈಲಿಗೆ,TODO,noun,ಎ,yes
ಒಡೆಯನಾದ,TODO,noun,ಅ,yes
ಸಾಮಗ್ರಿಗಳನ್ನು,TODO,noun,ಉ,yes
ಕೆಂಕೆರೆ,TODO,noun,ಎ,yes
ಚಿತ್ರಿಸಲು,TODO,noun,ಉ,yes
ವಿವಿಧ,TODO,noun,ಅ,yes
ವಾಸ್ತುಶಿಲ್ಪಗಾರರು,TODO,noun,ಉ,yes
ಉಚ್ಚ,TODO,noun,ಅ,yes
ಬಡವಲಿಂಗವನ್ನು,TODO,noun,ಉ,yes
ಇಲ್ಲಿ,TODO,noun,ಇ,yes
ಅಭಾವವನ್ನು,TODO,noun,ಉ,yes
ಶಿವನ,TODO,noun,ಅ,yes
ತೀರ್ಥಹಳ್ಳಿ,TODO,noun,ಇ,yes
ರೂಪಾಂತರಗೊಂಡಿದೆ,TODO,noun,ಎ,yes
ಪ್ರಕಾರಕ್ಕೂ,TODO,noun,ಊ,yes
ದಿನಗಳಲ್ಲಿ,TODO,noun,ಇ,yes
ಹುಟ್ಟು,TODO,noun,ಉ,yes
ಪಂಪಾಳಿಗೆ,TODO,noun,ಎ,yes
ಹಳೇ,TODO,noun,ಏ,yes
ಅಂತ,TODO,noun,ಅ,yes
ಸ್ಥಾಪಿಸಲಾಯಿತು,TODO,noun,ಉ,yes
ಪ್ರಬಲವಾದ,TODO,noun,ಅ,yes
ವಿಭಿನ್ನವಾಗಿ,TODO,noun,ಇ,yes
ಮಾರ್ಗಗಳು,TODO,noun,ಉ,yes
ಗಣಪತಿ,TODO,noun,ಇ,yes
ಸಂಗ್ರಹಾಲಯವು,TODO,noun,ಉ,yes
ಕಾವ್ಯವೇ,TODO,noun,ಏ,yes
ಇದ್ದವು,TODO,noun,ಉ,yes
ಸಲಕರಣೆಗಳು,TODO,noun,ಉ,yes
ಹೊಂದಿದೆ,TODO,noun,ಎ,yes
ತೊರೆ,TODO,noun,ಎ,yes
ಜತೆಗೆ,TODO,noun,ಎ,yes
ಹತ್ತಿರ,TODO,noun,ಅ,yes
ಕಂಬದ,TODO,noun,ಅ,yes
ಭಗವಂತ,TODO,noun,ಅ,yes
ತಿಳಿಸುತ್ತದೆ,TODO,noun,ಎ,yes
ಹೊಂದಿದ್ದು,TODO,noun,ಉ,yes
ಲಕ್ಷ್ಮಿಕಾಂತಾನಗರ,TODO,noun,ಅ,yes
ಸುಮ್ಮನೆ,TODO,noun,ಎ,yes
ದಲಿತ,TODO,noun,ಅ,yes
ತಾವು,TODO,noun,ಉ,yes
ಮುರಿದ,TODO,noun,ಅ,yes
ಜಿಲ್ಲೆಯ,TODO,noun,ಅ,yes
ದೀಪಸ್ಥಂಬಗಳು,TODO,noun,ಉ,yes
ನಲಿದಾಗ,TODO,noun,ಅ,yes
ಭಿಮಕ್ಕನ,TODO,noun,ಅ,yes
ಮನ್ನಣೆಯನ್ನು,TODO,noun,ಉ,yes
ಸಾಮಗ್ರಿಗಳಿಂದ,TODO,noun,ಅ,yes
ದಿನಕಳೆಯುವ,TODO,noun,ಅ,yes
ಕಪ್ಪು,TODO,noun,ಉ,yes
ನಿಶ್ಚಯಿಸಿದ್ದಾರೆ,TODO,noun,ಎ,yes
೨೦೧೫ರ,TODO,noun,ಅ,yes
ಪ್ರಕಾರಗಳಲ್ಲಿಯೂ,TODO,noun,ಊ,yes
ಶೇಕಡ,TODO,noun,ಅ,yes
ಜನಿಸಿದರು,TODO,noun,ಉ,yes
ಪಿರಿಯಾಪಟ್ಟಣದಲ್ಲಿ,TODO,noun,ಇ,yes
ಮುಂತಾದ,TODO,noun,ಅ,yes
ದಶಕಗಳಿಂದ,TODO,noun,ಅ,yes
ಸಂಗ್ರಹಾಲಯ,TODO,noun,ಅ,yes
ಆರಂಭಿಸಲ್ಪಟ್ಟಿರುವ,TODO,noun,ಅ,yes
ಆದೇಶ,TODO,noun,ಅ,yes
ಚಾಮುಂಡಿ,TODO,noun,ಇ,yes
ಕುಣಿಯುವುದು,TODO,noun,ಉ,yes
ಶಕ್ತಿಗೆ,TODO,noun,ಎ,yes
ಕಾಣಸಿಗುತ್ತದೆ,TODO,noun,ಎ,yes
ಮಾಹಿತಿಯ,TODO,noun,ಅ,yes
ದಿಬ್ಬ,TODO,noun,ಅ,yes
ಹೋರಾಟದಲ್ಲಿ,TODO,noun,ಇ,yes
ತಾರಕಮಂತ್ರವಾಗಿ,TODO,noun,ಇ,yes
ಮೂರನೇ,TODO,noun,ಏ,yes
ಸಂಹರಿಸಿ,TODO,noun,ಇ,yes
ಸುತ್ತಿಕೊಂಡನೆಂಬುದು,TODO,noun,ಉ,yes
ದೇವಾಲಯವು,TODO,noun,ಉ,yes
ಇಸ್ಲಾಮಿಕ್,TODO,noun,ಕ,yes
ಉಪಕುಲಪತಿಗಳಾದರು,TODO,noun,ಉ,yes
ಸಾಮಾನ್ಯವಾಗಿ,TODO,noun,ಇ,yes
ನೈಸರ್ಗಿಕ,TODO,noun,ಅ,yes
ಕುವೆಂಪು,TODO,noun,ಉ,yes
ಎದುರಿಗೆ,TODO,noun,ಎ,yes
ಯುನೆಸ್ಕೋ,TODO,noun,ಓ,yes
ಎಲೆ,TODO,noun,ಎ,yes
ಪಶ್ಚಿಮಕ್ಕೆ,TODO,noun,ಎ,yes
ಜೀವನೋದ್ದೇಶಕ್ಕೆ,TODO,noun,ಎ,yes
ಗೌ,TODO,noun,ಔ,yes
ಮೈಸೂರಿನ,TODO,noun,ಅ,yes
ಕುಕ್ಕೆ,TODO,noun,ಎ,yes
ಪ್ರಗತಿಯ,TODO,noun,ಅ,yes
ಪುಟ್ಟಪ್ಪನವರ,TODO,noun,ಅ,yes
ಚೌಡೇಶ್ವರಿ,TODO,noun,ಇ,yes
ವೈಭವವು,TODO,noun,ಉ,yes
ಅವರೊಬ್ಬ,TODO,noun,ಅ,yes
ಬಂದ,TODO,noun,ಅ,yes
ಬರೆಯುವಲ್ಲಿ,TODO,noun,ಇ,yes
ವಿದ್ಯಾಭ್ಯಾಸ,TODO,noun,ಅ,yes
ಸ್ಮರಣೀಯವಾದುದು,TODO,noun,ಉ,yes
ತಾಳಿದ್ದು,TODO,noun,ಉ,yes
ಸ್ಥಳವೆಂದು,TODO,noun,ಉ,yes
ಮಂಗಗಳ,TODO,noun,ಅ,yes
ಆಕ್ರಮಣವನ್ನು,TODO,noun,ಉ,yes
ಅವೆಂದರೆ,TODO,noun,ಎ,yes
ನೋಡಿದರೂ,TODO,noun,ಊ,yes
ಅತಿ,TODO,noun,ಇ,yes
ಅವಳ,TODO,noun,ಅ,yes
ಎಂಜಿನ್,TODO,noun,ನ,yes
ಕಾವ್ಯಮೀಮಾಂಸೆ,TODO,noun,ಎ,yes
ಮಹಾದೇವಿ,TODO,noun,ಇ,yes
ಕಾವ್ಯ,TODO,noun,ಅ,yes
ಚೆನ್ನಬಸಪ್ಪ,TODO,noun,ಅ,yes
ಗೋಚರಿಸುತ್ತವೆ,TODO,noun,ಎ,yes
೧೩,TODO,noun,ಅ,yes
ದೇಗುಲದಲ್ಲಿ,TODO,noun,ಇ,yes
ಮತಿತ್ವದ,TODO,noun,ಅ,yes
ಕೃತಿ,TODO,noun,ಇ,yes
ದಟ್ಟಗಳ್ಳಿ,TODO,noun,ಇ,yes
ಹೆಸರಿಗೆ,TODO,noun,ಎ,yes
ಹೋಗುತ್ತಿರಾದರೆ,TODO,noun,ಎ,yes
ಕ್ವೀನ್ಸ,TODO,noun,ಅ,yes
ವಾರ್ಡನ್,TODO,noun,ನ,yes
ಜನಪ್ರಿಯ,TODO,noun,ಅ,yes
ಎರಡೂ,TODO,noun,ಊ,yes
ಹೇಳಿದ್ದಾರೆ,TODO,noun,ಎ,yes
ನೋಡಬಹುದು,TODO,noun,ಉ,yes
ಬಳ್ಳಾರಿಯಿಂದ,TODO,noun,ಅ,yes
ಮಣ್ಣನ್ನು,TODO,noun,ಉ,yes
ನೋಡಲು,TODO,noun,ಉ,yes
ಮೊದಲು,TODO,noun,ಉ,yes
ಉಡುಗೊರೆ,TODO,noun,ಎ,yes
ಸೂರ್ಯನ,TODO,noun,ಅ,yes
ಹಿಂದೂ,TODO,noun,ಊ,yes
ಐದು,TODO,noun,ಉ,yes
ಪೂರ್ವಾಕ್ಕೆ,TODO,noun,ಎ,yes
ವಸ್ತುಗಳನ್ನು,TODO,noun,ಉ,yes
ಕಲೆಯ,TODO,noun,ಅ,yes
ಭಾಷೆಗಳು,TODO,noun,ಉ,yes
ಕುದುರೆಮುಖ,TODO,noun,ಅ,yes
೪೬,TODO,noun,ಅ,yes
ಜಲಾಶಯ,TODO,noun,ಅ,yes
ಜಗತ್ತಿನ,TODO,noun,ಅ,yes
ಕಂದಾಚಾರದ,TODO,noun,ಅ,yes
ಬೀಳುತ್ತದೆ,TODO,noun,ಎ,yes
ವಿಶಾಲ,TODO,noun,ಅ,yes
ಇಲ್ಲ,TODO,noun,ಅ,yes
ಮುಚ್ಚಿರುತ್ತದೆ,TODO,noun,ಎ,yes
ತರುತ್ತಾಳೆ,TODO,noun,ಎ,yes
ಸತ್ಯವನೆಂತೊ,TODO,noun,ಒ,yes
ಅಂಗೀಕರಿಸಿದೆ,TODO,noun,ಎ,yes
ಹೆಸರು,TODO,noun,ಉ,yes
ಹೌದು,TODO,noun,ಉ,yes
ಬೆಟ್ಟವನ್ನೇರಲು,TODO,noun,ಉ,yes
ದೇವಾಲಯಗಳು,TODO,noun,ಉ,yes
ಇಟಗಿಯ,TODO,noun,ಅ,yes
ಚನ್ನ,TODO,noun,ಅ,yes
ಸೇರಿಕೊಂಡು,TODO,noun,ಉ,yes
ಕಲಿತವರ,TODO,noun,ಅ,yes
ಎಣ್ಣೆ,TODO,noun,ಎ,yes
ಮೀರಿ,TODO,noun,ಇ,yes
ಕಟ್ಟಿ,TODO,noun,ಇ,yes
ಬಗೆಯಾದ,TODO,noun,ಅ,yes
ವಿಗ್ರಹವನ್ನು,TODO,noun,ಉ,yes
ಶಿವರುದ್ರಪ್ಪ,TODO,noun,ಅ,yes
ಹೆಡೆಯ,TODO,noun,ಅ,yes
ಬದಲಾಯಿಸಲು,TODO,noun,ಉ,yes
ಮೊದಲಾದ,TODO,noun,ಅ,yes
ಕೆರಳಿಸುತ್ತಾ,TODO,noun,ಆ,yes
ರೀತಿಯ,TODO,noun,ಅ,yes
ಮಾರಲ್ಪಡುತ್ತಿದ್ದರಂತೆ,TODO,noun,ಎ,yes
ಮುರುಡೇಶ್ವರ,TODO,noun,ಅ,yes
ಸಾರವಿದೆ,TODO,noun,ಎ,yes
ವಿಚಾರಕ್ಕೆ,TODO,noun,ಎ,yes
ಅವಲಂಬಿಸುತ್ತದೆ,TODO,noun,ಎ,yes
ಬಂದಿದೆ,TODO,noun,ಎ,yes
ಗಣೇಶನೆಂಬ,TODO,noun,ಅ,yes
ಚೈತ್ರ,TODO,noun,ಅ,yes
ಭಾಷೆಗಳೆ೦ದರೆ,TODO,noun,ಎ,yes
ಆದಿ,TODO,noun,ಇ,yes
ನಂಬಿಕೆ,TODO,noun,ಎ,yes
ಸಮಯ,TODO,noun,ಅ,yes
ಭಾಷೆಯ,TODO,noun,ಅ,yes
ನೀರು,TODO,noun,ಉ,yes
ಭಾಷಾಪ್ರಯೋಗದ,TODO,noun,ಅ,yes
ಕಿಮೀ,TODO,noun,ಈ,yes
ನಿಂತಂತೆ,TODO,noun,ಎ,yes
೧೫೬೫ರಲ್ಲಿ,TODO,noun,ಇ,yes
ಗಾಜಿನ,TODO,noun,ಅ,yes
ಕನಸು,TODO,noun,ಉ,yes
ನಿಂದ,TODO,noun,ಅ,yes
ರಾಷ್ಟ್ರೀಯ,TODO,noun,ಅ,yes
ಇತಿಹಾಸದಲ್ಲಿ,TODO,noun,ಇ,yes
ಕೆಲವೆ,TODO,noun,ಎ,yes
ಸಮುದ್ರ,TODO,noun,ಅ,yes
ಶಿವಲಿಂಗವನ್ನು,TODO,noun,ಉ,yes
ವಿವರವಾಗಿ,TODO,noun,ಇ,yes
ಸೂಕ್ಶ್ಮವಾದ,TODO,noun,ಅ,yes
ಹೆಮ್ಮೆಯ,TODO,noun,ಅ,yes
ಅಣೆಕಟ್ಟೆಯಿಂದ,TODO,noun,ಅ,yes
ದಖನ್,TODO,noun,ನ,yes
೧೧೦೧,TODO,noun,ಅ,yes
ಮೈಸೂರಿನಲ್ಲಿ,TODO,noun,ಇ,yes
ಮಹಾನ್,TODO,noun,ನ,yes
ಕಟ್ಟಡಕ್ಕೆ,TODO,noun,ಎ,yes
ಕರೆಯುತ್ತಾರೆ,TODO,noun,ಎ,yes
ಪುನ್ನಾಟ,TODO,noun,ಅ,yes
ನಡೆದುಕೊಂಡು,TODO,noun,ಉ,yes
ದೇಶದ,TODO,noun,ಅ,yes
ಸಂರಕ್ಷಣಾ,TODO,noun,ಆ,yes
ಮತ್ತೊಂದು,TODO,noun,ಉ,yes
ಕ್ರಾಸ್,TODO,noun,ಸ,yes
ನರಸಿಂಹ೧೧೧,TODO,noun,ಅ,yes
ಒಬ್ಬ,TODO,noun,ಅ,yes
ವಿದೇಶದಲ್ಲಿ,TODO,noun,ಇ,yes
ಭಾಗಗಳಾಗಿ,TODO,noun,ಇ,yes
ಅನಿವಾರ್ಯತೆಯನ್ನು,TODO,noun,ಉ,yes
ಶಕ್ತಿದೇವತೆ,TODO,noun,ಎ,yes
ಬೃಹನ್ಮೂರ್ತಿ,TODO,noun,ಇ,yes
ಅಗಸನಕಟ್ಟೆ,TODO,noun,ಎ,yes
ಭಕ್ತಾದಿಗಳಿಗೆ,TODO,noun,ಎ,yes
ವಿವರಿಸಿದ,TODO,noun,ಅ,yes
ವಾಸ್ತುಶಿಲ್ಪವನ್ನು,TODO,noun,ಉ,yes
ಒಬ್ಬರೆನ್ನುವುದು,TODO,noun,ಉ,yes
ಮುಖ,TODO,noun,ಅ,yes
ಪಿರಂಗಿ,TODO,noun,ಇ,yes
ವರಕವಿ,TODO,noun,ಇ,yes
ಇತ್ತೀಚೆಗೆ,TODO,noun,ಎ,yes
ಮೀಮಾಂಸೆಯನ್ನು,TODO,noun,ಉ,yes
ಚಂಡಿ,TODO,noun,ಇ,yes
ಪ್ರಕಾರ,TODO,noun,ಅ,yes
ವಿಶ್ರಮಿಸುವ,TODO,noun,ಅ,yes
ಭಾವಸಮಾಧಿಯಲ್ಲಿ,TODO,noun,ಇ,yes
ಶತಮಾನಗಳ,TODO,noun,ಅ,yes
ತಾರತಮ್ಯದ,TODO,noun,ಅ,yes
ನೋಟ,TODO,noun,ಅ,yes
ಕಟ್ಟಡಗಳಿಂದ,TODO,noun,ಅ,yes
ಕಲಾ,TODO,noun,ಆ,yes
ಪುಟ್ಟಪ್ಪನವರಿಗೆ,TODO,noun,ಎ,yes
ಕೆತ್ತಲ್ಪಟ್ಟಿದ್ದು,TODO,noun,ಉ,yes
ಯುದ್ಧ,TODO,noun,ಅ,yes
ಕಾವ್ಯದಲ್ಲಿ,TODO,noun,ಇ,yes
ಧಾಳಿ,TODO,noun,ಇ,yes
ಸೋಪು,TODO,noun,ಉ,yes
ಸೂತ್ರವೂ,TODO,noun,ಊ,yes
ಪಡೆಯಿತು,TODO,noun,ಉ,yes
ಸಂಖ್ಯೆ,TODO,noun,ಎ,yes
ಜನಸಂಖ್ಯೆಯನ್ನು,TODO,noun,ಉ,yes
ಮಾತ್ರವಿದ್ದು,TODO,noun,ಉ,yes
ಕಾಲಾನಂತರದಲ್ಲಿ,TODO,noun,ಇ,yes
ನಿಲ್ಲುವಂತೆ,TODO,noun,ಎ,yes
ಕಾಣಿಸಿಕೊಂಡಿತು,TODO,noun,ಉ,yes
ಸಾಹಿತ್ಯಲೋಕದಲ್ಲಿ,TODO,noun,ಇ,yes
ರಾಜ್ಯವೊಂದು,TODO,noun,ಉ,yes
ಕಥೆ,TODO,noun,ಎ,yes
ಇಂದಿಗೂ,TODO,noun,ಊ,yes
ಸಿದ್ಧಿ,TODO,noun,ಇ,yes
ವಿರಳ,TODO,noun,ಅ,yes
ವ್ಯಾಪರಿಯೊಬ್ಬನು,TODO,noun,ಉ,yes
ನಿರ್ಮಿಸಲಾದ,TODO,noun,ಅ,yes
ಕಾರಣ,TODO,noun,ಅ,yes
ಇತಿಹಾಸದ,TODO,noun,ಅ,yes
ಕುರುಂಬ,TODO,noun,ಅ,yes
ಮಹಲುಗಳನ್ನು,TODO,noun,ಉ,yes
ಕಲಿಯುಗ,TODO,noun,ಅ,yes
ಬೆಳಿಗ್ಗೆ,TODO,noun,ಎ,yes
ನೀವು,TODO,noun,ಉ,yes
ವೈದ್ಯನಾಥೇಶ್ವರ,TODO,noun,ಅ,yes
ಬೇಸಿಗೆ,TODO,noun,ಎ,yes
ನೀಡಿರುವ,TODO,noun,ಅ,yes
ವೆಂಕಟಪ್ಪ,TODO,noun,ಅ,yes
ಸುತ್ತಮುತ್ತಲ,TODO,noun,ಅ,yes
ಭಾಷೆಗಳಲ್ಲಿ,TODO,noun,ಇ,yes
ಪ್ರಶಸ್ತಿಗಳನ್ನು,TODO,noun,ಉ,yes
ಈಶಾನ್ಯ,TODO,noun,ಅ,yes
ಚಿತ್ರಿಸಿದ,TODO,noun,ಅ,yes
ನೀಡಿದಾಗ,TODO,noun,ಅ,yes
ವಿಲಾಸ,TODO,noun,ಅ,yes
ಹಂಪಿಗಿಂತಲೂ,TODO,noun,ಊ,yes
ಹಲವರು,TODO,noun,ಉ,yes
ರೀತಿಯಲ್ಲಿ,TODO,noun,ಇ,yes
ವೇಣುಗೋಪಾಲ,TODO,noun,ಅ,yes
ಹೊಂದುತ್ತಾರೆ,TODO,noun,ಎ,yes
ಕಾಣಬಹುದು,TODO,noun,ಉ,yes
ಪ್ರವೇಶಕ್ಕೆ,TODO,noun,ಎ,yes
ಅದು,TODO,noun,ಉ,yes
ಆಕರ್ಷಣೆ,TODO,noun,ಎ,yes
ಅದರಲ್ಲಿ,TODO,noun,ಇ,yes
ಹೆಬ್ಬಾಳು,TODO,noun,ಉ,yes
ಕೊನೆಯದಾಗಿ,TODO,noun,ಇ,yes
ಸೇಂಟ್,TODO,noun,ಟ,yes
೧೧,TODO,noun,ಅ,yes
ಅಂಶಿ,TODO,noun,ಇ,yes
ಅಧ್ವರ್ಯುಗಳಲ್ಲಿ,TODO,noun,ಇ,yes
ಶಾಸ್ತ್ರೀಯ,TODO,noun,ಅ,yes
ಗೋಪುರಗಳಾಗಿ,TODO,noun,ಇ,yes
ವರ್ತನೆಯನ್ನು,TODO,noun,ಉ,yes
ಸ್ಥಳವಾಗಿತ್ತು,TODO,noun,ಉ,yes
ಆಳ್ವಿಕೆಯಲ್ಲಿ,TODO,noun,ಇ,yes
ಕಳೆದಂತೆ,TODO,noun,ಎ,yes
ಸಾಮ್ರಾಜ್ಯಗಳಿಂದ,TODO,noun,ಅ,yes
ದಡದಲ್ಲಿದೆ,TODO,noun,ಎ,yes
ವಾಣಿಯಲ್ಲ,TODO,noun,ಅ,yes
ಕೀರ್ತಿನಾಥ,TODO,noun,ಅ,yes
ಬೆಳಗಾವಿ,TODO,noun,ಇ,yes
ಆಚಾರ,TODO,noun,ಅ,yes
ಆಕೆಗೆ,TODO,noun,ಎ,yes
ಸುಖ,TODO,noun,ಅ,yes
ರಾಜ್ಯವಾಗಿತ್ತು,TODO,noun,ಉ,yes
ಸಂದೇಶ,TODO,noun,ಅ,yes
ಕೂಡ,TODO,noun,ಅ,yes
ಹಂಪಿಯು,TODO,noun,ಉ,yes
ಭಾಷೆಯಲ್ಲಿ,TODO,noun,ಇ,yes
ವಿಶ್ವವಿದ್ಯಾನಿಲಯವನ್ನು,TODO,noun,ಉ,yes
ವಿಶೇಷತೆಯಾಗಿದೆ,TODO,noun,ಎ,yes
ಸ್ಥಾನ,TODO,noun,ಅ,yes
ಅತ್ಯಂತ,TODO,noun,ಅ,yes
೭ಮೀ,TODO,noun,ಈ,yes
ದಿಕ್ಕಿನಲ್ಲಿ,TODO,noun,ಇ,yes
ವರ್ಷಗಳ,TODO,noun,ಅ,yes
ಪ್ರೇಕ್ಷಣಿಯ,TODO,noun,ಅ,yes
ರಥ,TODO,noun,ಅ,yes
ದಾರಿ,TODO,noun,ಇ,yes
ರೈಲು,TODO,noun,ಉ,yes
ಇನ್ನೂ,TODO,noun,ಊ,yes
ಅಲಂಕರಿಸದ,TODO,noun,ಅ,yes
ಹೆಚ್ಚಿನ,TODO,noun,ಅ,yes
ಅವರನ್ನು,TODO,noun,ಉ,yes
ದೇಗುಲ,TODO,noun,ಅ,yes
ಆಯಿತು,TODO,noun,ಉ,yes
ಪೂಜಿಸುವಂತೆ,TODO,noun,ಎ,yes
ರಾಜಧಾನಿಯಾದ,TODO,noun,ಅ,yes
ವಿಂಗಡಿಸಲಾಗಿದೆ,TODO,noun,ಎ,yes
ಇಲ್ಲಿರುವ,TODO,noun,ಅ,yes
೨೬೮,TODO,noun,ಅ,yes
ತೊಟ್ಟಿಲು,TODO,noun,ಉ,yes
ದಲ್ಲಿ,TODO,noun,ಇ,yes
ಪಡೆದವರು,TODO,noun,ಉ,yes
ಪೂಜೆ,TODO,noun,ಎ,yes
ಪ್ರಾಚಿನ,TODO,noun,ಅ,yes
ಸ್ಥಳವಾದ,TODO,noun,ಅ,yes
ಕಲಾವಿದರ,TODO,noun,ಅ,yes
ಕರಾವಳಿ,TODO,noun,ಇ,yes
ಬಂದಿವೆ,TODO,noun,ಎ,yes
ರಾಜಧಾನಿಯಾಗಿತ್ತು,TODO,noun,ಉ,yes
ಜನಗಣತಿಯಂತೆ,TODO,noun,ಎ,yes
ರಾಜ್ಯಗಳಲ್ಲಿ,TODO,noun,ಇ,yes
ಉಪಯೋಗಿಸುವ,TODO,noun,ಅ,yes
ಷೋಡಶಿ,TODO,noun,ಇ,yes
ಕೂಸಾದ,TODO,noun,ಅ,yes
ಜನಮನವನ್ನು,TODO,noun,ಉ,yes
ಚಿತ್ರಕೃತಿಗಳನ್ನು,TODO,noun,ಉ,yes
ಮನಸೂರೆಗೊಳಿಸುತ್ತದೆ,TODO,noun,ಎ,yes
ಕಾವ್ಯವು,TODO,noun,ಉ,yes
ದೇವತೆಯ,TODO,noun,ಅ,yes
ಮೃದು,TODO,noun,ಉ,yes
ಒಳಗೊಂಡಿದ್ದು,TODO,noun,ಉ,yes
ಕಾಳುಗಳನ್ನು,TODO,noun,ಉ,yes
ಮೊದಲ,TODO,noun,ಅ,yes
ಆಕೆಯನ್ನು,TODO,noun,ಉ,yes
ಸ್ಫಟಿಕ,TODO,noun,ಅ,yes
ಗಳಿಂದ,TODO,noun,ಅ,yes
ಬೌದ್ಧಿಕ,TODO,noun,ಅ,yes
ಬಂದೇನವಾಜ್,TODO,noun,ಜ,yes
ಪಡೆಯುವುದು,TODO,noun,ಉ,yes
ಮುಂತಾದವುಗಳು,TODO,noun,ಉ,yes
ಸೂಚಿಸುತ್ತದೆ,TODO,noun,ಎ,yes
ಅದ್ಭುತ,TODO,noun,ಅ,yes
ಕನ್ನಡಿಯಾಗಿ,TODO,noun,ಇ,yes
ಕಾವ್ಯಮೀಮಾಂಸೆಯ,TODO,noun,ಅ,yes
ವಿಮಾನ,TODO,noun,ಅ,yes
ಆಸ್ಟ್ರೇಲಿಯಾದಲ್ಲಿ,TODO,noun,ಇ,yes
ಯುದ್ಧದಲ್ಲಿ,TODO,noun,ಇ,yes
ಆದರೆ,TODO,noun,ಎ,yes
ಮಾರ್ಗದಿಂದ,TODO,noun,ಅ,yes
ಮೇರು,TODO,noun,ಉ,yes
ಸ್ಥಳವಾಗಿದೆ,TODO,noun,ಎ,yes
ಇವರಷ್ಟು,TODO,noun,ಉ,yes
ವಿಸ್ತೀರ್ಣ,TODO,noun,ಅ,yes
ಜನರಂತೆ,TODO,noun,ಎ,yes
ಕೆತ್ತಲಾಗಿರುವ,TODO,noun,ಅ,yes
ತಿಂಡಿ,TODO,noun,ಇ,yes
ಸುತ್ತುವರಿಯಲ್ಪಟ್ಟಿದೆ,TODO,noun,ಎ,yes
ಅವತಾರ,TODO,noun,ಅ,yes
ಅಂತ್ಯಸಂಸ್ಕಾರವನ್ನು,TODO,noun,ಉ,yes
ಕಾಳು,TODO,noun,ಉ,yes
ಎತ್ತರವುಳ್ಳ,TODO,noun,ಅ,yes
ಬಗ್ಗೆ,TODO,noun,ಎ,yes
ಮಾಧ್ಯಮಿಕ,TODO,noun,ಅ,yes
ಇಂಥ,TODO,noun,ಅ,yes
ಬದುಕಿಗೊಂದು,TODO,noun,ಉ,yes
ಕಟ್ಟಲಾದ,TODO,noun,ಅ,yes
ನಿರ್ಮಿಸಲಾಯಿತು,TODO,noun,ಉ,yes
ಭಾರತದ,TODO,noun,ಅ,yes
ಕಾಲೇಜು,TODO,noun,ಉ,yes
೨೧,TODO,noun,ಅ,yes
ವಿಷಯಗಳಿಗೂ,TODO,noun,ಊ,yes
೨೫೪,TODO,noun,ಅ,yes
ತಿರುಮಕೂಡಲಿನಲ್ಲಿದ್ದು,TODO,noun,ಉ,yes
ಮಾನದಂಡದಿಂದ,TODO,noun,ಅ,yes
ಹೋಟೆಲ್,TODO,noun,ಲ,yes
ಅರಕೇಶ್ವರ,TODO,noun,ಅ,yes
ಹಿಂದೆ,TODO,noun,ಎ,yes
ಹಂಪಿ,TODO,noun,ಇ,yes
ಉಪಭಾಷೆಗಳಾದ,TODO,noun,ಅ,yes
ಕಾದಂಬರಿಗಳಾದ,TODO,noun,ಅ,yes
ಬೆಂಗಳೂರು,TODO,noun,ಉ,yes
ಸರಾಸರಿ,TODO,noun,ಇ,yes
ಚನ್ನಬಸವೇಶ್ವರ,TODO,noun,ಅ,yes
ಕಟ್ಟಲಾರಂಭಿಸಿ,TODO,noun,ಇ,yes
ಮಹಿಳೆಯ,TODO,noun,ಅ,yes
ಗೋಲಗುಮ್ಮಟ,TODO,noun,ಅ,yes
ತುಮಕೂರು,TODO,noun,ಉ,yes
ವಾಸಸ್ಥಾನ,TODO,noun,ಅ,yes
ವೈಷ್ಣವ,TODO,noun,ಅ,yes
ಸರಿದೂಗಿಸಲು,TODO,noun,ಉ,yes
ಪ್ರಕಾರವಿಲ್ಲ,TODO,noun,ಅ,yes
ಜಿಲ್ಲಾ,TODO,noun,ಆ,yes
ಪಟ್ಟಣ,TODO,noun,ಅ,yes
ಇವೆ,TODO,noun,ಎ,yes
ನೆಲೆ,TODO,noun,ಎ,yes
ನಿರೀಕ್ಷಣಾ,TODO,noun,ಆ,yes
ಭಾಷಾ,TODO,noun,ಆ,yes
ಇಂಜಿನ್,TODO,noun,ನ,yes
ಕಾದಂಬರಿಕಾರರ,TODO,noun,ಅ,yes
ಮಹಿಷನನ್ನು,TODO,noun,ಉ,yes
ಪ್ರಾದೇಶಿಕ,TODO,noun,ಅ,yes
ಅಧಿದೇವತೆ,TODO,noun,ಎ,yes
ಚೆನ್ನಕೇಶವ,TODO,noun,ಅ,yes
ಸೋಮನಾಥಪುರದಲ್ಲಿ,TODO,noun,ಇ,yes
ಸಂಗಮ,TODO,noun,ಅ,yes
ಮೀ,TODO,noun,ಈ,yes
ಗುರಿ,TODO,noun,ಇ,yes
ಅಡ್ಡಲಾಗಿ,TODO,noun,ಇ,yes
ಕಣ್ಣೀರನ್ನು,TODO,noun,ಉ,yes
ಜಗದ,TODO,noun,ಅ,yes
ಪಶ್ಚಿಮದಲ್ಲಿ,TODO,noun,ಇ,yes
ಹೊಸಪೇಟೆಯ,TODO,noun,ಅ,yes
ಸೇರಿಸಲಾಯಿತು,TODO,noun,ಉ,yes
ಕಿಂಡಿಗಳಿದ್ದು,TODO,noun,ಉ,yes
ಆಯಾಮಗಳನ್ನು,TODO,noun,ಉ,yes
ಇನ್ನೊಂದು,TODO,noun,ಉ,yes
ಸಾಮ್ರಾಜ್ಯದ,TODO,noun,ಅ,yes
ಜೀವದ,TODO,noun,ಅ,yes
ಮಹಿಷಾಸುರನು,TODO,noun,ಉ,yes
ಅಶೋಕಪುರಂ,TODO,noun,ಂ,yes
ಕಲ್ಪನೆಗಳನ್ನು,TODO,noun,ಉ,yes
ಮರೆಮಾಚಿಲ್ಲ,TODO,noun,ಅ,yes
ಪುನರುತ್ಥಾನದ,TODO,noun,ಅ,yes
ಸಪ್ತಮಾತೃಕೆಯರಲ್ಲಿ,TODO,noun,ಇ,yes
ಧರ್ಮಗಳ,TODO,noun,ಅ,yes
ಧೋರಣೆಯ,TODO,noun,ಅ,yes
ಯೊಂದಿಗೆ,TODO,noun,ಎ,yes
ಕಟ್ಟಿಗೆ,TODO,noun,ಎ,yes
ಚಂಡ,TODO,noun,ಅ,yes
ಉಗಮವಾಯಿತು,TODO,noun,ಉ,yes
ಜಗತ್ತಿನಲ್ಲೇ,TODO,noun,ಏ,yes
ತದನಂತರ,TODO,noun,ಅ,yes
ವಿಶಿಷ್ಟ,TODO,noun,ಅ,yes
ಅರಮನೆಗಳಲ್ಲಿ,TODO,noun,ಇ,yes
ನಗರವೆಂಬ,TODO,noun,ಅ,yes
ಪೂರ್ವದಲ್ಲಿ,TODO,noun,ಇ,yes
ಜಗನ್ಮೋಹನ,TODO,noun,ಅ,yes
ದಂತ,TODO,noun,ಅ,yes
ಪ್ರತಿಬಿಂಬಿಸುವ,TODO,noun,ಅ,yes
ಕನ್ನಡಕ್ಕೆ,TODO,noun,ಎ,yes
ಸಮರ್ಪಿಸಲಾಗಿದೆ,TODO,noun,ಎ,yes
ಭಾಷಿಗರು,TODO,noun,ಉ,yes
ಅತೀತ,TODO,noun,ಅ,yes
ವೈಶಿಷ್ಟ್ಯ,TODO,noun,ಅ,yes
ಶತಮಾನದಲ್ಲಿ,TODO,noun,ಇ,yes
ಆಡಳಿತ,TODO,noun,ಅ,yes
ಆರ್ಕಿಯನ್,TODO,noun,ನ,yes
ಇಂದು,TODO,noun,ಉ,yes
ಮೂರ್ತಿ,TODO,noun,ಇ,yes
ಕೃಷ್ಣಮೂರ್ತಿ,TODO,noun,ಇ,yes
ಬ್ರಿಡ್ಜ್,TODO,noun,ಜ,yes
ನಾಯಕ,TODO,noun,ಅ,yes
ಪ್ರಾಂಶುಪಾಲರೂ,TODO,noun,ಊ,yes
ನಗ್ನ,TODO,noun,ಅ,yes
ದಿನವು,TODO,noun,ಉ,yes
ವಿರೂಪಾಕ್ಷ,TODO,noun,ಅ,yes
ಗೋಪುರಗಳು,TODO,noun,ಉ,yes
ಶ್ವಾಸಕೋಶಗಳ,TODO,noun,ಅ,yes
ಕಾಮ್ಮೊನ್,TODO,noun,ನ,yes
ಪಡೆದಿದ್ದಾರೆ,TODO,noun,ಎ,yes
ಆಧಾರದ,TODO,noun,ಅ,yes
ಮೆಟ್ಟಿಲ,TODO,noun,ಅ,yes
ದಕ್ಷಿಣಾತ್ಯ,TODO,noun,ಅ,yes
ಮಹಾಕವಿಗಳಾಗಿ,TODO,noun,ಇ,yes
ಹಿಡಿತಕ್ಕೆ,TODO,noun,ಎ,yes
ಬರುತ್ತದೆ,TODO,noun,ಎ,yes
ನಮ್ಮ,TODO,noun,ಅ,yes
ಕವಿಗಳಿಂದ,TODO,noun,ಅ,yes
ಕುಟುಂಬದ,TODO,noun,ಅ,yes
ತಾಳಿಕೋಟೆಯ,TODO,noun,ಅ,yes
ಸಿರಿವಂತಗೊಳಿಸಿದ,TODO,noun,ಅ,yes
ವಿಚಾರಶಕ್ತಿಯನ್ನು,TODO,noun,ಉ,yes
ನಿರ್ಮಿತವಾಗಿದ್ದು,TODO,noun,ಉ,yes
ದೇವಿಯೆಂದು,TODO,noun,ಉ,yes
ಚೆಲುವಾಂಬ,TODO,noun,ಅ,yes
ಹೊಟ್ಟೆಗೆ,TODO,noun,ಎ,yes
ಕಟ್ಟಡವನ್ನು,TODO,noun,ಉ,yes
ದೃಶ್ಯಗಳನ್ನು,TODO,noun,ಉ,yes
ರವರ,TODO,noun,ಅ,yes
ಮಾಡಲಾಗುತ್ತದೆ,TODO,noun,ಎ,yes
ಗಂಗ,TODO,noun,ಅ,yes
ಶುಕ್ಲಪಕ್ಷದ,TODO,noun,ಅ,yes
ಪ್ರಕಾರದಲ್ಲಿ,TODO,noun,ಇ,yes
ಪ್ರದರ್ಶನ,TODO,noun,ಅ,yes
ಪ್ರವಾಸೋದ್ಯಮ,TODO,noun,ಅ,yes
ಸಮೂಹದಲ್ಲಿ,TODO,noun,ಇ,yes
ವಿಮೋಚನಾ,TODO,noun,ಆ,yes
ಮದ್ರಾಸ್,TODO,noun,ಸ,yes
ಘಟನೆಗಳ,TODO,noun,ಅ,yes
ಪೂರ್ವಕ್ಕೆ,TODO,noun,ಎ,yes
ಸಾಂಸ್ಕೃತಿಕ,TODO,noun,ಅ,yes
ಕೋಟ್ಯಂತರ,TODO,noun,ಅ,yes
ಕಾಲುವೆಗಳ,TODO,noun,ಅ,yes
ಅರಮನೆಯಾಗಿತ್ತು,TODO,noun,ಉ,yes
ನರಸಿಂಹಾಚಾರ್,TODO,noun,ರ,yes
ಸಣ್ಣ,TODO,noun,ಅ,yes
ಚದರ,TODO,noun,ಅ,yes
ಮಾಧ್ಯಮದ,TODO,noun,ಅ,yes
ದೇವಾಲಯವಾಗಿದೆ,TODO,noun,ಎ,yes
ಇವತ್ತಿಗೂ,TODO,noun,ಊ,yes
ಕರೆಯಲಾಗುತ್ತಿತು,TODO,noun,ಉ,yes
ಜನಪ್ರಿಯಗೊಳಿಸಿ,TODO,noun,ಇ,yes
ನೊಂದಿಗೆ,TODO,noun,ಎ,yes
ಪ್ರದೇಶಗಳಲ್ಲಿ,TODO,noun,ಇ,yes
ತಂದೆ,TODO,noun,ಎ,yes
ಪುರದಮಠದ,TODO,noun,ಅ,yes
ಗಂಧದ,TODO,noun,ಅ,yes
ಅನೆ,TODO,noun,ಎ,yes
ಸಮಾಧಿ,TODO,noun,ಇ,yes
ಒಂಟಿಕೊಪ್ಪಲು,TODO,noun,ಉ,yes
ಪ್ರವಾಸಿಸುವಾಗ,TODO,noun,ಅ,yes
ನಗರದಲ್ಲಿ,TODO,noun,ಇ,yes
ಜೀವಿ,TODO,noun,ಇ,yes
ಮಾದರಿಗಳನ್ನು,TODO,noun,ಉ,yes
ನಿರ್ಮಿಸಲು,TODO,noun,ಉ,yes
ಭಾಗದ,TODO,noun,ಅ,yes
ಕಾಲದಲ್ಲಿ,TODO,noun,ಇ,yes
ಬಣ್ಣಾರಿಯಮ್ಮ,TODO,noun,ಅ,yes
ಮಹಾರಾಷ್ಟ್ರದಿಂದ,TODO,noun,ಅ,yes
ಕುಟುಂಬವತ್ಸಲರು,TODO,noun,ಉ,yes
ವಾಯುವ್ಯ,TODO,noun,ಅ,yes
ಭಾನುವಾರ,TODO,noun,ಅ,yes
ನಿರ್ಧರಿಸಿದ,TODO,noun,ಅ,yes
ನಿಸರ್ಗದ,TODO,noun,ಅ,yes
ಸಂಗತಿ,TODO,noun,ಇ,yes
ರಾಣಿಯರ,TODO,noun,ಅ,yes
ವಿಗ್ರಹಗಳನ್ನು,TODO,noun,ಉ,yes
ಸೌಂದರ್ಯ,TODO,noun,ಅ,yes
ಸದಾಕಾಲ,TODO,noun,ಅ,yes
ಕುಮಾರವ್ಯಾಸ,TODO,noun,ಅ,yes
ವೀರಭಾವ,TODO,noun,ಅ,yes
ತಿರುಮಕೂಡಲು,TODO,noun,ಉ,yes
ಇಡೀ,TODO,noun,ಈ,yes
ಮಾಂತ್ರಿಕ,TODO,noun,ಅ,yes
ಬಸವಣ್ಣ,TODO,noun,ಅ,yes
ರೈಲ್ವೇ,TODO,noun,ಏ,yes
ಎಲಿಫಂಟ್,TODO,noun,ಟ,yes
ಅಡಿಯ,TODO,noun,ಅ,yes
ಇಂದೆ,TODO,noun,ಎ,yes
ಲೇಖನಿ,TODO,noun,ಇ,yes
ಜಿಲ್ಲೆಗಳಲ್ಲಿ,TODO,noun,ಇ,yes
ದರ್ಶನಂ,TODO,noun,ಂ,yes
ಸದ್ಯ,TODO,noun,ಅ,yes
ಕುರ್ತಕೋಟಿ,TODO,noun,ಇ,yes
ಬೀದಿಯಲ್ಲಿ,TODO,noun,ಇ,yes
೧೯೫೬,TODO,noun,ಅ,yes
ದರ್ಶನದ,TODO,noun,ಅ,yes
ಎತ್ತರವನ್ನು,TODO,noun,ಉ,yes
ರಾಜ್ಯಗಳಲ್ಲಿನ,TODO,noun,ಅ,yes
ಪರಿಗಣಿಸಿದಾಗ,TODO,noun,ಅ,yes
ಬೇಕು,TODO,noun,ಉ,yes
ಸಂಕೀರ್ಣದಿಂದ,TODO,noun,ಅ,yes
ರಚನಾ,TODO,noun,ಆ,yes
ವಿಗ್ರಹವು,TODO,noun,ಉ,yes
ಯುಗಧರ್ಮ,TODO,noun,ಅ,yes
ತುಂಗಭದ್ರಾ,TODO,noun,ಆ,yes
ಜಾತಿಯ,TODO,noun,ಅ,yes
ಮಿಡಿದಿದೆ,TODO,noun,ಎ,yes
ಕಾಪಾಡುವ,TODO,noun,ಅ,yes
ನೈಋತ್ಯದಲ್ಲಿ,TODO,noun,ಇ,yes
ಭಾರತದಲ್ಲಿನ,TODO,noun,ಅ,yes
ದುಷ್ಟ,TODO,noun,ಅ,yes
ಗ್ರಹಿಸಿದ,TODO,noun,ಅ,yes
ದಾಳಿ,TODO,noun,ಇ,yes
ಅಲಂಕೃತ,TODO,noun,ಅ,yes
ಸಾಮರ್ಥ್ಯವನ್ನು,TODO,noun,ಉ,yes
ಪೂಜಿಸಲಾಗುತ್ತದೆ,TODO,noun,ಎ,yes
ಲಕ್ಷ್ಮಣ,TODO,noun,ಅ,yes
ಎಂದೆನಿಸಿ,TODO,noun,ಇ,yes
ಜನಪ್ರೀಯವಾದ,TODO,noun,ಅ,yes
ಭಕ್ತನು,TODO,noun,ಉ,yes
ಕಂಬಗಳು,TODO,noun,ಉ,yes
ಬೆಟ್ಟವನ್ನು,TODO,noun,ಉ,yes
ಜೀವನಚರಿತ್ರೆ,TODO,noun,ಎ,yes
ತೀರ್ಥಹಳ್ಳಿಯಲ್ಲಿ,TODO,noun,ಇ,yes
ವ್ಯಕ್ತಿ,TODO,noun,ಇ,yes
ಒಂದೇ,TODO,noun,ಏ,yes
ಕವಿಗೆ,TODO,noun,ಎ,yes
ನಯಿಸ್,TODO,noun,ಸ,yes
ಮಾಡಲಾಗಿಲ್ಲ,TODO,noun,ಅ,yes
ಹಲವಾರು,TODO,noun,ಉ,yes
ಬಾಯಲ್ಲಿ,TODO,noun,ಇ,yes
ವಜ್ರಾಭರಣಗಳನ್ನು,TODO,noun,ಉ,yes
ನಡೆಯುತ್ತಿದ್ದ,TODO,noun,ಅ,yes
ಸ್ತ್ರೀ,TODO,noun,ಈ,yes
ಪಾಶವನ್ನು,TODO,noun,ಉ,yes
ಎತ್ತರವಿರುವ,TODO,noun,ಅ,yes
ಟಿ,TODO,noun,ಇ,yes
ನೀಡಿದ್ದಾರೆ,TODO,noun,ಎ,yes
ಅವಶ್ಯಕತೆ,TODO,noun,ಎ,yes
ಕಲ್ಲಿನ,TODO,noun,ಅ,yes
ಗ್ಯಾಲರಿಯ,TODO,noun,ಅ,yes
ಇಂಜಿನಿಯರ್,TODO,noun,ರ,yes
ಕೃಷ್ಣದೇವರಾಯರಿಂದ,TODO,noun,ಅ,yes
ಕೆಲವು,TODO,noun,ಉ,yes
ಕಡೆ,TODO,noun,ಎ,yes
ಪಾಠಶಾಲೆ,TODO,noun,ಎ,yes
ಕಾರಂಜಿ,TODO,noun,ಇ,yes
ನಾಟಕಗಳಿಗೆ,TODO,noun,ಎ,yes
ಲಾಸ್ಟ್,TODO,noun,ಟ,yes
ಗಣೇಶ,TODO,noun,ಅ,yes
ಕೊನೆಗೆ,TODO,noun,ಎ,yes
ಅತ್ಯುತ್ತಮವಾದ,TODO,noun,ಅ,yes
ಸಾಲಿನಲ್ಲಿ,TODO,noun,ಇ,yes
ಶತಮಾನ್,TODO,noun,ನ,yes
ವನ್ನು,TODO,noun,ಉ,yes
ಎನ್ನುತ್ತದೆ,TODO,noun,ಎ,yes
ರಾಜಧಾನಿ,TODO,noun,ಇ,yes
ಅಷ್ಟದುರ್ಗೆಯರ,TODO,noun,ಅ,yes
ಜಯಲಕ್ಷ್ಮಿಪುರಂ,TODO,noun,ಂ,yes
ವಾತಾವರಣವನ್ನು,TODO,noun,ಉ,yes
ಪ್ರದೇಶವನ್ನು,TODO,noun,ಉ,yes
ಸಾಮ್ರಾಜ್ಯದಿಂದ,TODO,noun,ಅ,yes
ಸಂಪರ್ಕ,TODO,noun,ಅ,yes
ಪ್ರತಿಭೆ,TODO,noun,ಎ,yes
ಅವಳನ್ನು,TODO,noun,ಉ,yes
ಮಾನವ,TODO,noun,ಅ,yes
ಕಾರಿಡಾರ್,TODO,noun,ರ,yes
ಹೊದಿಕೆಗಳನ್ನು,TODO,noun,ಉ,yes
ಪುಟ್ಟಪ್ಪನವರು,TODO,noun,ಉ,yes
ಘೋಷಿಸಿದೆ,TODO,noun,ಎ,yes
ಬರುವುದು,TODO,noun,ಉ,yes
ದೇವತೆಗೆ,TODO,noun,ಎ,yes
೩೪೮೯ಅಡಿ,TODO,noun,ಇ,yes
ಸಮಸ್ಪರ್ಧಿಯಾಗಿ,TODO,noun,ಇ,yes
ಸಂಜೆ,TODO,noun,ಎ,yes
ದೇವಸ್ಥಾನಗಳ,TODO,noun,ಅ,yes
ಅದನ್ನವರು,TODO,noun,ಉ,yes
ಕೊಂದು,TODO,noun,ಉ,yes
ಕಲ್ಪನಾಶಕ್ತಿಯೊಂದಿಗೆ,TODO,noun,ಎ,yes
ಕೃಷ್ಣ,TODO,noun,ಅ,yes
ಖಂಡಿತವಾಗಿಯು,TODO,noun,ಉ,yes
ಮಹಲ್,TODO,noun,ಲ,yes
ದೊಡ್ಡ,TODO,noun,ಅ,yes
ಗೋಡೆಯ,TODO,noun,ಅ,yes
ಉದಾಯವಾಯಿತು,TODO,noun,ಉ,yes
ಸತತವೂ,TODO,noun,ಊ,yes
ಹೊಂದಿರುವ,TODO,noun,ಅ,yes
ನವರಾತ್ರಿಯ,TODO,noun,ಅ,yes
ತಿಂಗಳುಗಳ,TODO,noun,ಅ,yes
ರಂಗ,TODO,noun,ಅ,yes
ರಸಋಷಿ,TODO,noun,ಇ,yes
ಚೋಳ,TODO,noun,ಅ,yes
ಮಕ್ಕಳು,TODO,noun,ಉ,yes
ಎನಿಸಿಕೊಂಡವರು,TODO,noun,ಉ,yes
ನನಸು,TODO,noun,ಉ,yes
ದಕ್ಷಿಣ,TODO,noun,ಅ,yes
ಹನುಮಂತನ,TODO,noun,ಅ,yes
ಸ್ವರ್ಗದಲ್ಲಿ,TODO,noun,ಇ,yes
ಸಮೃದ್ಧಿಯನ್ನು,TODO,noun,ಉ,yes
ಇತಿಹಾಸವು,TODO,noun,ಉ,yes
ಶ್ವಾಸಕೋಶಗಳು,TODO,noun,ಉ,yes
ದೇವರಾದ,TODO,noun,ಅ,yes
ಶಿಷ್ಟ,TODO,noun,ಅ,yes
ಸಮಯಾವಕಾಶವಿದ್ದರೆ,TODO,noun,ಎ,yes
ರಿಂದ,TODO,noun,ಅ,yes
ಆಗಿನ,TODO,noun,ಅ,yes
ಬಂತು,TODO,noun,ಉ,yes
೧೯೧೨,TODO,noun,ಅ,yes
ಇರಲಿಲ್ಲ,TODO,noun,ಅ,yes
ಪ್ರಾಧ್ಯಾಪಕರೂ,TODO,noun,ಊ,yes
ನವೆಂಬರ್,TODO,noun,ರ,yes
ಸಂಬಂಧಿಸಿದ,TODO,noun,ಅ,yes
ಅವರ,TODO,noun,ಅ,yes
ಪ್ರವಾಸಿ,TODO,noun,ಇ,yes
ಹಿಂಸೆಗಳು,TODO,noun,ಉ,yes
ಪ್ರವಾಸಿಗರನ್ನು,TODO,noun,ಉ,yes
ವರ್ಮ,TODO,noun,ಅ,yes
ಬಿದ್ದಿದ್ದು,TODO,noun,ಉ,yes
ಸ್ಥಳಗಳನ್ನು,TODO,noun,ಉ,yes
ವೈದ್ಯನಾಥಪುರ,TODO,noun,ಅ,yes
ನಿಗಮವು,TODO,noun,ಉ,yes
ರಸೋ,TODO,noun,ಓ,yes
ಜ್ಞಾನಪೀಠ,TODO,noun,ಅ,yes
ರಾ,TODO,noun,ಆ,yes
ಆಂಧ್ರ,TODO,noun,ಅ,yes
ಸೃಷ್ಟಿ,TODO,noun,ಇ,yes
ವೆಂಕಣ್ಣಯ್ಯನವರು,TODO,noun,ಉ,yes
ತಿಳಿಯುತ್ತಾರೆ,TODO,noun,ಎ,yes
ಸುತ್ತು,TODO,noun,ಉ,yes
ಅನೇಕ,TODO,noun,ಅ,yes
ಕೊಲ್ಲೂರು,TODO,noun,ಉ,yes
ಸುಂದರ,TODO,noun,ಅ,yes
ತುಳುಕಾಡುವುದು,TODO,noun,ಉ,yes
ಎನ್ಕ್ಲೊಸರ್,TODO,noun,ರ,yes
ಸ್ಚಿಸ್ಟ,TODO,noun,ಅ,yes
ಮೃಗಧಾಮಗಳು,TODO,noun,ಉ,yes
ಪ್ರೇರಿತವಾಗಿದೆ,TODO,noun,ಎ,yes
ಕನ್ನಡವನ್ನೇ,TODO,noun,ಏ,yes
ತ್ರಿಪುರ,TODO,noun,ಅ,yes
ಮಹಿಳೆಯರಿಗಾಗಿ,TODO,noun,ಇ,yes
ಎಂಬುದರಿಂದ,TODO,noun,ಅ,yes
ಶಂಕರಾಚಾರ್ಯ,TODO,noun,ಅ,yes
ಸೋಮನಾಥ,TODO,noun,ಅ,yes
೧೩೩೬ರಿಂದ,TODO,noun,ಅ,yes
ತತ್ವಜ್ಞಾನಿಗಳು,TODO,noun,ಉ,yes
ಆಂಗ್ಲ,TODO,noun,ಅ,yes
ಹೊರಹೊಮ್ಮಿಸುವ,TODO,noun,ಅ,yes
ಝರಣಿ,TODO,noun,ಇ,yes
ಮಾದರಿ,TODO,noun,ಇ,yes
ಎಲ್ಲಾ,TODO,noun,ಆ,yes
ನಂಜವದೂತ,TODO,noun,ಅ,yes
ಜನರ,TODO,noun,ಅ,yes
ಆನಂದೇಶ್ವರ,TODO,noun,ಅ,yes
ಕುಪ್ಪಳಿ,TODO,noun,ಇ,yes
ಅಳತೆ,TODO,noun,ಎ,yes
ಉದಾಹರಣೆಗೆ,TODO,noun,ಎ,yes
ಮಹಾರಾಜ,TODO,noun,ಅ,yes
ಕಾದಂಬರಿ,TODO,noun,ಇ,yes
ನಾಟಕ,TODO,noun,ಅ,yes
ಕಾಲೇಜಿನಿಂದ,TODO,noun,ಅ,yes
ಕೋಡಿವರಿಸುತ್ತದೆ,TODO,noun,ಎ,yes
ಕ್ಷೇತ್ರಗಳಿಂದ,TODO,noun,ಅ,yes
ಎಲ್ಲ,TODO,noun,ಅ,yes
ನಗರಗಳಲ್ಲಿ,TODO,noun,ಇ,yes
ಜಯಲಕ್ಮೀ,TODO,noun,ಈ,yes
ತೋಡಿದ,TODO,noun,ಅ,yes
ಆದಿಶಕ್ತಿಯಾಗಿ,TODO,noun,ಇ,yes
ಮೊಹಲ್ಲ,TODO,noun,ಅ,yes
ಕರೆಯಲ್ಪಡುತ್ತಾಳೆ,TODO,noun,ಎ,yes
ನಗರವು,TODO,noun,ಉ,yes
ಚಿಕ್ಕಮ್ಮ,TODO,noun,ಅ,yes
ನೀಡಿದೆ,TODO,noun,ಎ,yes
ಮಾತೃಕೆಯಲ್ಲಿ,TODO,noun,ಇ,yes
ಹಳೆಯ,TODO,noun,ಅ,yes
೧೭೫,TODO,noun,ಅ,yes
ಪ್ರತಿನಿಧಿಸುತ್ತದೆ,TODO,noun,ಎ,yes
ನಗರ,TODO,noun,ಅ,yes
ಎಂದಿತ್ತು,TODO,noun,ಉ,yes
ಶುಕ್ರವಾರ,TODO,noun,ಅ,yes
ಆರು,TODO,noun,ಉ,yes
ಸಮಕಾಲೀನ,TODO,noun,ಅ,yes
ಗಣ್ಯರಿಗೆ,TODO,noun,ಎ,yes
ಗುಡಿ,TODO,noun,ಇ,yes
ದೇವತೆಯಾದ,TODO,noun,ಅ,yes
ಸುತ್ತಲ,TODO,noun,ಅ,yes
ಕಾಲ,TODO,noun,ಅ,yes
ಬೇಕಾದ,TODO,noun,ಅ,yes
ಉರಿಮಸಾನಿ,TODO,noun,ಇ,yes
ತೂಕದ,TODO,noun,ಅ,yes
ಬಜಾರ್,TODO,noun,ರ,yes
ಬಳಿ,TODO,noun,ಇ,yes
ತುಂಗಭದ್ರ,TODO,noun,ಅ,yes
ಫಿಲೋಮಿನಾ,TODO,noun,ಆ,yes
ಹೊರನಾಡು,TODO,noun,ಉ,yes
ಆಗ್ನೇಯದಲ್ಲಿ,TODO,noun,ಇ,yes
ದೇವಸ್ಥಾನವಾಗಿದ್ದು,TODO,noun,ಉ,yes
ಆಗಿ,TODO,noun,ಇ,yes
ಮಹೇಶ್ವರಿ,TODO,noun,ಇ,yes
ಕಟ್ಟುತ್ತೆನೆಂದು,TODO,noun,ಉ,yes
ನಂತರ,TODO,noun,ಅ,yes
ಸಂತೇಪೇಟೆ,TODO,noun,ಎ,yes
ಮೇಲೆ,TODO,noun,ಎ,yes
ಪರಮೇಶ್ವರನು,TODO,noun,ಉ,yes
ಭಾಗಗಳನ್ನು,TODO,noun,ಉ,yes
ನಡೆಸುವ,TODO,noun,ಅ,yes
ಅಂಜನಾದ್ರಿ,TODO,noun,ಇ,yes
೨೪,TODO,noun,ಅ,yes
ಕೊಂಡ,TODO,noun,ಅ,yes
ಪ್ರಕಾರಗಳಾಗಿ,TODO,noun,ಇ,yes
ಕೋಕಿಲೋದಯ,TODO,noun,ಅ,yes
ಹಾಗೆಯೇ,TODO,noun,ಏ,yes
ಕರ್ನಾಟಕದಲ್ಲಿ,TODO,noun,ಇ,yes
ವ್ಯವಸಾಯ,TODO,noun,ಅ,yes
ಕಟ್ಟಲಾಗಿದೆ,TODO,noun,ಎ,yes
ಈಶ್ವರಿ,TODO,noun,ಇ,yes
ಆರಾಧನೆ,TODO,noun,ಎ,yes
ನೆರವೇರಿಸಲಾಯಿತು,TODO,noun,ಉ,yes
ವರ್ಗಕ್ಕೆ,TODO,noun,ಎ,yes
ಹೆಗ್ಗಡತಿ,TODO,noun,ಇ,yes
ನೂರು,TODO,noun,ಉ,yes
ಧೀಮಂತ,TODO,noun,ಅ,yes
ವಂಕಿಯಾಕಾರದ,TODO,noun,ಅ,yes
ಕರಗಿ,TODO,noun,ಇ,yes
ಮಾಡಲ್ಪಟ್ಟಿವೆ,TODO,noun,ಎ,yes
ಎಡಗೈ,TODO,noun,ಐ,yes
ವರ್ಷಗಳಿಂದ,TODO,noun,ಅ,yes
ಕೃಷ್ಣದೇವರಾಯನ,TODO,noun,ಅ,yes
ರಾಷ್ಟ್ರಕವಿ,TODO,noun,ಇ,yes
ಪರಂಪರೆಯ,TODO,noun,ಅ,yes
ಘಟನೆಯನ್ನು,TODO,noun,ಉ,yes
ಕಲ್ಲಿನಲ್ಲಿ,TODO,noun,ಇ,yes
ನವ,TODO,noun,ಅ,yes
ಪುಷ್ಟಿಗೊಳಿಸುತ್ತಿದೆ,TODO,noun,ಎ,yes
ಕೊಡುತ್ತಾನೆ,TODO,noun,ಎ,yes
ಕಲ್ಪನೆಯ,TODO,noun,ಅ,yes
ಮಾಹಿತಿಯನ್ನು,TODO,noun,ಉ,yes
ನರಸಿಂಹ,TODO,noun,ಅ,yes
ವಿರಮಿಸುತ್ತಿದ್ದ,TODO,noun,ಅ,yes
ಕಲಿಯದವರ,TODO,noun,ಅ,yes
ನಾಟಕಕಾರ,TODO,noun,ಅ,yes
ಅದರ,TODO,noun,ಅ,yes
ಐತಿಹಾಸಿಕ,TODO,noun,ಅ,yes
ವಾಸ್ತುಶಿಲ್ಪವುಳ್ಳ,TODO,noun,ಅ,yes
ಪಂಪಾ,TODO,noun,ಆ,yes
ಅವರು,TODO,noun,ಉ,yes
ಮಾನಸಗಂಗೋತ್ರಿ,TODO,noun,ಇ,yes
ಸೃಜನಾತ್ಮಕ,TODO,noun,ಅ,yes
೩೦,TODO,noun,ಅ,yes
ಬಿಟ್ಟು,TODO,noun,ಉ,yes
ವ್ಯವಸ್ಥೆಯನ್ನೂ,TODO,noun,ಊ,yes
ವಿಮರ್ಶಕ,TODO,noun,ಅ,yes
ವಿಶಾಲವಾದ,TODO,noun,ಅ,yes
ಮುರಿದು,TODO,noun,ಉ,yes
ಹೆಸರುಗಳಿಂದ,TODO,noun,ಅ,yes
ಚಿತ್ರಣ,TODO,noun,ಅ,yes
ಇದು,TODO,noun,ಉ,yes
ದೊಡ್ಡಮ್ಮ,TODO,noun,ಅ,yes
ಮಠ,TODO,noun,ಅ,yes
ಸೆಂಟರ್,TODO,noun,ರ,yes
ಮಲೆಮಹದೇಶ್ವರ,TODO,noun,ಅ,yes
ಕಲಬುರಗಿ,TODO,noun,ಇ,yes
ಕೆವಲ,TODO,noun,ಅ,yes
ಬೇರ್ಪಟ್ಟ,TODO,noun,ಅ,yes
ವಸ್ತುಸಂಗ್ರಹಾಲಯವಾಗಿ,TODO,noun,ಇ,yes
ವಿಶ್ವ,TODO,noun,ಅ,yes
ಜನಾಂಗದವನೊಬ್ಬ,TODO,noun,ಅ,yes
ಬುದ್ಧನ,TODO,noun,ಅ,yes
ಅಣೆಕಟ್ಟು,TODO,noun,ಉ,yes
ಕೆಲಸಗಳನ್ನು,TODO,noun,ಉ,yes
ವಿಷ್ಣುವಿನ,TODO,noun,ಅ,yes
ರತ್ನ,TODO,noun,ಅ,yes
ಮಾರ್ಗಗಳಾಗಿದ್ದು,TODO,noun,ಉ,yes
ಪಂಕ್ತಿಯಲ್ಲಿ,TODO,noun,ಇ,yes
ಮೂರು,TODO,noun,ಉ,yes
ಗುಂಡಿ,TODO,noun,ಇ,yes
ಕರ್ನಾಟಕದಲ್ಲಿರುವ,TODO,noun,ಅ,yes
ಎಳು,TODO,noun,ಉ,yes
ನೆಲೆಗೊಳ್ಳುತ್ತಾಳೆ,TODO,noun,ಎ,yes
ರಜಾ,TODO,noun,ಆ,yes
ಎಸ್,TODO,noun,ಸ,yes
ಹುಟ್ಟೂರಾದ,TODO,noun,ಅ,yes
ಮೇಲಿದೆ,TODO,noun,ಎ,yes
ಪ್ರದೇಶ,TODO,noun,ಅ,yes
ಸಿರ್ಸಿ,TODO,noun,ಇ,yes
ವಿಶ್ವವಿಖ್ಯಾತ,TODO,noun,ಅ,yes
ಗುಡಿಗೆ,TODO,noun,ಎ,yes
ನಲ್ಲಿ,TODO,noun,ಇ,yes
ಪ್ರಾಕೃತ,TODO,noun,ಅ,yes
ನಾಡಿನ,TODO,noun,ಅ,yes
ಪ್ರಾಣಿ,TODO,noun,ಇ,yes
ಪಾಲಿನ,TODO,noun,ಅ,yes
ಮಾಳವಾಡ,TODO,noun,ಅ,yes
ನಾನಕ್,TODO,noun,ಕ,yes
ವಿವರಣೆಯನ್ನು,TODO,noun,ಉ,yes
ತಾಯಿ,TODO,noun,ಇ,yes
ದಖ್ಖನ,TODO,noun,ಅ,yes
ಪ್ರಸಿದ್ಧ,TODO,noun,ಅ,yes
ಇಲ್ಲಿಗೆ,TODO,noun,ಎ,yes
ಸಪ್ಪರ್,TODO,noun,ರ,yes
೧೯೪೭,TODO,noun,ಅ,yes
ಮಾದರಿಯಲ್ಲಿ,TODO,noun,ಇ,yes
ವಿಶಿಷ್ಟತೆಯೆಂದರೆ,TODO,noun,ಎ,yes
ಸಾಮ್ರಾಜ್ಯ,TODO,noun,ಅ,yes
ಅವುಗಳನ್ನು,TODO,noun,ಉ,yes
ರೈತ,TODO,noun,ಅ,yes
ಬೇರ್ಪಡಿಸಿ,TODO,noun,ಇ,yes
ಅವರಿಗೆ,TODO,noun,ಎ,yes
ನಗರದ,TODO,noun,ಅ,yes
ತೀರ್ಥ,TODO,noun,ಅ,yes
ಮಹಾಬಲಗಿರಿಯ,TODO,noun,ಅ,yes
ಮದ್ದೂರು,TODO,noun,ಉ,yes
ಹಿಂದಿನ,TODO,noun,ಅ,yes
ತಿಳಿಯುತ್ತದೆ,TODO,noun,ಎ,yes
ಜೀವನೋದ್ದೇಶದ,TODO,noun,ಅ,yes
ಕೆ,TODO,noun,ಎ,yes
ಕಟ್ಟಲಾಗುತಿತ್ತು,TODO,noun,ಉ,yes
ದ್ಯಾವನುರು,TODO,noun,ಉ,yes
ದೊರೆಯಾದ,TODO,noun,ಅ,yes
ಆರನೆಯ,TODO,noun,ಅ,yes
ತತ್ವವನ್ನು,TODO,noun,ಉ,yes
ಒಯ್ದವರು,TODO,noun,ಉ,yes
ನೀಡುತ್ತಾರೆ,TODO,noun,ಎ,yes
ಮಹಿಷಮಂಡಲವನ್ನು,TODO,noun,ಉ,yes
ವಾಣಿ,TODO,noun,ಇ,yes
೧೪ನೆ,TODO,noun,ಎ,yes
ಹಸನುಗೊಳಿಸುತ್ತಿದೆ,TODO,noun,ಎ,yes
ಪ್ರತ್ಯೇಕ,TODO,noun,ಅ,yes
ಅದರಲ್ಲೂ,TODO,noun,ಊ,yes
ವರ್ಗದವರೊಂದಿಗೆ,TODO,noun,ಎ,yes
ಜನ,TODO,noun,ಅ,yes
ಉಪಯೋಗಿಸಿ,TODO,noun,ಇ,yes
ಹಿರೊ,TODO,noun,ಒ,yes
ಬಲಗೈಯಲ್ಲಿ,TODO,noun,ಇ,yes
ಆನೆಯ,TODO,noun,ಅ,yes
ಪ್ರವಾಸಿಗರು,TODO,noun,ಉ,yes
ಇವನ್ನೆಲ್ಲ,TODO,noun,ಅ,yes
ಪ್ರತಿಭೆಯಾಗಿದ್ದರಿಂದ,TODO,noun,ಅ,yes
ಉಪಾದಿಗಳು,TODO,noun,ಉ,yes
ಕ್ರಿ,TODO,noun,ಇ,yes
ಸುಮಾರು,TODO,noun,ಉ,yes
ತಂದುಕೊಟ್ಟವರು,TODO,noun,ಉ,yes
ಆಧ್ಯಾತ್ಮಿಕತೆ,TODO,noun,ಎ,yes
ಮ್ಯೂಸಿಯಂ,TODO,noun,ಂ,yes
ಬಿ,TODO,noun,ಇ,yes
ಹಾಸನಕ್ಕೆ,TODO,noun,ಎ,yes
ಸಿಕ್ಕುವುದಿಲ್ಲ,TODO,noun,ಅ,yes
ಕರ್ನಾಟಕವೂ,TODO,noun,ಊ,yes
ಜಿಲ್ಲೆ,TODO,noun,ಎ,yes
ಸಂದಾಯವಾದಂತಾಯ್ತು,TODO,noun,ಉ,yes
ಭಾವದ,TODO,noun,ಅ,yes
ನಂಜನಗೂಡು,TODO,noun,ಉ,yes
ದೇ,TODO,noun,ಏ,yes
ಬಾಳುಸಿರೇ,TODO,noun,ಏ,yes
ಮಾಡುತ್ತಾನೆ,TODO,noun,ಎ,yes
ಹೆಚ್ಚು,TODO,noun,ಉ,yes
ಕಳೆದುಕೊಳ್ಳುತ್ತಾ,TODO,noun,ಆ,yes
ಸದಸ್ಯರು,TODO,noun,ಉ,yes
ವಸ್ತು,TODO,noun,ಉ,yes
ನಿರ್ಮಿಸಲ್ಪಟ್ಟಿದ್ದು,TODO,noun,ಉ,yes
ವಿಕೇಂದ್ರಿಕರಣ,TODO,noun,ಅ,yes
ಮೊದಲನೆ,TODO,noun,ಎ,yes
ಕೆಲಸ,TODO,noun,ಅ,yes
ಕೊಪ್ಪಲು,TODO,noun,ಉ,yes
ಸಿದ್ದಾರ್ಥನಗರ,TODO,noun,ಅ,yes
ಕೃಷಿ,TODO,noun,ಇ,yes
ಜೀವವಿದೆ,TODO,noun,ಎ,yes
ಬಂಡೆಗಳಿಂದ,TODO,noun,ಅ,yes
ಲಿಂಗದಲ್ಲಿ,TODO,noun,ಇ,yes
ಅಶ್ವತ್ಥ,TODO,noun,ಅ,yes
ಅಧ್ಯಾತ್ಮ,TODO,noun,ಅ,yes
ರಾಮಕೃಷ್ಣನಗರ,TODO,noun,ಅ,yes
ಜನ್ಮದಿನವಾದ,TODO,noun,ಅ,yes
ಎಡೆ,TODO,noun,ಎ,yes
ನವ್ಯ,TODO,noun,ಅ,yes
ಮಂಟಪ,TODO,noun,ಅ,yes
ಸುತ್ತುವರೆಯಾಗಿ,TODO,noun,ಇ,yes
ಭಕ್ತ,TODO,noun,ಅ,yes
ಪ್ರಧಾನವಾಗಿ,TODO,noun,ಇ,yes
ಶ್ರೇಷ್ಠ,TODO,noun,ಅ,yes
೨೦೦೫,TODO,noun,ಅ,yes
ವೈ,TODO,noun,ಐ,yes
ಮುಂಬರುವ,TODO,noun,ಅ,yes
ಚಟುವಟಿಕೆಯ,TODO,noun,ಅ,yes
ನಿಲುಗಡೆಯ,TODO,noun,ಅ,yes
ನಜರ್,TODO,noun,ರ,yes
ಹಲವರನ್ನು,TODO,noun,ಉ,yes
ಸಮುದ್ರದಿಂದ,TODO,noun,ಅ,yes
ಇದಲ್ಲದೆ,TODO,noun,ಎ,yes
ಲ್ಯಾಟರೈಟ್,TODO,noun,ಟ,yes
ಶಂಕರ,TODO,noun,ಅ,yes
ಇಟ್ಟಿಗೆ,TODO,noun,ಎ,yes
ಪಾಕ್,TODO,noun,ಕ,yes
ದೂರದಲ್ಲಿದೆ,TODO,noun,ಎ,yes
ಕಾರವಾರ,TODO,noun,ಅ,yes
ಭಾಗ,TODO,noun,ಅ,yes
ತಡೆಯಲು,TODO,noun,ಉ,yes
ಟೆಂಪ್ಲೇಟು,TODO,noun,ಉ,yes
ಕ್ಷೇತ್ರಗಳಿಗೆ,TODO,noun,ಎ,yes
ವರೆಗೆ,TODO,noun,ಎ,yes
ಪ್ರಯಾಣ,TODO,noun,ಅ,yes
ಕ್ರಾಂತಿಕವಿ,TODO,noun,ಇ,yes
ಸುಲಭವಾಗುವಂತೆ,TODO,noun,ಎ,yes
ಅರೆಯೂರು,TODO,noun,ಉ,yes
ಖಂಡಿತವಾಗಿಯೂ,TODO,noun,ಊ,yes
ಶಿಲುಬೆಗೇರಿಸಿದ,TODO,noun,ಅ,yes
ಸಾಹಿಬ್,TODO,noun,ಬ,yes
ಪುರಂ,TODO,noun,ಂ,yes
ತಾಲೂಕು,TODO,noun,ಉ,yes
ಗೌಪ್ಯತೆಯನ್ನು,TODO,noun,ಉ,yes
ಅನಾವರಣಗೊಳಿಸುತ್ತವೆ,TODO,noun,ಎ,yes
ದ್ರಾವಿಡ,TODO,noun,ಅ,yes
ಬೃಹದಾಕಾರವನ್ನು,TODO,noun,ಉ,yes
ಲಲಿತಮಹಲ್,TODO,noun,ಲ,yes
ಮೇಟಗಳ್ಳಿ,TODO,noun,ಇ,yes
ಪುಟ್ಟಪ್ಪ,TODO,noun,ಅ,yes
ಕಲೆ,TODO,noun,ಎ,yes
ಕುರಿತದ್ದಾಗಿದೆ,TODO,noun,ಎ,yes
ಹಾಗು,TODO,noun,ಉ,yes
ಪ್ರದೇಶಗಳಿಂದ,TODO,noun,ಅ,yes
ಕಾಳಿ,TODO,noun,ಇ,yes
೩೬೦,TODO,noun,ಅ,yes
ರವಿ,TODO,noun,ಇ,yes
ಎಡಗೈಯ,TODO,noun,ಅ,yes
ಬಳ್ಳೇಶ್ವರ,TODO,noun,ಅ,yes
ಸರ್,TODO,noun,ರ,yes
ವಾಸ್ತುಶಿಲ್ಪದ,TODO,noun,ಅ,yes
ಕಾದಂಬರಿಕಾರ,TODO,noun,ಅ,yes
ಕಿ,TODO,noun,ಇ,yes
ಹೀಗೆ,TODO,noun,ಎ,yes
ಯಡತೊರೆ,TODO,noun,ಎ,yes
ಬೇಂದ್ರೆಯವರಿಂದ,TODO,noun,ಅ,yes
ದೇವಸ್ಥಾನವು,TODO,noun,ಉ,yes
ಯುಗದ,TODO,noun,ಅ,yes
೫೦,TODO,noun,ಅ,yes
ಪೂರ್ಣಗೊಳಿಸಿಲ್ಲ,TODO,noun,ಅ,yes
ಸೂರ್ಯ,TODO,noun,ಅ,yes
ಒಂದೆಡೆ,TODO,noun,ಎ,yes
ನೆಲೆಸಿದ್ದಾರೆ,TODO,noun,ಎ,yes
ಇತಿಹಾಸಕಾರರ,TODO,noun,ಅ,yes
ನಡೆಯುತ್ತದೆ,TODO,noun,ಎ,yes
ತೇರ್ಗಡೆ,TODO,noun,ಎ,yes
ಕ್ಕೆ,TODO,noun,ಎ,yes
ಉಡುಗೆ,TODO,noun,ಎ,yes
ಕೃತಿಗಳು,TODO,noun,ಉ,yes
ಕಳೆದ,TODO,noun,ಅ,yes
ಪ್ರಾಚೀನವಾಗಿದ್ದು,TODO,noun,ಉ,yes
ಮನೆಯವರ,TODO,noun,ಅ,yes
ಮದುಮಗಳು,TODO,noun,ಉ,yes
ಉದ್ದವಾಗಿದೆ,TODO,noun,ಎ,yes
ಬಡ,TODO,noun,ಅ,yes
ಶತಮಾನ,TODO,noun,ಅ,yes
ವಸ್ತುಗಳು,TODO,noun,ಉ,yes
ಸಂಪರ್ಕಿಸುತ್ತವಲ್ಲದೆ,TODO,noun,ಎ,yes
ಕೇರಳ,TODO,noun,ಅ,yes
ಆಶೆ,TODO,noun,ಎ,yes
ಎತ್ತರನೆಯ,TODO,noun,ಅ,yes
ವ್ಯವಸ್ಥೆಗಳನ್ನು,TODO,noun,ಉ,yes
ರಸ್ತೆ,TODO,noun,ಎ,yes
ತೃತೀಯ,TODO,noun,ಅ,yes
ಸಹ,TODO,noun,ಅ,yes
ಹೆಸರನ್ನು,TODO,noun,ಉ,yes
ಸುಶಿಕ್ಷಿತ,TODO,noun,ಅ,yes
ನಿರ್ಮಿಸಲ್ಪಟ್ಟಿದೆ,TODO,noun,ಎ,yes
ಪೂಜಿಸಿದ,TODO,noun,ಅ,yes
ಚಮತ್ಕಾರ,TODO,noun,ಅ,yes
ಕನಕದಾಸನಗರ,TODO,noun,ಅ,yes
ದಕ್ಷಿಣಕ್ಕೆ,TODO,noun,ಎ,yes
ಅದನ್ನು,TODO,noun,ಉ,yes
ಹಜಾರ,TODO,noun,ಅ,yes
ಸ್ವಾತಂತ್ರ್ಯಾನಂತರ,TODO,noun,ಅ,yes
ಹೈಸ್ಕೂಲಿನಲ್ಲಿ,TODO,noun,ಇ,yes
ದೌರ್ಜನ್ಯ,TODO,noun,ಅ,yes
ಭಂಗಿಯಲ್ಲಿದೆ,TODO,noun,ಎ,yes
ಸ್ಥಳೀಯರ,TODO,noun,ಅ,yes
ನೀಡುವ,TODO,noun,ಅ,yes
ರಂದು,TODO,noun,ಉ,yes
ಒಂದೆ,TODO,noun,ಎ,yes
ಪಠ್ಯಪುಸ್ತಕಗಳನ್ನು,TODO,noun,ಉ,yes
ಸಾಹಿತ್ಯದ,TODO,noun,ಅ,yes
ದಿನವನ್ನಾಗಿ,TODO,noun,ಇ,yes
ಜೀವನದ,TODO,noun,ಅ,yes
ಬೈಚಬಾಳ,TODO,noun,ಅ,yes
ಸೇತುವೆ,TODO,noun,ಎ,yes
ಸಂಪರ್ಕಿಸುತ್ತವೆ,TODO,noun,ಎ,yes
ಸೊಂಡಿಲು,TODO,noun,ಉ,yes
ಕುಪ್ಪಳಿಯಲ್ಲಿ,TODO,noun,ಇ,yes
ಇತ್ತೀಚಿನ,TODO,noun,ಅ,yes
ಚೆಲುವು,TODO,noun,ಉ,yes
ಸಾಧ್ಯವಾದಷ್ಟು,TODO,noun,ಉ,yes
ನಿರ್ಮಾಣವಾಗಿದ್ದು,TODO,noun,ಉ,yes
ರಂಗಮಂಟಪವು,TODO,noun,ಉ,yes
ಮಹಾನವಮಿ,TODO,noun,ಇ,yes
೨೬,TODO,noun,ಅ,yes
ಪಲ್ಲವ,TODO,noun,ಅ,yes
ಕಾರಂಜಿಗಳನ್ನು,TODO,noun,ಉ,yes
ಕೆಳಭಾಗದಲ್ಲಿದೆ,TODO,noun,ಎ,yes
ಪ್ರಗತಿಯಲ್ಲಿದೆ,TODO,noun,ಎ,yes
ಅನಿವಾರ್ಯವಾಗುತ್ತದೆ,TODO,noun,ಎ,yes
ಚಾಲುಕ್ಯ,TODO,noun,ಅ,yes
ಉಲ್ಲೇಖ,TODO,noun,ಅ,yes
ಕರ್ನಾಟಕವಾಯಿತು,TODO,noun,ಉ,yes
ದಶಕಗಳಲ್ಲಿ,TODO,noun,ಇ,yes
ದೇವಾಲಯವನ್ನು,TODO,noun,ಉ,yes
ರಚಿಸಲ್ಪಟ್ಟಿದೆ,TODO,noun,ಎ,yes
ಶ್ರೀರಾಮಪುರ,TODO,noun,ಅ,yes
ಪುಟ್ಟಪ್ಪನವರಂತೆ,TODO,noun,ಎ,yes
ಪಾಶ್ಚಿಮಾತ್ಯ,TODO,noun,ಅ,yes
ಪ್ರಧಾನ,TODO,noun,ಅ,yes
ದೇವಿಗೆ,TODO,noun,ಎ,yes
ಪಡೆದ,TODO,noun,ಅ,yes
ದೀಪನಗರ,TODO,noun,ಅ,yes
ದೂರದಲ್ಲಿದ್ದು,TODO,noun,ಉ,yes
ಸಾವಿರಾರು,TODO,noun,ಉ,yes
ಸೇರಿದ್ದಾರೆ,TODO,noun,ಎ,yes
ನಿ೦ದ,TODO,noun,ಅ,yes
ಬಗೆಯ,TODO,noun,ಅ,yes
ತುಂಬುವುದರ,TODO,noun,ಅ,yes
ಸರಸ್ವತಿ,TODO,noun,ಇ,yes
ಸ್ಪಷ್ಟವಾಗಿ,TODO,noun,ಇ,yes
ಒಂದನೆ,TODO,noun,ಎ,yes
ನಿಂತಿವೆ,TODO,noun,ಎ,yes
ದೀಪಗಳಿಂದ,TODO,noun,ಅ,yes
ಸಂಸ್ಕೃತಿಯನ್ನು,TODO,noun,ಉ,yes
ಕರ್ನಾಟಕ,TODO,noun,ಅ,yes
ಗಳನ್ನು,TODO,noun,ಉ,yes
ಪುರಾಣದ,TODO,noun,ಅ,yes
ಭಾಷೆಯೂ,TODO,noun,ಊ,yes
ಜೆ,TODO,noun,ಎ,yes
ಕಾವೇರಿ,TODO,noun,ಇ,yes
ಎರಡನೆಯ,TODO,noun,ಅ,yes
ಮಹಾಲಕ್ಷ್ಮೀ,TODO,noun,ಈ,yes
ಇಂದಿನವರೆಗೂ,TODO,noun,ಊ,yes
ಮಸಣಿಕಮ್ಮ,TODO,noun,ಅ,yes
ಇವುಗಳು,TODO,noun,ಉ,yes
ಚಾರ್ನೊಕೈಟ್,TODO,noun,ಟ,yes
ಕಷ್ಟ,TODO,noun,ಅ,yes
ಗುಲ್ಬರ್ಗಾದ,TODO,noun,ಅ,yes
ಸಃ,TODO,noun,ಃ,yes
ನಂಬಲಾಗಿದೆ,TODO,noun,ಎ,yes
ಅಭಯಾರಣ್ಯ,TODO,noun,ಅ,yes
೨೦೦೪,TODO,noun,ಅ,yes
ಬೆಂಗಳೂರಿನ,TODO,noun,ಅ,yes
ನೇತ್ರಗಳನ್ನು,TODO,noun,ಉ,yes
ಜಾನಪದ,TODO,noun,ಅ,yes
ಶೈಲಿಯಲ್ಲಿ,TODO,noun,ಇ,yes
ಅದೇ,TODO,noun,ಏ,yes
ಬಾಳಿ,TODO,noun,ಇ,yes
ಬಿಜಾಪುರದಿಂದ,TODO,noun,ಅ,yes
ವಿಮರ್ಶೆ,TODO,noun,ಎ,yes
ಬೃಹತ್,TODO,noun,ತ,yes
ಕಾಲುವೆಯ,TODO,noun,ಅ,yes
ಒಬ್ಬರು,TODO,noun,ಉ,yes
ಎಂಟು,TODO,noun,ಉ,yes
ಮೊರ್ಟಾರ್,TODO,noun,ರ,yes
ಜನರಿದ್ದಾರೆ,TODO,noun,ಎ,yes
ವರ್ಣ,TODO,noun,ಅ,yes
ನಡೆಯಿತು,TODO,noun,ಉ,yes
ಮಂಗಳೂರು,TODO,noun,ಉ,yes
ಮೈಲಿ,TODO,noun,ಇ,yes
ಕೋಟಿಗಿಂತ,TODO,noun,ಅ,yes
ಮದ್ದೂರಮ್ಮ,TODO,noun,ಅ,yes
ಅತಿಶಯ,TODO,noun,ಅ,yes
ವೊದಲಾದ,TODO,noun,ಅ,yes
ಸ್ಥಳಕ್ಕೆ,TODO,noun,ಎ,yes
ಕರೆದಿರುವ,TODO,noun,ಅ,yes
ಕನ್ನೇಗೌಡನ,TODO,noun,ಅ,yes
ನೀಡಿ,TODO,noun,ಇ,yes
ಅರಮನೆ,TODO,noun,ಎ,yes
ಮುಖ್ಯ,TODO,noun,ಅ,yes
ಬುದ್ಧಿಜೀವಿಗಳಂತೆ,TODO,noun,ಎ,yes
ಬೆಳೆದುಕೊಂಡು,TODO,noun,ಉ,yes
ತೇಜಸ್ವಿ,TODO,noun,ಇ,yes
ನಗರವನ್ನು,TODO,noun,ಉ,yes
ಅಡಿಗರು,TODO,noun,ಉ,yes
ಧ್ಯಾನಶೀಲರು,TODO,noun,ಉ,yes
ಸಂಪೂರ್ಣವಾಗಿ,TODO,noun,ಇ,yes
ನಂತರದ,TODO,noun,ಅ,yes
ಹೋದಳು,TODO,noun,ಉ,yes
ಸನಿಹದಲ್ಲಿ,TODO,noun,ಇ,yes
ದ್ವಾಪರವಾಗುವುದು,TODO,noun,ಉ,yes
ಪಡೆದಿವೆ,TODO,noun,ಎ,yes
ಭಾರತೀಯ,TODO,noun,ಅ,yes
ಭವ್ಯ,TODO,noun,ಅ,yes
ಅವನ,TODO,noun,ಅ,yes
ಮಹಿಳೆಯಿಂದ,TODO,noun,ಅ,yes
ಸಂಸ್ಥಾನದ,TODO,noun,ಅ,yes
ಇದೆ,TODO,noun,ಎ,yes
ಆರಾಧನೆಯನ್ನು,TODO,noun,ಉ,yes
ಕೊಠಡಿಯನ್ನು,TODO,noun,ಉ,yes
ಧಾರ್ಮಿಕ,TODO,noun,ಅ,yes
ತೆಗೆದುಕೊಂಡು,TODO,noun,ಉ,yes
ಅವುಗಳಲ್ಲಿ,TODO,noun,ಇ,yes
ಭಕ್ತರು,TODO,noun,ಉ,yes
ಕಾಲೇಜಿನ,TODO,noun,ಅ,yes
ಪ್ರತ್ಯಯ,TODO,noun,ಅ,yes
ಜನಪ್ರಿಯವಾಗಿ,TODO,noun,ಇ,yes
ತ್ರಿವೇಣಿ,TODO,noun,ಇ,yes
ಕೃಷ್ಣರಾಜ,TODO,noun,ಅ,yes
ನೆಮ್ಮದಿಯಾದಂಥ,TODO,noun,ಅ,yes
ಎತ್ತರದಲ್ಲಿದೆ,TODO,noun,ಎ,yes
ದಾವಣಗೆರೆ,TODO,noun,ಎ,yes
೬೦,TODO,noun,ಅ,yes
ನೇರವಾಗಿ,TODO,noun,ಇ,yes
ಆದಿಚುಂಚನಗಿರಿ,TODO,noun,ಇ,yes
ಆಧುನಿಕ,TODO,noun,ಅ,yes
ಶರಣಬಸವೇಶ್ವರ,TODO,noun,ಅ,yes
ಮೂಡಲಪಾಳ್ಯದ,TODO,noun,ಅ,yes
ಪ್ರಸಿದ್ಧವಾಗಿದೆ,TODO,noun,ಎ,yes
ಕಂಡಾಗ,TODO,noun,ಅ,yes
ಪ್ರತಿಭಟಿಸಿದ,TODO,noun,ಅ,yes
ಸಮಸ್ತ,TODO,noun,ಅ,yes
ಕೋಟಿಗೂ,TODO,noun,ಊ,yes
ಬೃಂದಾವನ,TODO,noun,ಅ,yes
ಸಾಹಿತ್ಯದಲ್ಲಿ,TODO,noun,ಇ,yes
ಅಂಶಗಳಲ್ಲಿ,TODO,noun,ಇ,yes
ಅವಧಿಯಲ್ಲಿ,TODO,noun,ಇ,yes
ಉಚ್ಚವರ್ಣದ,TODO,noun,ಅ,yes
ಎಲ್,TODO,noun,ಲ,yes
ಜ್ವಾಲಾಮುಖಿ,TODO,noun,ಇ,yes
ಇದರಲ್ಲಿ,TODO,noun,ಇ,yes
ಕಲ್ಲು,TODO,noun,ಉ,yes
ರೂಪವನ್ನು,TODO,noun,ಉ,yes
ಕಾನೂರು,TODO,noun,ಉ,yes
ತೊಡುಗೆ,TODO,noun,ಎ,yes
ಪ್ರಕಾರದ,TODO,noun,ಅ,yes
ಗ್ರಾಮದೇವತೆ,TODO,noun,ಎ,yes
ರಕ್ಕಸರನ್ನು,TODO,noun,ಉ,yes
ಸ್ಪರ್ಶವಿದೆ,TODO,noun,ಎ,yes
ನೆನಪಿಗೆ,TODO,noun,ಎ,yes
ತುಳುನಾಡಿನ,TODO,noun,ಅ,yes
ಸಮಯದಲ್ಲಿ,TODO,noun,ಇ,yes
ಕಾಲಾಕ್ರಮೇಣವಾಗಿ,TODO,noun,ಇ,yes
ತಪಸ್ವಿ,TODO,noun,ಇ,yes
ಒಟ್ಟು,TODO,noun,ಉ,yes
ಸಂಸ್ಕೃತ,TODO,noun,ಅ,yes
ಸೇರ್ಪಡೆಗೊಂಡಿವೆ,TODO,noun,ಎ,yes
ಸಮಯಕ್ಕೆ,TODO,noun,ಎ,yes
ಬುದ್ಧವಿಹಾರ,TODO,noun,ಅ,yes
ಅರ್ಥ,TODO,noun,ಅ,yes
ಭೇಟಿ,TODO,noun,ಇ,yes
ಸುಣ್ಣದ,TODO,noun,ಅ,yes
ಸವದತ್ತಿ,TODO,noun,ಇ,yes
ಅಲ್ಲ,TODO,noun,ಅ,yes
ನರಸಿಂಹನ,TODO,noun,ಅ,yes
ದೋಷಗಳನ್ನು,TODO,noun,ಉ,yes
ಕ್ರಾಂತಿಯ,TODO,noun,ಅ,yes
ಪೂರ್ಣಗೊಳಿಸಲಾಯಿತೆಂದು,TODO,noun,ಉ,yes
ಕಟ್ಟಿದ್ದಾರೆ,TODO,noun,ಎ,yes
ಆಸಕ್ತ,TODO,noun,ಅ,yes
ಯೋಜನೆ,TODO,noun,ಎ,yes
ಸೀತಮ್ಮ,TODO,noun,ಅ,yes
ಎರಡು,TODO,noun,ಉ,yes
ರಲ್ಲಿ,TODO,noun,ಇ,yes
ಪ್ರಥಮ,TODO,noun,ಅ,yes
ಮಹಿಷ,TODO,noun,ಅ,yes
ಅವರದು,TODO,noun,ಉ,yes
ಕಾಮಾಕ್ಷಿ,TODO,noun,ಇ,yes
ಎಂದರ್ಥ,TODO,noun,ಅ,yes
ಸಚೇತನಗೊಳಿಸುತ್ತಿದೆ,TODO,noun,ಎ,yes
ಅಂತ್ಯಗೊಂಡಿತು,TODO,noun,ಉ,yes
ವಿವರಗಳನ್ನು,TODO,noun,ಉ,yes
ಹೀಗಾಗಿ,TODO,noun,ಇ,yes
ದೇವಿ,TODO,noun,ಇ,yes
ದಾಖಲಿಸಿದೆ,TODO,noun,ಎ,yes
ಪಕ್ಷಿಗಳ,TODO,noun,ಅ,yes
ಅಂದಿನ,TODO,noun,ಅ,yes
ಭಾಗವು,TODO,noun,ಉ,yes
ಬೆಳೆಸಿದರು,TODO,noun,ಉ,yes
ಉದ್ದಕ್ಕೂ,TODO,noun,ಊ,yes
ಮೈಸೂರಿನಿಂದ,TODO,noun,ಅ,yes
ಆದರಾತಿಥ್ಯವು,TODO,noun,ಉ,yes
ಯಾವ,TODO,noun,ಅ,yes
ಬಂದದ್ದು,TODO,noun,ಉ,yes
ರಾಜ್ಯವು,TODO,noun,ಉ,yes
ಸಮುದ್ರಮಟ್ಟಕ್ಕಿಂತ,TODO,noun,ಅ,yes
ಮೂಡಿ,TODO,noun,ಇ,yes
ವಾದ,TODO,noun,ಅ,yes
ಗಾಂಧಿನಗರ,TODO,noun,ಅ,yes
ಪ್ರಕಟಿಸಿತು,TODO,noun,ಉ,yes
ಬಾದಾಮಿ,TODO,noun,ಇ,yes
ಹತ್ತಿರದ,TODO,noun,ಅ,yes
ಅಮರೇಶ,TODO,noun,ಅ,yes
ಭತ್ತಿಲಿಂಗೇಶ್ದವರ,TODO,noun,ಅ,yes
ಅದಕ್ಕವಳು,TODO,noun,ಉ,yes
ಊಡುಗೋರೆ,TODO,noun,ಎ,yes
ವೈಭವಯುತವಾಗಿ,TODO,noun,ಇ,yes
ಸರ್ಕಾರ,TODO,noun,ಅ,yes
ದೂರದಲ್ಲಿರುವ,TODO,noun,ಅ,yes
ಸುಲಭವಾಗಿ,TODO,noun,ಇ,yes
ತಡೆಯದೆ,TODO,noun,ಎ,yes
ಮೀಮಾಂಸೆಯ,TODO,noun,ಅ,yes
ಕಟ್ಟಡಗಳು,TODO,noun,ಉ,yes
ಆಕೆಯ,TODO,noun,ಅ,yes
ಸ್ಥಳಿಯ,TODO,noun,ಅ,yes
ಈತ,TODO,noun,ಅ,yes
ತಂದುಕೊಡುತ್ತಿದೆ,TODO,noun,ಎ,yes
ನೆಲೆಬೀಡಾಗಿತ್ತು,TODO,noun,ಉ,yes
ತಾಲ್ಲೂಕಿನ,TODO,noun,ಅ,yes
ನಿರಾಶಾವಾದಿ,TODO,noun,ಇ,yes
ಕೇಂದ್ರ,TODO,noun,ಅ,yes
ಅಷ್ಟಲಕ್ಷ್ಮೀಯರ,TODO,noun,ಅ,yes
ವೈಟ್,TODO,noun,ಟ,yes
೧೫೬೫ರವರೆಗೆ,TODO,noun,ಎ,yes
ಎಂದೂ,TODO,noun,ಊ,yes
ಅಂಗಳ,courtyard,noun,ಅ,yes
ಸೂರ್ಯ,sun,noun,ಅ,yes
ಉದಯ,rise,noun,ಅ,yes
ದೇವ,god,noun,ಅ,yes
ಇಂದ್ರ,Indra,noun,ಇ,yes
ಹೊಸ್,new,adjective,್,yes
ಗನ್ನಡ,Kannada,noun,ಅ,yes
ಮಳೆ,rain,noun,ಎ,yes
ಗಾಲ,season,noun,ಅ,yes
